host_is_superhost,host_listings_count,host_has_profile_pic,host_identity_verified,room_type_Hotel room,room_type_Private room,room_type_Shared room,accommodates_2,accommodates_3,accommodates_4,accommodates_5,accommodates_6,accommodates_7,bathrooms,bedrooms,beds,minimum_nights,maximum_nights,availability_365,number_of_reviews,estimated_occupancy_l365d,review_scores_rating,review_scores_accuracy,review_scores_cleanliness,review_scores_checkin,review_scores_communication,review_scores_location,review_scores_value,calculated_host_listings_count,reviews_per_month,has_reviews,host_user_total_months,host_host_total_months,dist_centro_km,price
1,2.0,1,1,0,1,0,1,0,0,0,0,0,1.0,1.0,1.0,1.0,730.0,11,799,255,4.86,4.89,4.84,4.94,4.94,4.93,4.83,2,4.15,1,193.0,185.0,0.10830434737575566,94.0
1,6.0,1,1,0,0,0,1,0,0,0,0,0,1.0,1.0,1.0,3.0,1125.0,3,186,39,4.88,4.81,4.88,4.89,4.89,4.95,4.59,4,0.96,1,190.0,185.0,1.6825173828949065,313.67
1,1.0,1,1,0,0,0,0,1,0,0,0,0,1.0,2.0,2.0,2.0,1125.0,278,656,255,4.94,4.93,4.94,4.96,4.97,4.98,4.79,1,3.45,1,189.0,185.0,1.4653419747016592,440.27
0,1.0,1,1,0,0,0,0,0,1,0,0,0,1.5,2.0,4.0,1.0,1125.0,252,187,109,4.86,4.9,4.82,4.83,4.77,4.67,4.75,1,0.98,1,189.0,185.0,2.719092724524669,574.67
1,1.0,1,1,0,0,0,1,0,0,0,0,0,1.0,1.0,1.0,1.0,365.0,242,631,255,4.86,4.88,4.82,4.85,4.84,4.93,4.8,1,3.35,1,189.0,185.0,0.46182642504128724,154.06
0,1.0,1,1,0,0,0,1,0,0,0,0,0,1.0,1.0,1.0,3.0,3.0,19,39,8,4.89,4.92,4.89,5.0,4.89,4.63,4.55,1,0.21,1,186.0,185.0,2.836343161544064,289.33
1,1.0,1,1,0,1,0,1,0,0,0,0,0,1.0,1.0,1.0,1.0,1125.0,42,334,255,4.8,4.84,4.66,4.85,4.89,4.9,4.57,1,1.84,1,182.0,182.0,1.1399888691410636,269.0
0,2.0,1,1,0,1,0,1,0,0,0,0,0,1.0,1.0,2.0,2.0,8.0,278,447,255,4.69,4.74,4.88,4.72,4.78,4.48,4.57,2,2.46,1,190.0,185.0,4.197999472504898,85.59
0,2.0,1,1,0,0,0,0,0,1,0,0,0,2.0,3.0,3.0,2.0,1125.0,71,119,62,4.7,4.77,4.62,4.93,4.88,4.82,4.55,1,0.68,1,180.0,180.0,2.0709046770565034,433.5
0,1.0,1,1,0,0,0,0,0,1,0,0,0,1.0,3.0,4.0,3.0,14.0,169,21,31,4.53,4.47,3.74,4.84,5.0,4.63,4.47,1,0.12,1,179.0,179.0,4.793467140572809,373.0
1,2.0,1,1,0,0,0,0,1,0,0,0,0,1.5,2.0,2.0,6.0,1125.0,258,40,48,4.6,4.76,4.47,4.84,4.87,4.74,4.43,2,0.22,1,178.0,178.0,2.6695616621390332,462.33
0,2.0,1,1,0,1,0,1,0,0,0,0,0,1.0,1.0,1.0,2.0,1125.0,78,502,255,4.67,4.71,4.8,4.84,4.87,4.55,4.49,2,2.78,1,178.0,178.0,2.3962497543788066,130.67
1,1.0,1,1,0,0,0,0,0,1,0,0,0,1.0,1.0,3.0,2.0,1125.0,273,457,255,4.82,4.87,4.84,4.94,4.97,4.94,4.68,1,2.55,1,178.0,178.0,0.9737268756768365,330.0
1,1.0,1,1,0,1,0,1,0,0,0,0,0,1.0,1.0,1.0,2.0,1125.0,248,786,255,4.97,4.97,4.98,4.99,4.98,4.96,4.89,1,4.37,1,178.0,178.0,0.87021210962937,190.33
0,1.0,1,1,0,0,0,0,0,1,0,0,0,1.5,2.0,2.0,4.0,365.0,17,23,0,4.73,4.74,4.48,4.96,5.0,4.87,4.52,1,0.13,1,178.0,176.0,1.5943265967655718,416.75
1,4.0,1,1,0,0,0,0,0,1,0,0,0,1.5,2.0,3.0,2.0,180.0,294,305,255,4.89,4.93,4.93,4.92,4.93,4.98,4.72,1,1.77,1,177.0,170.0,0.2702347665288949,459.0
0,3.0,1,1,0,1,0,1,0,0,0,0,0,1.0,1.0,1.0,2.0,31.0,297,105,187,4.92,4.96,4.96,4.94,4.91,4.9,4.78,3,0.78,1,175.0,175.0,1.344765668691694,223.0
1,2.0,1,1,0,1,0,0,0,1,0,0,0,1.0,2.0,2.0,2.0,30.0,282,308,255,4.89,4.9,4.91,4.92,4.9,4.84,4.65,1,1.79,1,175.0,175.0,2.5593933976638734,262.47
1,2.0,1,1,0,1,0,1,0,0,0,0,0,1.0,1.0,1.0,1.0,1125.0,78,434,211,4.92,4.96,4.93,4.94,4.92,4.93,4.81,2,2.48,1,174.0,174.0,1.1746095013775575,211.0
1,2.0,1,1,0,1,0,1,0,0,0,0,0,1.0,1.0,1.0,1.0,1125.0,81,505,148,4.86,4.92,4.91,4.93,4.9,4.92,4.77,2,2.9,1,174.0,174.0,1.1746095013775575,211.0
1,1.0,1,1,0,1,0,1,0,0,0,0,0,1.0,1.0,1.0,3.0,1125.0,336,303,164,4.88,4.94,4.8,4.93,4.92,4.81,4.72,1,1.72,1,173.0,173.0,2.342657980697418,135.8
1,1.0,1,1,0,0,0,1,0,0,0,0,0,1.0,1.0,1.0,1.0,1125.0,257,438,255,4.78,4.78,4.74,4.86,4.86,4.87,4.61,1,2.53,1,187.0,185.0,0.6256987145153858,125.53
0,1.0,1,1,0,0,0,1,0,0,0,0,0,1.0,1.0,1.0,5.0,15.0,358,104,60,4.8,4.76,4.81,4.91,4.93,4.93,4.65,1,0.6,1,173.0,173.0,0.9582377283279986,409.8
1,1.0,1,1,0,1,0,0,0,1,0,0,0,1.5,1.0,6.0,1.0,30.0,112,842,255,4.95,4.92,4.93,4.99,4.99,4.92,4.83,1,4.85,1,172.0,172.0,1.2324211562198903,383.0
0,1.0,1,1,0,0,0,0,0,1,0,0,0,2.0,4.0,5.0,3.0,21.0,17,38,23,4.89,4.92,4.74,4.95,4.92,4.86,4.76,1,0.25,1,172.0,172.0,2.3106763900873366,593.67
1,1.0,1,1,0,1,0,1,0,0,0,0,0,1.0,1.0,1.0,1.0,1125.0,264,620,255,4.89,4.88,4.86,4.97,4.97,4.9,4.75,1,3.61,1,172.0,172.0,1.7301490070893062,137.0
1,1.0,1,1,0,0,0,0,0,1,0,0,0,1.0,4.0,2.0,1.0,1125.0,7,148,78,4.87,4.89,4.83,4.93,4.96,4.94,4.73,1,0.86,1,171.0,171.0,0.9847893718256399,588.0
0,1.0,1,1,0,0,0,1,0,0,0,0,0,1.0,1.0,1.0,2.0,1125.0,178,112,0,4.58,4.65,4.23,4.58,4.79,4.56,4.32,1,0.65,1,171.0,171.0,1.580522016124514,377.0
1,1.0,1,1,0,1,0,1,0,0,0,0,0,1.5,1.0,1.0,2.0,60.0,158,588,242,4.79,4.85,4.78,4.87,4.91,4.93,4.68,1,3.4,1,171.0,171.0,0.43778225235540913,274.0
0,1.0,1,1,0,0,0,1,0,0,0,0,0,1.0,1.0,1.0,3.0,4.0,341,26,23,5.0,4.96,4.88,4.96,5.0,5.0,4.81,1,0.2,1,171.0,171.0,0.8797299358553202,465.67
0,1.0,1,1,0,1,0,1,0,0,0,0,0,1.0,1.0,1.0,2.0,1125.0,126,94,0,4.66,4.66,4.53,4.75,4.57,4.85,4.43,1,0.55,1,171.0,171.0,1.7787995553223395,381.5
0,2.0,1,1,0,0,0,0,0,1,0,0,0,1.5,3.0,4.0,5.0,30.0,26,2,20,5.0,5.0,5.0,5.0,5.0,5.0,5.0,1,0.26,1,170.0,170.0,1.7697863715279059,420.0
0,1.0,1,1,0,0,0,1,0,0,0,0,0,1.0,1.0,1.0,1.0,30.0,25,13,0,4.85,4.85,4.69,4.85,4.92,4.69,4.77,1,0.1,1,170.0,170.0,3.456623508052479,269.0
0,1.0,1,1,0,0,0,0,0,1,0,0,0,1.0,3.0,2.0,3.0,1125.0,9,45,16,4.64,4.69,4.44,4.84,4.84,4.76,4.62,1,0.27,1,169.0,169.0,3.7019046832668385,233.0
1,1.0,1,1,0,1,0,0,1,0,0,0,0,1.0,2.0,3.0,1.0,1125.0,178,607,187,4.82,4.86,4.88,4.94,4.93,4.75,4.68,1,3.54,1,169.0,169.0,2.2795678997205733,108.67
1,2.0,1,1,0,0,0,0,0,1,0,0,0,1.0,2.0,3.0,1.0,1125.0,262,374,255,4.78,4.77,4.76,4.78,4.79,4.95,4.58,2,2.24,1,169.0,169.0,0.8219548874867092,456.67
0,1.0,1,1,0,0,0,0,0,1,0,0,0,1.0,3.0,4.0,3.0,30.0,135,61,0,4.74,4.85,4.72,4.9,4.97,4.93,4.49,1,0.37,1,172.0,172.0,0.3637998367698245,574.67
0,1.0,1,1,0,0,0,0,0,1,0,0,0,1.0,2.0,3.0,2.0,7.0,36,62,0,4.74,4.72,4.66,4.82,4.9,4.81,4.34,1,0.36,1,168.0,168.0,1.2739320743678082,585.0
0,1.0,1,1,0,1,0,0,0,1,0,0,0,1.5,1.0,2.0,2.0,10.0,297,1,0,5.0,5.0,5.0,5.0,5.0,4.0,4.0,1,0.01,1,168.0,168.0,7.971663595347005,285.5
1,1.0,1,1,0,0,0,0,0,1,0,0,0,1.0,1.0,1.0,3.0,365.0,240,354,255,4.91,4.88,4.8,4.96,4.96,4.95,4.8,1,2.09,1,168.0,168.0,0.9990233900926015,279.67
0,1.0,1,1,0,0,0,0,0,1,0,0,0,1.5,2.0,5.0,2.0,22.0,154,109,55,4.38,4.52,4.09,4.74,4.58,4.66,4.16,1,0.64,1,168.0,168.0,3.1486706929091084,217.0
0,1.0,1,1,0,0,0,1,0,0,0,0,0,1.0,1.0,1.0,1.0,1125.0,81,34,23,4.88,4.91,4.82,4.88,4.88,4.88,4.71,1,0.2,1,168.0,167.0,1.2693124203806492,477.67
0,1.0,1,1,0,1,0,1,0,0,0,0,0,1.5,1.0,1.0,2.0,30.0,260,381,255,4.88,4.89,4.86,4.92,4.88,4.79,4.74,1,3.23,1,168.0,116.0,2.7106587005576674,157.0
0,1.0,1,1,0,0,0,0,0,1,0,0,0,1.0,2.0,2.0,1.0,1125.0,5,64,16,4.59,4.56,4.48,4.8,4.72,4.67,4.42,1,0.48,1,167.0,167.0,1.9091224630622141,503.0
0,1.0,1,1,0,0,0,1,0,0,0,0,0,1.5,1.0,1.0,2.0,30.0,166,162,0,4.41,4.39,4.34,4.83,4.88,4.62,4.39,1,0.99,1,180.0,167.0,2.377501024572145,151.5
0,2.0,1,1,0,0,0,1,0,0,0,0,0,1.0,1.0,1.0,3.0,30.0,17,28,0,4.62,4.75,4.54,4.71,4.96,4.57,4.5,2,0.17,1,167.0,167.0,3.7842040362323472,170.33
0,1.0,1,1,0,0,0,0,1,0,0,0,0,1.0,2.0,2.0,1.0,31.0,32,108,0,4.82,4.75,4.57,4.87,4.88,4.92,4.64,1,0.64,1,167.0,167.0,0.9007527227264238,320.0
1,1.0,1,1,0,1,0,1,0,0,0,0,0,1.5,1.0,2.0,4.0,30.0,257,411,120,4.88,4.92,4.94,4.95,4.92,4.85,4.8,1,2.43,1,168.0,167.0,2.506981322087724,123.25
0,1.0,1,1,0,0,0,0,0,1,0,0,0,1.5,3.0,2.0,3.0,30.0,9,40,0,4.75,4.85,4.64,4.85,4.78,4.9,4.49,1,0.24,1,167.0,167.0,1.0567813701890625,361.67
0,1.0,1,1,0,0,0,0,0,0,0,1,0,1.5,3.0,1.0,4.0,28.0,19,13,8,4.77,4.92,4.77,4.62,5.0,4.38,4.46,1,0.08,1,167.0,167.0,3.2322277571754414,290.4
0,4.0,1,1,0,0,0,0,0,0,0,1,0,1.0,3.0,6.0,2.0,90.0,188,421,255,4.58,4.67,4.65,4.79,4.66,4.8,4.41,2,3.05,1,172.0,172.0,1.6090932885108993,498.0
0,1.0,1,1,0,0,0,0,0,1,0,0,0,1.0,4.0,4.0,7.0,14.0,16,10,28,4.89,4.7,5.0,5.0,4.9,4.8,4.8,1,0.06,1,167.0,167.0,3.1264015569968873,304.86
0,1.0,1,1,0,0,0,0,0,1,0,0,0,2.0,4.0,1.0,2.0,21.0,85,33,31,4.94,4.91,4.73,4.94,5.0,4.61,4.64,1,0.2,1,167.0,167.0,3.4101002765803905,514.0
0,1.0,1,1,0,0,0,0,0,1,0,0,0,1.5,3.0,4.0,1.0,30.0,361,75,23,4.81,4.88,4.71,4.96,4.95,4.53,4.71,1,0.45,1,168.0,167.0,7.883399189665853,621.0
1,1.0,1,1,0,1,0,1,0,0,0,0,0,1.0,1.0,1.0,1.0,365.0,296,688,255,4.81,4.81,4.85,4.9,4.88,4.72,4.62,1,4.32,1,166.0,166.0,1.6359768254364917,175.0
1,2.0,1,1,0,1,0,1,0,0,0,0,0,1.0,1.0,1.0,1.0,1125.0,37,1088,255,4.79,4.86,4.81,4.95,4.94,4.92,4.71,2,6.46,1,166.0,166.0,1.655667075773818,136.94
0,9.0,1,1,0,1,0,1,0,0,0,0,0,1.0,1.0,1.0,2.0,1125.0,167,415,0,4.86,4.81,4.81,4.91,4.9,4.78,4.79,6,2.47,1,166.0,166.0,6.93638964395137,99.5
0,1.0,1,1,0,0,0,1,0,0,0,0,0,1.0,1.0,1.0,3.0,30.0,90,34,0,4.97,4.88,4.94,4.97,5.0,4.76,4.68,1,0.2,1,167.0,165.0,2.6697874258678485,287.33
0,1.0,1,1,0,0,0,0,0,1,0,0,0,3.0,3.0,2.0,3.0,14.0,20,42,47,4.98,4.88,4.88,4.95,4.98,4.98,4.88,1,0.25,1,167.0,166.0,1.7330746125802243,528.0
1,2.0,1,1,0,1,0,1,0,0,0,0,0,1.0,1.0,1.0,1.0,1125.0,39,759,255,4.89,4.92,4.87,4.97,4.98,4.94,4.76,2,4.5,1,166.0,166.0,1.655667075773818,166.0
1,2.0,1,1,0,1,0,1,0,0,0,0,0,1.0,1.0,1.0,1.0,1125.0,157,1088,255,4.89,4.88,4.92,4.95,4.96,4.94,4.82,2,6.5,1,166.0,165.0,0.6128704227776948,155.5
1,2.0,1,1,0,1,0,1,0,0,0,0,0,1.0,1.0,1.0,1.0,1125.0,140,1023,255,4.91,4.88,4.94,4.96,4.97,4.96,4.82,2,6.12,1,166.0,165.0,0.5322093274169482,152.8
0,1.0,1,1,0,0,0,0,0,0,1,0,0,2.0,4.0,6.0,2.0,30.0,105,45,23,4.84,4.76,4.36,4.91,4.93,4.84,4.82,1,0.27,1,165.0,165.0,3.206366781730008,711.33
0,1.0,1,1,0,0,0,1,0,0,0,0,0,1.5,1.0,1.0,5.0,120.0,350,55,90,4.98,4.91,4.94,4.98,5.0,4.91,4.87,1,0.35,1,165.0,165.0,5.751421442911714,191.8
1,1.0,1,1,0,1,0,1,0,0,0,0,0,1.0,1.0,1.0,1.0,14.0,197,836,255,4.71,4.79,4.63,4.91,4.93,4.75,4.56,1,5.78,1,169.0,142.0,2.436765390398679,108.41
0,3.0,1,1,0,1,0,1,0,0,0,0,0,1.0,1.0,2.0,2.0,1125.0,101,450,148,4.82,4.88,4.87,4.92,4.94,4.54,4.64,2,2.69,1,165.0,165.0,3.935205569805514,131.5
0,1.0,1,1,0,0,0,1,0,0,0,0,0,1.0,1.0,1.0,1.0,30.0,4,175,8,4.72,4.83,4.65,4.78,4.84,4.67,4.61,1,1.07,1,164.0,163.0,1.4834569595029803,177.0
1,1.0,1,1,0,0,0,0,0,1,0,0,0,1.0,4.0,2.0,3.0,1125.0,9,157,62,4.9,4.92,4.72,4.95,4.97,4.95,4.76,1,0.95,1,164.0,164.0,0.8046064074039351,627.67
0,1.0,1,1,0,0,0,1,0,0,0,0,0,1.0,1.0,1.0,6.0,14.0,110,110,60,4.72,4.77,4.21,4.92,4.89,4.91,4.57,1,0.66,1,164.0,163.0,1.5481301369097524,228.33
1,2.0,1,1,0,1,0,1,0,0,0,0,0,1.0,1.0,1.0,1.0,1125.0,75,236,250,4.7,4.78,4.65,4.87,4.82,4.85,4.54,2,2.11,1,164.0,164.0,0.8388815000543169,229.0
0,2.0,1,1,0,1,0,1,0,0,0,0,0,1.0,1.0,1.0,3.0,90.0,8,461,62,4.75,4.83,4.78,4.89,4.86,4.75,4.64,1,2.79,1,166.0,164.0,1.579886745726394,126.0
0,1.0,1,1,0,0,0,0,0,1,0,0,0,1.5,2.0,4.0,5.0,30.0,18,14,0,5.0,4.93,4.86,4.86,5.0,4.86,4.86,1,0.09,1,164.0,162.0,2.281103271228548,353.8
1,1.0,1,1,0,0,0,1,0,0,0,0,0,1.0,1.0,1.0,1.0,7.0,210,407,255,4.93,4.93,4.99,4.94,4.93,4.89,4.81,1,2.46,1,165.0,163.0,1.7208596966039815,160.0
1,2.0,1,1,0,0,0,0,0,1,0,0,0,1.0,1.0,3.0,1.0,250.0,179,567,255,4.95,4.95,4.96,4.98,4.97,4.97,4.79,1,3.49,1,163.0,163.0,1.1819122161168667,325.0
1,1.0,1,1,0,1,0,1,0,0,0,0,0,1.5,1.0,2.0,2.0,1125.0,141,438,255,4.95,4.95,4.94,4.94,4.97,4.94,4.86,1,2.82,1,163.0,163.0,1.13307491960278,230.67
0,1.0,1,1,0,0,0,0,0,1,0,0,0,1.0,3.0,3.0,3.0,6.0,10,18,8,4.89,5.0,4.89,5.0,4.89,4.94,4.61,1,0.12,1,165.0,165.0,2.6387044055892397,399.67
0,1.0,1,1,0,0,0,1,0,0,0,0,0,1.0,1.0,1.0,3.0,1125.0,67,88,31,4.84,4.92,4.89,4.93,4.93,4.85,4.76,1,0.57,1,164.0,153.0,2.4021193560496843,405.33
1,2.0,1,1,0,1,0,1,0,0,0,0,0,1.5,1.0,1.0,1.0,14.0,195,983,255,4.91,4.89,4.92,4.93,4.92,4.96,4.8,2,7.05,1,169.0,169.0,1.0574200283351243,189.0
0,2.0,1,1,0,1,0,1,0,0,0,0,0,1.0,1.0,1.0,2.0,8.0,280,406,255,4.63,4.66,4.88,4.75,4.78,4.44,4.44,2,2.54,1,190.0,185.0,4.134799056795101,90.16
1,1.0,1,1,0,1,0,1,0,0,0,0,0,1.0,1.0,1.0,2.0,31.0,345,587,255,4.6,4.54,4.62,4.76,4.81,4.93,4.48,1,3.55,1,163.0,163.0,0.7398526615352493,188.7
0,1.0,1,1,0,0,0,0,0,1,0,0,0,1.0,3.0,3.0,1.0,10.0,84,68,23,4.71,4.85,4.69,4.78,4.81,4.94,4.54,1,0.41,1,163.0,162.0,0.49736974917824756,742.0
1,1.0,1,1,0,1,0,1,0,0,0,0,0,1.0,1.0,1.0,1.0,1125.0,300,464,172,4.78,4.84,4.65,4.88,4.76,4.94,4.63,1,2.86,1,162.0,161.0,0.6597307008764057,269.0
0,1.0,1,1,0,0,0,0,0,1,0,0,0,1.0,2.0,2.0,4.0,14.0,129,18,0,4.83,4.83,4.67,4.94,5.0,4.67,4.5,1,0.11,1,162.0,162.0,1.9397227980128429,332.75
1,1.0,1,1,0,1,0,1,0,0,0,0,0,1.0,1.0,1.0,1.0,30.0,187,1551,255,4.94,4.93,4.96,4.97,4.97,4.92,4.81,1,9.4,1,162.0,162.0,1.353069280766889,240.0
1,1.0,1,1,0,0,0,1,0,0,0,0,0,1.5,1.0,1.0,1.0,60.0,90,62,148,4.9,4.98,4.89,4.97,4.98,5.0,4.76,1,0.4,1,162.0,162.0,0.7895302716811534,192.17
1,1.0,1,1,0,1,0,1,0,0,0,0,0,1.0,1.0,1.0,3.0,28.0,4,454,255,4.91,4.95,4.91,4.99,4.95,4.97,4.83,1,2.77,1,162.0,162.0,1.1635249910200405,154.33
0,1.0,1,1,0,0,0,0,0,1,0,0,0,2.0,3.0,3.0,1.0,13.0,35,28,31,4.86,4.79,4.5,4.96,4.96,4.93,4.89,1,0.17,1,166.0,166.0,1.80232197884686,468.0
0,2.0,1,1,0,0,0,0,0,1,0,0,0,1.0,2.0,2.0,1.0,1125.0,150,1213,255,4.75,4.68,4.84,4.86,4.81,4.52,4.56,2,7.41,1,161.0,161.0,4.216093199235048,217.0
0,4.0,1,1,0,0,0,1,0,0,0,0,0,1.0,1.0,1.0,4.0,365.0,215,83,0,4.9,4.88,4.7,4.91,4.96,4.96,4.71,1,0.51,1,161.0,161.0,1.613060554080875,234.0
1,1.0,1,1,0,1,0,0,0,1,0,0,0,1.0,2.0,3.0,4.0,35.0,155,320,255,4.96,4.95,4.96,4.98,4.98,4.96,4.85,1,2.55,1,161.0,161.0,1.6458967890789065,211.25
1,2.0,1,1,0,1,0,1,0,0,0,0,0,1.0,1.0,1.0,1.0,1125.0,32,46,211,4.96,4.98,4.89,5.0,5.0,4.78,4.7,2,0.29,1,161.0,158.0,5.138470501797054,148.0
1,2.0,1,1,0,1,0,1,0,0,0,0,0,1.0,1.0,1.0,2.0,1125.0,231,89,62,4.99,4.97,4.97,4.98,5.0,4.98,4.92,2,0.74,1,161.0,161.0,0.6426952088588523,239.54
1,2.0,1,1,0,1,0,1,0,0,0,0,0,1.5,1.0,1.0,2.0,1125.0,253,98,125,4.99,4.97,5.0,4.99,5.0,4.97,4.89,2,0.62,1,161.0,161.0,0.6426453726352861,306.07
1,1.0,1,1,0,1,0,1,0,0,0,0,0,1.0,1.0,1.0,5.0,60.0,220,640,255,4.73,4.79,4.76,4.92,4.92,4.52,4.66,1,3.94,1,165.0,161.0,3.1511234508976127,135.8
1,1.0,1,1,0,1,0,1,0,0,0,0,0,1.0,1.0,1.0,2.0,1125.0,256,659,255,4.93,4.94,4.93,4.97,4.96,4.69,4.81,1,4.05,1,161.0,161.0,7.3501858229695385,185.0
1,2.0,1,1,0,0,0,0,0,1,0,0,0,2.0,2.0,2.0,2.0,30.0,166,65,55,4.92,4.88,4.94,4.83,4.94,4.83,4.78,1,0.4,1,161.0,160.0,2.7178405349025825,559.5
0,1.0,1,1,0,0,0,1,0,0,0,0,0,1.5,1.0,1.0,2.0,1125.0,13,104,31,4.91,4.89,4.87,4.88,4.92,4.75,4.74,1,0.65,1,160.0,160.0,2.2750236902222687,227.33
0,2.0,1,1,0,1,0,1,0,0,0,0,0,1.0,1.0,1.0,2.0,1125.0,334,455,195,4.45,4.57,4.74,4.61,4.56,4.47,4.33,2,2.85,1,182.0,160.0,4.011725810844644,113.0
1,2.0,1,1,0,1,0,1,0,0,0,0,0,1.0,1.0,1.0,1.0,1125.0,71,71,255,4.93,4.93,4.93,4.87,4.96,4.77,4.75,2,0.44,1,161.0,158.0,5.138470501797054,158.0
1,1.0,1,1,0,1,0,0,0,1,0,0,0,1.5,2.0,2.0,1.0,14.0,29,228,255,4.92,4.86,4.88,4.97,4.99,4.92,4.75,1,1.55,1,160.0,160.0,7.014150237025625,247.26
0,1.0,1,1,0,0,0,0,1,0,0,0,0,1.0,3.0,2.0,1.0,10.0,20,93,16,4.65,4.75,4.18,4.79,4.56,4.77,4.44,1,0.58,1,160.0,160.0,1.7089016927909144,314.0
1,1.0,1,1,0,0,0,1,0,0,0,0,0,1.5,1.0,1.0,1.0,34.0,159,518,255,4.82,4.89,4.87,4.9,4.91,4.77,4.7,1,3.23,1,160.0,159.0,1.7714141303700215,177.0
1,1.0,1,1,0,1,0,1,0,0,0,0,0,1.0,1.0,1.0,2.0,365.0,48,392,255,4.91,4.91,4.88,4.89,4.94,4.55,4.86,1,2.52,1,159.0,159.0,6.4421646378253685,123.0
0,1.0,1,1,0,0,0,0,0,1,0,0,0,2.0,2.0,2.0,1.0,30.0,21,69,47,4.65,4.7,4.58,4.78,4.61,4.62,4.59,1,0.43,1,159.0,159.0,2.8333168890253724,240.5
1,2.0,1,1,0,1,0,1,0,0,0,0,0,1.5,1.0,1.0,1.0,1125.0,164,241,255,4.83,4.83,4.63,4.92,4.89,4.57,4.77,2,1.73,1,159.0,159.0,6.849575710807444,147.21
1,2.0,1,1,0,1,0,1,0,0,0,0,0,1.5,1.0,2.0,1.0,1125.0,245,263,255,4.86,4.87,4.71,4.94,4.94,4.61,4.76,2,1.78,1,159.0,159.0,6.849575710807444,160.0
1,1.0,1,1,0,1,0,1,0,0,0,0,0,1.0,1.0,1.0,1.0,1125.0,91,549,195,4.85,4.88,4.92,4.94,4.93,4.96,4.74,1,3.44,1,181.0,180.0,0.3655539928550713,165.67
0,1.0,1,1,0,0,0,0,0,1,0,0,0,1.5,2.0,3.0,5.0,365.0,166,36,0,5.0,4.91,4.86,5.0,5.0,4.94,4.86,1,0.23,1,168.0,159.0,1.606733528019282,419.0
1,1.0,1,1,0,1,0,1,0,0,0,0,0,1.0,1.0,2.0,1.0,7.0,26,288,187,4.77,4.82,4.82,4.96,4.93,4.64,4.68,1,1.84,1,159.0,158.0,3.9559868140246235,154.5
0,1.0,1,1,0,0,0,0,0,1,0,0,0,1.5,1.0,2.0,2.0,14.0,7,93,0,4.85,4.9,4.8,4.95,4.96,4.98,4.67,1,0.64,1,159.0,143.0,0.49450869481171617,676.5
1,3.0,1,1,0,1,0,1,0,0,0,0,0,1.0,1.0,1.0,1.0,1125.0,271,230,255,4.79,4.71,4.81,4.86,4.78,4.68,4.5,3,1.77,1,165.0,158.0,1.976888036704732,168.0
0,1.0,1,1,0,1,0,1,0,0,0,0,0,1.0,1.0,1.0,2.0,90.0,166,659,0,4.69,4.77,4.65,4.87,4.85,4.47,4.62,1,4.09,1,161.0,158.0,3.4899042293999707,124.5
0,2.0,1,1,0,1,0,1,0,0,0,0,0,1.0,1.0,1.0,1.0,90.0,158,390,255,4.72,4.79,4.69,4.84,4.82,4.78,4.55,2,2.63,1,193.0,181.0,1.8058871438487925,164.8
1,2.0,1,1,0,1,0,1,0,0,0,0,0,1.0,1.0,1.0,2.0,1125.0,236,831,101,4.84,4.85,4.81,4.9,4.92,4.86,4.73,2,5.17,1,158.0,158.0,2.2682922128476974,192.0
0,1.0,1,1,0,0,0,1,0,0,0,0,0,1.0,1.0,1.0,1.0,1.0,167,311,31,4.83,4.87,4.89,4.92,4.94,4.8,4.75,1,1.96,1,158.0,158.0,2.5502988987455755,222.53
0,1.0,1,1,0,0,0,0,0,1,0,0,0,3.0,3.0,2.0,4.0,21.0,125,34,16,4.71,4.74,4.68,4.91,4.88,4.53,4.59,1,0.21,1,166.0,158.0,2.717720252333021,314.0
0,2.0,1,1,0,1,0,1,0,0,0,0,0,1.5,1.0,1.0,1.0,1125.0,121,648,226,4.43,4.52,4.59,4.67,4.71,4.72,4.27,2,4.06,1,171.0,157.0,2.3870917499082167,134.66
0,1.0,1,1,0,0,0,0,0,1,0,0,0,1.0,1.0,1.0,4.0,5.0,77,101,24,4.81,4.9,4.42,4.95,4.97,4.77,4.69,1,0.63,1,158.0,157.0,5.88164581926835,231.25
1,1.0,1,1,0,0,0,1,0,0,0,0,0,1.0,1.0,1.0,3.0,31.0,21,554,255,4.85,4.89,4.92,4.94,4.96,4.88,4.72,1,3.47,1,158.0,158.0,1.5633342029941502,205.67
0,4.0,1,1,0,1,0,1,0,0,0,0,0,1.0,1.0,1.0,1.0,1000.0,293,56,16,4.79,4.84,4.71,4.89,4.77,4.91,4.59,3,0.39,1,163.0,163.0,0.7627400054433394,195.0
0,4.0,1,1,0,1,0,1,0,0,0,0,0,1.0,1.0,1.0,1.0,1000.0,275,36,31,4.69,4.69,4.78,4.83,4.56,4.97,4.42,3,0.25,1,163.0,163.0,0.7716786715013084,195.0
1,1.0,1,1,0,1,0,1,0,0,0,0,0,1.0,1.0,1.0,2.0,1125.0,177,535,255,4.92,4.91,4.93,4.92,4.96,4.9,4.76,1,3.36,1,157.0,157.0,1.3650099293372888,257.0
0,1.0,1,1,0,0,0,0,0,1,0,0,0,1.0,3.0,3.0,3.0,1125.0,19,21,31,4.86,4.81,4.81,4.95,5.0,4.86,4.81,1,0.13,1,157.0,157.0,3.798648018969393,392.0
0,2.0,1,1,0,1,0,1,0,0,0,0,0,1.5,1.0,1.0,2.0,270.0,108,396,70,4.62,4.76,4.63,4.82,4.8,4.47,4.48,2,2.48,1,157.0,157.0,3.1797459167866653,94.5
0,1.0,1,1,0,0,0,0,0,1,0,0,0,3.0,2.0,3.0,3.0,1125.0,356,49,31,4.9,4.79,4.75,4.94,4.94,4.83,4.71,1,0.31,1,157.0,157.0,6.357264388822017,656.33
0,1.0,1,1,0,1,0,0,0,1,0,0,0,1.0,2.0,4.0,1.0,1125.0,230,823,255,4.75,4.78,4.57,4.91,4.94,4.65,4.76,1,5.37,1,157.0,157.0,6.709995879876672,142.0
0,1.0,1,1,0,0,0,1,0,0,0,0,0,1.0,1.0,2.0,7.0,30.0,166,72,56,4.76,4.88,4.97,4.9,4.92,4.54,4.69,1,0.46,1,157.0,156.0,3.15674271670906,181.0
0,1.0,1,1,0,0,0,0,0,1,0,0,0,1.0,4.0,4.0,3.0,20.0,144,18,0,4.89,4.89,4.5,4.89,4.94,4.72,4.56,1,0.12,1,157.0,157.0,2.304079449516513,529.75
0,1.0,1,1,0,0,0,0,0,1,0,0,0,1.0,3.0,4.0,1.0,1125.0,17,14,0,4.86,4.86,4.79,4.93,4.93,4.71,4.5,1,0.24,1,166.0,59.0,3.3349770325600443,331.0
0,1.0,1,1,0,0,0,0,0,1,0,0,0,1.0,4.0,4.0,1.0,25.0,18,55,23,4.87,4.91,4.42,4.91,4.96,4.96,4.67,1,0.35,1,156.0,156.0,0.7611940473792476,493.67
1,1.0,1,1,0,0,0,0,0,1,0,0,0,1.0,2.0,3.0,1.0,1125.0,222,679,255,4.66,4.7,4.63,4.85,4.87,4.61,4.51,1,4.35,1,156.0,156.0,4.496934544712233,269.0
0,1.0,1,1,0,0,0,1,0,0,0,0,0,1.5,1.0,1.0,4.0,8.0,49,79,16,4.76,4.81,4.46,4.91,4.94,4.67,4.51,1,0.52,1,156.0,150.0,2.141361840000605,284.0
1,2.0,1,1,0,0,0,0,0,1,0,0,0,1.5,2.0,2.0,1.0,1125.0,182,454,255,4.97,4.96,4.98,4.98,4.97,4.97,4.88,1,2.87,1,156.0,156.0,0.6500949405835458,442.5
0,1.0,1,1,0,0,0,0,0,1,0,0,0,3.5,3.0,3.0,2.0,20.0,18,52,23,4.83,4.8,4.58,4.94,4.98,4.69,4.57,1,0.35,1,156.0,156.0,3.872970831279048,485.0
1,1.0,1,1,0,1,0,1,0,0,0,0,0,1.0,1.0,1.0,2.0,1125.0,131,505,255,4.69,4.64,4.61,4.93,4.91,4.66,4.51,1,3.23,1,156.0,156.0,2.2034183989209244,159.5
1,2.0,1,1,0,0,0,1,0,0,0,0,0,1.0,1.0,1.0,1.0,45.0,26,158,255,4.73,4.72,4.68,4.82,4.82,4.86,4.65,3,1.03,1,188.0,185.0,1.5462353110803155,128.5
0,1.0,1,1,0,0,0,0,0,1,0,0,0,1.5,3.0,3.0,2.0,14.0,304,25,8,4.92,4.8,4.8,5.0,5.0,4.96,4.96,1,0.19,1,155.0,155.0,8.28266556727438,571.0
1,4.0,1,1,0,1,0,1,0,0,0,0,0,1.5,1.0,1.0,1.0,28.0,287,181,47,4.89,4.84,4.74,4.94,4.98,4.71,4.73,4,1.15,1,160.0,155.0,2.451328956481955,140.5
1,4.0,1,1,0,1,0,0,0,0,0,0,0,1.5,1.0,1.0,1.0,28.0,163,277,203,4.92,4.93,4.89,4.95,4.97,4.81,4.84,4,1.8,1,160.0,155.0,2.451328956481955,115.5
1,1.0,1,1,0,1,0,1,0,0,0,0,0,1.5,1.0,1.0,2.0,730.0,214,759,255,4.95,4.95,4.91,4.93,4.93,4.78,4.86,1,4.86,1,155.0,155.0,5.439967796080922,97.0
0,9.0,1,1,0,1,0,0,0,1,0,0,0,1.5,2.0,4.0,2.0,1125.0,344,240,125,4.54,4.52,4.13,4.65,4.64,4.61,4.43,6,1.53,1,166.0,166.0,7.598976607958547,87.0
0,1.0,1,1,0,0,0,1,0,0,0,0,0,2.0,1.0,1.0,1.0,15.0,98,7,23,5.0,5.0,4.71,5.0,5.0,5.0,4.71,1,0.32,1,155.0,155.0,1.2969575822765338,331.0
1,1.0,1,1,0,0,0,1,0,0,0,0,0,1.0,1.0,1.0,2.0,500.0,8,166,47,4.79,4.8,4.77,4.91,4.9,4.63,4.66,1,1.06,1,155.0,154.0,2.096358901106397,285.33
1,1.0,1,1,0,1,0,1,0,0,0,0,0,1.5,1.0,2.0,3.0,10.0,31,266,125,4.91,4.94,4.95,4.95,4.95,4.72,4.81,1,1.7,1,154.0,154.0,2.6063128554494557,152.33
0,1.0,1,1,0,1,0,1,0,0,0,0,0,1.0,1.0,1.0,1.0,10.0,131,878,255,4.92,4.93,4.97,4.96,4.98,4.81,4.84,1,5.61,1,154.0,154.0,2.412141691052796,169.0
1,1.0,1,1,0,0,0,1,0,0,0,0,0,1.0,1.0,1.0,2.0,1125.0,147,625,255,4.95,4.95,4.97,4.98,4.97,4.93,4.79,1,3.99,1,173.0,168.0,2.1010551919959193,251.63
1,2.0,1,1,0,1,0,1,0,0,0,0,0,1.0,1.0,1.0,3.0,1125.0,18,336,109,4.95,4.92,4.98,4.96,4.96,4.78,4.9,1,2.17,1,154.0,154.0,3.0013463709896424,148.0
0,1.0,1,1,0,0,0,1,0,0,0,0,0,1.5,2.0,2.0,1.0,14.0,15,40,78,4.95,4.98,4.98,4.93,4.98,4.78,4.8,1,0.26,1,154.0,154.0,3.7383506914045026,294.0
0,1.0,1,1,0,0,0,1,0,0,0,0,0,1.5,1.0,1.0,4.0,30.0,47,62,48,4.74,4.82,4.79,4.8,4.93,4.9,4.53,1,0.43,1,156.0,154.0,1.6517720862494643,259.75
0,1.0,1,1,0,0,0,1,0,0,0,0,0,1.0,1.0,1.0,3.0,1125.0,227,147,39,4.55,4.74,4.39,4.8,4.84,4.43,4.4,1,0.95,1,162.0,154.0,2.936248453924496,159.0
1,3.0,1,1,0,1,0,0,0,1,0,0,0,1.0,2.0,2.0,2.0,1125.0,178,162,148,4.82,4.8,4.8,4.86,4.86,4.7,4.62,3,1.05,1,164.0,164.0,2.0108354210577617,228.5
0,1.0,1,1,0,0,0,1,0,0,0,0,0,1.5,1.0,1.0,5.0,15.0,94,79,20,4.91,4.92,4.87,4.99,4.99,4.82,4.76,1,0.53,1,157.0,152.0,2.0446215832074404,226.0
0,2.0,1,1,0,0,0,0,0,1,0,0,0,2.0,2.0,3.0,4.0,30.0,66,40,16,4.88,4.92,4.82,4.9,4.92,4.69,4.72,1,0.26,1,164.0,154.0,1.5122116421233176,485.0
0,4.0,1,1,0,1,0,0,0,1,0,0,0,1.0,1.0,2.0,1.0,1000.0,257,60,31,4.75,4.62,4.83,4.98,4.85,4.92,4.4,3,0.39,1,163.0,163.0,0.692577698108652,289.0
0,3.0,1,1,0,1,0,1,0,0,0,0,0,1.0,1.0,1.0,4.0,1125.0,134,387,128,4.81,4.87,4.82,4.91,4.95,4.53,4.63,2,2.65,1,165.0,165.0,4.1098587938968825,128.75
0,2.0,1,1,0,0,0,1,0,0,0,0,0,1.0,1.0,1.0,3.0,730.0,16,99,31,4.77,4.84,4.56,4.89,4.93,4.68,4.71,1,0.64,1,162.0,153.0,3.535890366278263,224.67
0,1.0,1,1,0,0,0,0,0,1,0,0,0,1.0,2.0,2.0,1.0,31.0,9,50,55,4.76,4.8,4.61,4.92,5.0,4.69,4.63,1,0.32,1,155.0,155.0,3.5886970775170117,219.2
0,1.0,1,1,0,0,0,0,1,0,0,0,0,1.0,2.0,1.0,2.0,31.0,57,144,39,4.69,4.71,4.55,4.78,4.75,4.96,4.4,1,0.93,1,153.0,153.0,1.4194477031613228,543.5
0,1.0,1,1,0,0,0,0,0,1,0,0,0,1.5,2.0,2.0,3.0,1125.0,78,320,39,4.73,4.72,4.67,4.88,4.94,4.91,4.52,1,2.08,1,153.0,153.0,1.331976023884789,494.51
1,1.0,1,1,0,1,0,1,0,0,0,0,0,1.0,1.0,2.0,2.0,1125.0,221,432,218,4.83,4.88,4.96,4.91,4.89,4.73,4.68,1,2.8,1,153.0,152.0,2.7103849755270204,128.0
0,2.0,1,1,0,1,0,1,0,0,0,0,0,1.0,1.0,1.0,1.0,6.0,242,624,255,4.54,4.59,4.72,4.68,4.73,4.77,4.37,2,4.02,1,171.0,157.0,2.4008231774436477,111.84
0,1.0,1,1,0,0,0,0,0,1,0,0,0,2.0,2.0,3.0,6.0,1125.0,166,73,0,4.58,4.71,4.59,4.68,4.74,4.9,4.51,1,0.47,1,153.0,153.0,0.8390304367668605,556.33
0,1.0,1,1,0,0,0,0,0,1,0,0,0,1.5,3.0,4.0,2.0,14.0,43,33,47,4.91,4.97,4.88,4.88,4.88,4.91,4.69,1,0.22,1,177.0,177.0,1.701070260074266,446.32
0,1.0,1,1,0,1,0,1,0,0,0,0,0,1.0,1.0,1.0,1.0,1125.0,8,700,255,4.71,4.79,4.76,4.85,4.83,4.95,4.57,1,4.52,1,153.0,152.0,1.4110058687627651,159.0
0,1.0,1,1,0,1,0,1,0,0,0,0,0,1.0,1.0,1.0,3.0,31.0,279,403,255,4.65,4.72,4.78,4.64,4.53,4.81,4.48,1,2.72,1,156.0,152.0,1.5915157507746518,149.15
1,2.0,1,1,0,1,0,1,0,0,0,0,0,1.0,1.0,1.0,1.0,10.0,4,521,255,4.86,4.91,4.93,4.97,4.97,4.93,4.78,1,3.48,1,152.0,148.0,0.6523987788470806,125.67
0,1.0,1,1,0,0,0,0,0,1,0,0,0,1.0,2.0,2.0,2.0,30.0,39,48,0,4.96,4.9,4.92,4.96,4.96,4.92,4.58,1,0.32,1,152.0,152.0,1.5209221463918143,593.5
0,1.0,1,1,0,0,0,1,0,0,0,0,0,1.5,1.0,1.0,1.0,1125.0,108,126,39,4.84,4.9,4.68,4.88,4.93,4.84,4.7,1,0.82,1,152.0,152.0,4.073680965181629,308.33
0,1.0,1,1,0,0,0,1,0,0,0,0,0,1.0,1.0,1.0,3.0,30.0,365,8,0,4.38,4.43,4.57,4.29,4.57,4.71,4.29,1,0.05,1,152.0,152.0,1.0215382200958814,357.67
1,9.0,1,1,0,0,0,0,0,1,0,0,0,1.0,2.0,2.0,7.0,120.0,224,16,70,4.94,4.88,4.88,5.0,4.94,5.0,4.88,9,0.19,1,152.0,152.0,0.3214898287493585,453.0
1,1.0,1,1,0,1,0,1,0,0,0,0,0,1.0,1.0,1.0,1.0,21.0,5,401,148,4.86,4.86,4.76,4.94,4.96,4.68,4.81,1,2.6,1,169.0,169.0,3.0651274619922138,108.5
1,1.0,1,1,0,1,0,1,0,0,0,0,0,1.0,1.0,1.0,1.0,1125.0,292,391,255,4.84,4.85,4.7,4.88,4.91,4.88,4.68,1,3.1,1,180.0,126.0,1.4489049811522614,155.0
0,1.0,1,1,0,0,0,1,0,0,0,0,0,1.5,1.0,2.0,4.0,14.0,70,53,48,4.96,4.96,4.94,4.94,4.98,4.72,4.75,1,0.34,1,160.0,152.0,2.9010778649442686,237.5
1,1.0,1,1,0,0,0,0,0,1,0,0,0,2.0,2.0,2.0,1.0,730.0,229,348,255,4.85,4.86,4.91,4.91,4.93,4.74,4.74,1,2.35,1,152.0,152.0,3.7125173623847565,257.0
1,3.0,1,1,0,1,0,1,0,0,0,0,0,1.0,1.0,1.0,2.0,1125.0,141,501,255,4.92,4.92,4.95,4.95,4.96,4.69,4.78,3,3.41,1,152.0,151.0,4.851728341495331,134.95
1,1.0,1,1,0,1,0,1,0,0,0,0,0,1.0,1.0,1.0,2.0,60.0,218,469,255,4.82,4.85,4.88,4.92,4.91,4.83,4.73,1,3.25,1,153.0,152.0,2.298572981207747,107.0
0,1.0,1,1,0,0,0,1,0,0,0,0,0,1.0,1.0,1.0,3.0,60.0,67,113,23,4.83,4.82,4.72,4.95,4.96,4.98,4.56,1,0.81,1,152.0,151.0,0.7184552203831573,437.67
1,1.0,1,1,0,1,0,1,0,0,0,0,0,1.0,1.0,1.0,1.0,1125.0,326,1013,255,4.74,4.79,4.4,4.78,4.83,4.63,4.6,1,6.58,1,151.0,151.0,6.543837288909621,148.5
0,1.0,1,1,0,0,0,0,0,1,0,0,0,1.0,2.0,1.0,2.0,30.0,349,14,23,4.93,4.93,4.79,4.93,5.0,4.71,4.64,1,0.36,1,155.0,39.0,2.536500962958098,297.0
0,1.0,1,1,0,0,0,0,0,1,0,0,0,1.0,4.0,4.0,1.0,30.0,5,29,31,4.9,4.83,4.59,4.9,4.97,4.52,4.83,1,0.24,1,151.0,121.0,4.127799597461283,314.0
0,1.0,1,1,0,0,0,1,0,0,0,0,0,1.0,1.0,1.0,2.0,21.0,19,14,55,5.0,5.0,5.0,5.0,5.0,5.0,4.93,1,0.29,1,151.0,52.0,1.815911492807093,342.5
1,3.0,1,1,0,1,0,1,0,0,0,0,0,1.0,1.0,1.0,2.0,1125.0,135,527,255,4.92,4.91,4.92,4.94,4.92,4.66,4.76,3,3.61,1,152.0,151.0,4.851728341495331,156.5
0,1.0,1,1,0,0,0,1,0,0,0,0,0,1.5,1.0,1.0,2.0,3.0,56,101,62,4.86,4.94,4.85,4.95,4.97,4.7,4.7,1,0.68,1,181.0,151.0,1.565311056446691,294.0
0,1.0,1,1,0,0,0,0,0,1,0,0,0,1.0,2.0,2.0,3.0,30.0,166,53,8,4.7,4.77,4.46,4.94,4.96,4.88,4.42,1,0.36,1,151.0,151.0,1.2641685129654008,780.0
1,3.0,1,1,0,1,0,0,0,1,0,0,0,2.0,2.0,4.0,2.0,1125.0,99,65,55,4.94,4.94,4.95,4.97,4.98,4.72,4.82,3,0.44,1,152.0,151.0,4.851728341495331,337.0
1,1.0,1,1,0,1,0,1,0,0,0,0,0,1.5,1.0,2.0,1.0,1125.0,168,505,255,4.91,4.95,4.94,4.97,4.97,4.98,4.83,1,3.4,1,151.0,147.0,0.4666119027446567,190.33
1,1.0,1,1,0,1,0,1,0,0,0,0,0,1.5,1.0,2.0,1.0,1125.0,317,372,62,4.36,4.52,4.71,4.64,4.7,4.57,4.19,1,2.5,1,154.0,151.0,2.9680689486739116,137.0
0,1.0,1,1,0,0,0,1,0,0,0,0,0,1.5,1.0,1.0,1.0,60.0,31,122,195,4.93,4.9,4.88,4.98,4.98,4.97,4.85,1,0.99,1,151.0,149.0,0.35445807393212403,255.0
0,1.0,1,1,0,0,0,0,1,0,0,0,0,1.0,1.0,2.0,2.0,10.0,17,89,23,4.63,4.8,4.75,4.92,4.89,4.63,4.5,1,0.66,1,151.0,133.0,1.823505605255698,402.5
0,2.0,1,1,0,0,0,0,0,1,0,0,0,2.0,3.0,4.0,4.0,1125.0,44,50,24,4.88,4.82,4.72,4.94,4.98,4.64,4.74,1,0.35,1,152.0,152.0,3.0427801750949826,613.38
0,1.0,1,1,0,0,0,0,0,1,0,0,0,3.0,5.0,5.0,4.0,21.0,163,19,16,4.68,4.84,4.42,4.89,4.95,4.39,4.61,1,0.13,1,151.0,151.0,4.497216112507683,254.0
0,1.0,1,1,0,0,0,0,0,1,0,0,0,1.5,2.0,2.0,5.0,20.0,79,110,40,4.76,4.77,4.72,4.79,4.86,4.67,4.61,1,0.74,1,165.0,163.0,3.5462303598381353,393.8
0,1.0,1,1,0,0,0,0,0,1,0,0,0,1.5,2.0,2.0,5.0,30.0,8,41,0,4.68,4.73,4.12,4.9,4.76,4.78,4.46,1,0.28,1,150.0,150.0,1.3846401670308857,429.4
0,1.0,1,1,0,0,0,0,0,1,0,0,0,1.0,3.0,3.0,6.0,14.0,71,9,0,5.0,4.89,4.89,5.0,5.0,5.0,4.89,1,0.08,1,150.0,112.0,2.2600167875572446,323.33
0,1.0,1,1,0,0,0,0,0,0,0,1,0,1.5,4.0,4.0,3.0,1125.0,95,8,8,4.88,4.75,4.5,5.0,5.0,5.0,4.88,1,0.08,1,161.0,150.0,3.0432801876066713,650.67
0,1.0,1,1,0,0,0,0,0,1,0,0,0,1.0,2.0,2.0,7.0,16.0,358,0,0,-1.0,-1.0,-1.0,-1.0,-1.0,-1.0,-1.0,1,0.0,0,150.0,35.0,3.168226038463759,410.82
1,1.0,1,1,0,1,0,1,0,0,0,0,0,1.5,1.0,1.0,2.0,1125.0,303,665,255,4.89,4.92,4.93,4.95,4.97,4.88,4.75,1,4.52,1,155.0,155.0,1.7002208297324113,145.5
0,1.0,1,1,0,0,0,1,0,0,0,0,0,1.0,1.0,1.0,3.0,1125.0,39,108,31,4.91,4.98,4.93,4.94,4.97,4.93,4.88,1,0.71,1,154.0,150.0,1.3124503920420458,268.33
0,1.0,1,1,0,0,0,1,0,0,0,0,0,1.5,1.0,1.0,4.0,31.0,276,72,0,4.77,4.88,4.93,4.93,4.86,4.92,4.69,1,0.48,1,167.0,150.0,1.009332927813411,238.25
1,2.0,1,1,0,0,0,1,0,0,0,0,0,1.0,1.0,2.0,2.0,1125.0,51,1,0,5.0,5.0,5.0,5.0,5.0,5.0,5.0,2,0.08,1,164.0,155.0,0.8389810654306193,268.33
0,1.0,1,1,0,0,0,0,0,1,0,0,0,1.0,2.0,2.0,2.0,30.0,166,148,47,4.74,4.76,4.83,4.9,4.84,4.69,4.59,1,0.98,1,150.0,150.0,3.3669653566175297,399.67
0,1.0,1,1,0,0,0,0,0,1,0,0,0,1.0,2.0,3.0,1.0,21.0,14,38,8,4.92,4.84,4.7,4.86,4.86,4.81,4.72,1,0.25,1,166.0,149.0,4.498834779591692,258.67
0,1.0,1,1,0,0,0,0,0,1,0,0,0,1.0,4.0,4.0,3.0,1125.0,51,38,31,4.89,4.87,4.66,5.0,4.95,4.92,4.62,1,0.29,1,149.0,149.0,1.7922979696849939,680.33
0,1.0,1,1,0,0,0,0,0,1,0,0,0,1.5,1.0,2.0,3.0,12.0,255,99,16,4.82,4.91,4.89,4.96,4.98,4.63,4.55,1,0.73,1,149.0,133.0,2.00012520076296,376.67
0,1.0,1,1,0,0,0,1,0,0,0,0,0,1.0,1.0,2.0,1.0,1125.0,232,131,55,4.95,4.92,4.9,4.98,4.99,4.94,4.8,1,0.89,1,156.0,145.0,2.6370446654704103,326.0
0,1.0,1,1,0,0,0,0,0,1,0,0,0,1.0,2.0,4.0,4.0,30.0,163,31,8,4.48,4.42,4.48,4.81,4.71,4.87,4.35,1,0.21,1,149.0,149.0,2.145570376380314,341.0
0,1.0,1,1,0,0,0,0,0,1,0,0,0,1.5,3.0,7.0,2.0,12.0,287,112,39,4.86,4.85,4.68,4.97,4.94,4.7,4.63,1,0.76,1,148.0,148.0,3.334612627362738,297.0
1,1.0,1,1,0,0,0,0,0,1,0,0,0,1.0,1.0,4.0,1.0,7.0,247,116,86,4.53,4.63,4.55,4.66,4.48,4.78,4.25,1,0.82,1,148.0,139.0,1.5691244575618584,419.5
0,2.0,1,1,0,0,0,1,0,0,0,0,0,1.0,1.0,2.0,3.0,30.0,68,32,16,4.88,4.84,4.75,4.81,4.91,4.88,4.88,1,0.23,1,148.0,139.0,1.7427768340258614,411.0
0,1.0,1,1,0,0,0,0,0,0,1,0,0,1.5,3.0,3.0,2.0,12.0,16,51,31,4.86,4.8,4.71,4.9,4.96,4.9,4.75,1,0.35,1,154.0,148.0,1.9213276425942545,662.0
1,1.0,1,1,0,1,0,1,0,0,0,0,0,1.0,1.0,1.0,2.0,1125.0,290,615,255,4.74,4.76,4.69,4.81,4.82,4.96,4.6,1,4.12,1,151.0,147.0,1.2816321977130172,264.5
1,1.0,1,1,0,1,0,1,0,0,0,0,0,1.5,1.0,1.0,2.0,1125.0,217,499,255,4.84,4.78,4.88,4.89,4.92,4.92,4.69,1,3.36,1,147.0,147.0,1.5213320616936237,145.5
1,1.0,1,1,0,0,0,0,0,1,0,0,0,1.0,1.0,3.0,1.0,555.0,34,884,255,4.96,4.93,4.95,4.98,4.98,4.97,4.86,1,5.96,1,157.0,157.0,1.2746659168045165,210.0
1,1.0,1,1,0,1,0,0,1,0,0,0,0,2.0,1.0,2.0,1.0,1125.0,57,638,255,4.73,4.77,4.7,4.84,4.84,4.9,4.56,1,4.28,1,147.0,147.0,1.7088010514347318,172.0
1,1.0,1,1,0,1,0,1,0,0,0,0,0,1.0,1.0,1.0,2.0,1125.0,26,899,255,4.78,4.85,4.75,4.9,4.87,4.88,4.71,1,6.03,1,147.0,147.0,0.7594826282726573,154.5
0,2.0,1,1,0,1,0,1,0,0,0,0,0,1.5,1.0,1.0,2.0,3.0,34,285,172,4.87,4.86,4.73,4.98,4.97,4.98,4.71,2,1.92,1,147.0,147.0,1.0832894294122828,174.5
1,3.0,1,1,0,1,0,1,0,0,0,0,0,1.0,1.0,1.0,1.0,1125.0,222,883,255,4.67,4.66,4.75,4.86,4.88,4.87,4.45,3,5.94,1,147.0,147.0,1.3367427824619043,168.0
1,1.0,1,1,0,1,0,1,0,0,0,0,0,1.0,1.0,1.0,2.0,1125.0,170,198,218,4.97,4.98,4.95,4.99,4.98,4.9,4.85,1,1.34,1,152.0,152.0,1.9649016845680747,128.5
0,1.0,1,1,0,1,0,1,0,0,0,0,0,1.0,1.0,1.0,2.0,1125.0,121,39,0,4.79,4.97,4.89,4.76,4.82,4.66,4.66,1,0.26,1,147.0,147.0,3.968650693111385,151.5
1,3.0,1,1,0,1,0,1,0,0,0,0,0,1.5,1.0,1.0,2.0,500.0,96,300,156,4.89,4.91,4.96,4.96,4.94,4.93,4.7,3,2.03,1,167.0,167.0,0.5512276092923812,196.86
1,1.0,1,1,0,1,0,1,0,0,0,0,0,1.0,1.0,1.0,3.0,14.0,293,142,117,4.85,4.88,4.77,4.92,4.93,4.91,4.71,1,0.99,1,147.0,146.0,0.91188985639308,183.67
1,5.0,1,1,0,1,0,1,0,0,0,0,0,1.0,1.0,1.0,2.0,1125.0,237,301,255,4.61,4.6,4.67,4.59,4.54,4.46,4.52,5,2.04,1,159.0,153.0,9.802931683834943,129.0
0,1.0,1,1,0,0,0,0,0,1,0,0,0,1.5,3.0,3.0,5.0,15.0,251,49,0,4.88,4.71,4.69,4.9,4.94,4.8,4.59,1,0.33,1,148.0,146.0,3.107429152997744,356.2
1,5.0,1,1,1,0,0,1,0,0,0,0,0,1.0,1.0,1.0,1.0,1125.0,258,210,255,4.72,4.77,4.74,4.65,4.7,4.51,4.63,5,1.42,1,159.0,153.0,9.840560901022558,137.0
1,1.0,1,1,0,1,0,1,0,0,0,0,0,1.0,1.0,1.0,2.0,1125.0,202,513,255,4.82,4.83,4.82,4.9,4.94,4.97,4.69,1,3.48,1,166.0,166.0,0.6417483135246389,255.0
1,5.0,1,1,1,0,0,1,0,0,0,0,0,1.0,1.0,1.0,1.0,1125.0,254,244,250,4.61,4.62,4.62,4.39,4.52,4.36,4.46,5,1.65,1,159.0,153.0,9.837569540016464,127.0
1,5.0,1,1,0,1,0,1,0,0,0,0,0,1.0,1.0,1.0,1.0,1125.0,260,190,255,4.74,4.76,4.72,4.61,4.64,4.57,4.61,5,1.29,1,159.0,153.0,9.765104654466574,120.0
0,1.0,1,1,0,0,0,0,0,0,0,1,0,1.5,4.0,5.0,4.0,14.0,196,25,0,4.88,4.88,4.96,4.92,5.0,4.84,4.76,1,0.18,1,166.0,162.0,5.013268370952907,449.75
0,1.0,1,1,0,0,0,0,0,1,0,0,0,1.0,3.0,2.0,1.0,21.0,2,34,39,4.97,4.97,4.94,4.97,4.91,4.97,4.71,1,0.23,1,146.0,146.0,1.3811462373633643,657.0
0,1.0,1,1,0,0,0,0,0,1,0,0,0,1.5,3.0,3.0,5.0,365.0,257,101,10,4.85,4.9,4.86,4.91,4.92,4.69,4.6,1,0.68,1,146.0,146.0,2.7684897056764908,486.2
1,2.0,1,1,0,1,0,1,0,0,0,0,0,1.5,1.0,1.0,1.0,1125.0,260,610,255,4.78,4.8,4.92,4.84,4.84,4.55,4.64,2,4.12,1,146.0,146.0,3.1399512319462386,125.53
0,1.0,1,1,0,1,0,0,1,0,0,0,0,1.0,1.0,2.0,2.0,1125.0,227,605,255,4.76,4.81,4.73,4.92,4.92,4.99,4.63,1,4.48,1,149.0,133.0,0.8923305038179671,257.0
1,2.0,1,1,0,1,0,1,0,0,0,0,0,1.5,1.0,1.0,1.0,1125.0,258,492,226,4.84,4.88,4.93,4.83,4.85,4.62,4.69,2,3.32,1,146.0,146.0,3.067183967981053,137.0
1,5.0,1,1,0,0,0,0,0,1,0,0,0,2.0,2.0,3.0,7.0,90.0,69,21,0,4.1,4.0,4.33,4.62,4.52,4.38,4.05,1,0.14,1,152.0,146.0,2.3373247389144787,513.14
1,1.0,1,1,0,1,0,1,0,0,0,0,0,1.5,1.0,1.0,1.0,730.0,272,299,255,4.92,4.92,4.94,4.95,4.95,4.97,4.82,1,2.02,1,146.0,146.0,0.6564534033017049,256.0
1,1.0,1,1,0,1,0,1,0,0,0,0,0,1.0,1.0,1.0,1.0,1125.0,37,422,255,4.92,4.91,4.91,4.96,4.96,4.97,4.76,1,2.85,1,173.0,146.0,0.4431424753796568,178.0
0,9.0,1,1,0,1,0,0,1,0,0,0,0,1.5,1.0,3.0,2.0,1125.0,284,203,234,4.56,4.59,4.29,4.56,4.53,4.67,4.48,6,1.38,1,166.0,166.0,7.598976607958547,86.0
0,12.0,1,1,0,1,0,1,0,0,0,0,0,1.0,1.0,2.0,1.0,1000.0,309,345,255,4.42,4.43,4.44,4.71,4.64,4.56,4.28,12,2.35,1,145.0,145.0,2.125877512589031,98.0
0,12.0,1,1,0,1,0,1,0,0,0,0,0,1.0,1.0,2.0,1.0,1000.0,328,487,255,4.4,4.44,4.36,4.74,4.66,4.52,4.29,12,3.3,1,145.0,145.0,2.025082258553196,55.0
0,1.0,1,1,0,0,0,1,0,0,0,0,0,1.0,1.0,1.0,3.0,14.0,15,106,23,4.97,4.93,4.9,5.0,4.99,4.99,4.83,1,0.74,1,155.0,145.0,1.0309575442255214,456.67
0,1.0,1,1,0,1,0,1,0,0,0,0,0,1.0,1.0,1.0,2.0,60.0,185,360,101,4.81,4.85,4.9,4.88,4.92,4.4,4.73,1,2.44,1,176.0,145.0,7.505234339749933,104.0
0,1.0,1,1,0,0,0,0,0,1,0,0,0,1.0,2.0,2.0,7.0,11.0,176,59,56,4.97,4.98,4.86,5.0,5.0,4.71,4.81,1,0.46,1,145.0,126.0,5.912228326321021,216.88
0,12.0,1,1,0,1,0,1,0,0,0,0,0,1.0,1.0,1.0,1.0,1000.0,325,39,47,4.49,4.67,4.33,4.59,4.54,4.41,4.38,12,0.27,1,145.0,145.0,2.117237517952204,147.0
0,12.0,1,1,0,1,0,1,0,0,0,0,0,1.0,1.0,2.0,1.0,3.0,296,75,62,4.56,4.72,4.46,4.85,4.77,4.59,4.43,12,0.51,1,145.0,145.0,2.111688700701747,76.0
0,12.0,1,1,0,1,0,1,0,0,0,0,0,1.0,1.0,1.0,1.0,5.0,313,207,255,4.54,4.68,4.62,4.8,4.68,4.52,4.44,12,1.43,1,145.0,145.0,2.121878125625412,79.0
0,1.0,1,1,0,0,0,1,0,0,0,0,0,1.0,1.0,1.0,2.0,30.0,44,40,8,4.9,4.9,4.93,4.97,4.97,4.79,4.68,1,0.27,1,174.0,145.0,1.9917390320452761,167.35
0,1.0,1,1,0,0,0,0,1,0,0,0,0,1.5,2.0,2.0,3.0,1125.0,7,146,70,4.83,4.88,4.74,4.83,4.81,4.72,4.68,1,1.01,1,146.0,144.0,1.9275329151296705,473.67
0,2.0,1,1,0,0,0,1,0,0,0,0,0,1.0,1.0,1.0,3.0,30.0,177,13,47,4.92,4.85,4.92,4.92,5.0,4.92,4.46,1,0.37,1,144.0,35.0,2.5208469427770615,270.33
1,1.0,1,1,0,1,0,1,0,0,0,0,0,1.0,1.0,1.0,3.0,730.0,138,718,255,4.93,4.95,4.96,4.96,4.96,4.89,4.81,1,4.9,1,145.0,144.0,1.2935933765190162,148.67
1,1.0,1,1,0,1,0,1,0,0,0,0,0,1.0,1.0,1.0,1.0,5.0,131,336,148,4.87,4.89,4.88,4.94,4.93,4.96,4.68,1,2.3,1,144.0,144.0,1.196140033300057,244.67
0,1.0,1,1,0,0,0,0,0,1,0,0,0,1.5,2.0,2.0,3.0,19.0,18,42,23,4.93,4.9,4.95,4.9,4.95,4.78,4.78,1,0.29,1,145.0,144.0,4.0556793407470595,378.67
0,1.0,1,1,0,0,0,0,0,1,0,0,0,2.0,4.0,4.0,2.0,25.0,12,7,16,5.0,4.86,4.71,5.0,5.0,5.0,4.86,1,0.08,1,148.0,144.0,4.630751913473122,434.67
0,9.0,1,1,0,1,0,1,0,0,0,0,0,1.0,1.0,1.0,2.0,1125.0,166,182,0,4.79,4.78,4.81,4.9,4.88,4.86,4.75,6,1.26,1,166.0,166.0,6.93638964395137,99.5
0,1.0,1,1,0,0,0,1,0,0,0,0,0,1.0,2.0,2.0,4.0,1125.0,17,38,16,5.0,4.97,4.89,5.0,5.0,4.97,4.79,1,0.27,1,170.0,144.0,1.3137806496384674,563.5
0,1.0,1,1,0,0,0,1,0,0,0,0,0,1.0,1.0,1.0,4.0,25.0,61,5,0,5.0,5.0,5.0,5.0,5.0,5.0,5.0,1,0.14,1,152.0,35.0,2.196289777266354,245.5
0,1.0,1,1,0,0,0,0,0,1,0,0,0,1.5,3.0,3.0,2.0,30.0,33,59,39,4.88,4.93,4.97,4.84,4.97,4.59,4.76,1,0.41,1,145.0,144.0,3.823863721311922,399.67
0,1.0,1,1,0,0,0,0,0,1,0,0,0,3.0,4.0,4.0,3.0,14.0,46,52,0,4.92,4.92,4.73,4.98,4.94,4.98,4.79,1,0.36,1,146.0,143.0,1.7349724251244945,588.0
0,4.0,1,1,0,0,0,0,0,1,0,0,0,1.0,1.0,4.0,2.0,365.0,203,332,255,4.54,4.73,4.55,4.73,4.55,4.75,4.39,2,2.52,1,172.0,172.0,1.6560291174687627,323.0
0,1.0,1,1,0,0,0,1,0,0,0,0,0,1.5,2.0,2.0,7.0,20.0,177,5,14,5.0,5.0,5.0,5.0,5.0,4.6,4.6,1,0.06,1,144.0,78.0,2.4317277588130546,397.86
0,1.0,1,1,0,0,0,1,0,0,0,0,0,1.0,1.0,1.0,1.0,30.0,171,54,31,4.67,4.72,4.36,4.71,4.81,4.74,4.5,1,0.37,1,145.0,144.0,3.0340064183159012,392.0
0,1.0,1,1,0,0,0,1,0,0,0,0,0,1.5,1.0,1.0,2.0,30.0,5,51,16,4.8,4.92,4.94,4.84,4.98,4.57,4.67,1,0.35,1,148.0,144.0,3.676753013972084,227.5
0,1.0,1,1,0,0,0,1,0,0,0,0,0,1.0,1.0,1.0,5.0,14.0,26,90,70,4.8,4.91,4.48,4.87,4.93,4.96,4.61,1,0.62,1,145.0,144.0,1.2707810651655926,235.0
0,1.0,1,1,0,1,0,1,0,0,0,0,0,1.0,1.0,1.0,3.0,14.0,142,366,125,4.65,4.77,4.74,4.88,4.83,4.84,4.46,1,2.51,1,144.0,144.0,1.7849187134120015,152.33
0,1.0,1,1,0,0,0,0,0,1,0,0,0,2.0,2.0,2.0,2.0,1125.0,18,47,47,4.23,4.4,4.4,4.41,4.34,4.7,4.04,1,0.44,1,144.0,107.0,1.2951845928437604,443.25
0,1.0,1,1,0,0,0,1,0,0,0,0,0,1.0,1.0,1.0,7.0,90.0,360,2,14,5.0,5.0,4.5,5.0,5.0,5.0,4.5,1,0.1,1,144.0,144.0,2.154688353482129,295.73
0,2.0,1,1,0,0,0,0,0,1,0,0,0,1.0,2.0,2.0,2.0,31.0,118,28,0,4.46,4.82,4.11,4.86,4.71,4.82,4.39,2,0.19,1,144.0,144.0,2.3567626202935905,242.25
1,1.0,1,1,0,1,0,0,1,0,0,0,0,1.0,1.0,1.0,2.0,1125.0,278,301,255,4.76,4.77,4.88,4.84,4.86,4.48,4.59,1,2.06,1,163.0,163.0,5.744402051361441,99.0
0,1.0,1,1,0,0,0,0,0,0,1,0,0,1.5,3.0,3.0,2.0,30.0,15,34,23,4.88,4.74,4.82,4.88,4.85,4.79,4.74,1,0.24,1,143.0,143.0,2.930139389607149,589.0
0,1.0,1,1,0,0,0,1,0,0,0,0,0,1.0,2.0,1.0,3.0,4.0,26,99,55,4.84,4.92,4.73,4.99,4.97,4.94,4.69,1,0.69,1,156.0,143.0,1.1865897726354833,384.33
0,1.0,1,1,0,0,0,1,0,0,0,0,0,1.0,1.0,1.0,3.0,21.0,141,2,16,4.5,5.0,4.0,4.5,4.5,5.0,4.5,1,0.37,1,143.0,6.0,2.9590183275072155,224.0
0,1.0,1,1,0,0,0,1,0,0,0,0,0,1.0,1.0,1.0,7.0,1125.0,15,46,0,4.8,4.91,4.89,5.0,4.91,4.96,4.78,1,0.32,1,180.0,143.0,1.0964100621638142,274.0
0,1.0,1,1,0,0,0,0,0,1,0,0,0,1.0,2.0,2.0,3.0,8.0,113,71,0,4.73,4.82,4.8,4.9,4.99,4.9,4.59,1,0.49,1,143.0,143.0,1.451168082971937,532.67
0,1.0,1,1,0,0,0,1,0,0,0,0,0,1.0,1.0,1.0,1.0,90.0,123,32,8,4.75,4.87,4.68,4.77,4.84,4.55,4.58,1,0.22,1,146.0,142.0,2.088807577079452,226.71
1,1.0,1,1,0,1,0,0,1,0,0,0,0,1.0,1.0,2.0,1.0,180.0,105,769,255,4.77,4.81,4.69,4.89,4.94,4.55,4.64,1,5.31,1,143.0,143.0,3.776354835658669,153.0
0,1.0,1,1,0,0,0,1,0,0,0,0,0,1.0,1.0,1.0,5.0,30.0,338,23,20,4.65,4.78,4.87,4.91,4.91,4.7,4.7,1,0.16,1,143.0,143.0,2.7734246322477416,191.8
1,2.0,1,1,0,0,0,0,0,1,0,0,0,1.0,2.0,3.0,2.0,14.0,42,101,86,4.93,4.96,4.95,4.97,5.0,4.75,4.83,1,0.71,1,171.0,171.0,2.7740837486987777,257.0
0,1.0,1,1,0,0,0,0,0,1,0,0,0,1.5,2.0,2.0,2.0,730.0,26,96,39,4.47,4.63,4.27,4.61,4.79,4.87,4.29,1,0.66,1,145.0,143.0,0.4847217623033469,533.5
1,2.0,1,1,0,1,0,1,0,0,0,0,0,1.5,1.0,1.0,3.0,12.0,310,568,255,4.95,4.94,4.97,4.96,4.96,4.85,4.8,2,3.95,1,142.0,142.0,2.317436454544063,228.33
0,1.0,1,1,0,0,0,0,0,1,0,0,0,1.5,1.0,1.0,3.0,21.0,49,19,8,4.84,4.84,4.42,4.95,5.0,4.68,4.53,1,0.15,1,143.0,142.0,3.767551858332546,220.67
1,1.0,1,1,0,1,0,1,0,0,0,0,0,1.0,1.0,1.0,3.0,30.0,22,168,86,4.85,4.86,4.95,4.95,4.99,4.78,4.83,1,1.16,1,142.0,142.0,5.591140150416799,114.33
1,1.0,1,1,0,0,0,0,0,1,0,0,0,1.5,2.0,4.0,1.0,1124.0,183,438,255,4.97,4.97,4.97,4.99,4.97,4.99,4.84,1,3.56,1,142.0,128.0,0.41174087076031757,557.0
0,1.0,1,1,0,0,0,1,0,0,0,0,0,1.5,1.0,1.0,3.0,7.0,263,99,31,4.94,4.97,4.91,4.98,4.96,4.92,4.77,1,0.69,1,144.0,142.0,1.2220034978572525,472.0
0,1.0,1,1,0,0,0,0,0,0,0,0,0,1.0,1.0,1.0,1.0,31.0,14,27,16,4.52,4.56,4.56,4.81,4.93,4.81,4.44,1,0.19,1,143.0,142.0,0.7681487308095162,216.0
0,1.0,1,1,0,0,0,0,0,0,1,0,0,1.5,3.0,4.0,4.0,10.0,158,2,8,4.0,4.5,4.0,5.0,5.0,4.0,4.5,1,0.14,1,142.0,20.0,5.383016693413793,351.0
0,1.0,1,1,0,0,0,0,0,1,0,0,0,1.5,2.0,4.0,3.0,365.0,32,64,39,4.58,4.69,4.48,4.67,4.72,4.84,4.44,1,0.49,1,142.0,130.0,2.18186074571695,486.0
0,1.0,1,1,0,1,0,1,0,0,0,0,0,1.0,1.0,1.0,3.0,1125.0,11,81,94,5.0,4.99,4.98,5.0,5.0,4.99,4.84,1,0.7,1,142.0,118.0,1.9915581905057096,258.67
0,1.0,1,1,0,0,0,0,0,1,0,0,0,1.0,3.0,3.0,1.0,25.0,28,102,47,4.94,4.92,4.86,4.98,4.96,4.88,4.81,1,0.72,1,142.0,140.0,1.33166368284132,631.67
1,1.0,1,1,0,1,0,1,0,0,0,0,0,1.0,1.0,1.0,2.0,14.0,23,103,86,4.76,4.83,4.63,4.98,4.93,4.72,4.67,1,0.71,1,158.0,158.0,2.5940241296947866,134.5
1,1.0,1,1,0,1,0,1,0,0,0,0,0,1.5,1.0,1.0,2.0,1125.0,36,75,94,4.92,4.87,4.89,4.97,4.97,4.93,4.67,1,1.25,1,142.0,80.0,1.5491971167792502,145.5
0,1.0,1,1,0,1,0,0,1,0,0,0,0,1.5,1.0,2.0,3.0,20.0,89,615,255,4.79,4.82,4.58,4.92,4.91,4.76,4.69,1,4.28,1,142.0,141.0,6.5310275709973435,140.36
0,1.0,1,1,0,0,0,0,0,1,0,0,0,1.5,2.0,2.0,4.0,30.0,13,42,32,4.98,4.98,5.0,5.0,4.98,4.95,4.8,1,0.38,1,142.0,112.0,2.3114090635651476,397.14
0,1.0,1,1,0,0,0,0,1,0,0,0,0,2.0,2.0,4.0,5.0,1125.0,8,49,0,4.9,4.92,4.86,4.88,4.94,4.92,4.69,1,0.34,1,173.0,167.0,1.2270750848189915,474.8
0,1.0,1,1,0,0,0,0,0,1,0,0,0,1.5,3.0,3.0,2.0,14.0,202,66,8,4.89,4.97,4.76,4.97,4.94,4.67,4.74,1,0.46,1,142.0,141.0,2.916073059755868,456.67
0,1.0,1,1,0,0,0,1,0,0,0,0,0,1.0,1.0,2.0,3.0,1125.0,363,44,0,4.89,4.93,4.84,4.95,4.98,4.7,4.74,1,0.31,1,154.0,141.0,2.6062530361592193,477.67
1,1.0,1,1,0,1,0,0,0,1,0,0,0,1.5,2.0,3.0,2.0,1125.0,291,302,242,4.81,4.83,4.79,4.93,4.91,4.75,4.67,1,2.1,1,166.0,166.0,3.5007989286532455,241.0
1,2.0,1,1,0,1,0,1,0,0,0,0,0,2.0,1.0,1.0,2.0,40.0,299,756,255,4.88,4.89,4.88,4.89,4.92,4.94,4.83,2,5.26,1,141.0,141.0,1.182525402518531,137.0
0,1.0,1,1,0,0,0,1,0,0,0,0,0,1.0,1.0,1.0,2.0,1125.0,105,732,255,4.55,4.67,4.63,4.69,4.6,4.84,4.45,1,5.12,1,156.0,141.0,0.5295505213861775,197.5
1,1.0,1,1,0,1,0,0,1,0,0,0,0,1.0,1.0,2.0,1.0,730.0,174,367,255,4.66,4.71,4.47,4.93,4.93,4.69,4.52,1,2.56,1,141.0,141.0,2.987282332790637,157.0
0,1.0,1,1,0,0,0,1,0,0,0,0,0,1.0,1.0,1.0,3.0,60.0,166,49,23,4.94,4.86,4.92,4.94,4.94,4.86,4.73,1,0.34,1,144.0,141.0,1.9387613309044909,291.0
1,1.0,1,1,0,0,0,1,0,0,0,0,0,1.0,1.0,1.0,2.0,1125.0,123,245,187,4.95,4.93,4.91,4.94,4.97,4.96,4.82,1,1.73,1,146.0,140.0,0.8007106420732787,208.5
0,1.0,1,1,0,0,0,1,0,0,0,0,0,1.0,1.0,1.0,3.0,30.0,43,65,0,4.8,4.89,4.8,4.94,4.95,4.55,4.71,1,0.45,1,141.0,141.0,2.4012533506862703,241.0
0,1.0,1,1,0,0,0,0,0,1,0,0,0,1.0,1.0,2.0,1.0,1125.0,155,136,55,4.93,4.96,4.85,4.95,4.93,4.93,4.79,1,0.95,1,141.0,141.0,1.2101124320151087,539.25
1,1.0,1,1,0,1,0,0,0,1,0,0,0,1.5,2.0,3.0,1.0,1125.0,147,461,255,4.82,4.74,4.79,4.95,4.94,4.83,4.62,1,3.45,1,141.0,141.0,2.6768506299009123,319.0
0,2.0,1,1,0,1,0,1,0,0,0,0,0,1.0,1.0,1.0,1.0,90.0,214,469,255,4.73,4.79,4.67,4.84,4.8,4.79,4.51,2,3.3,1,193.0,181.0,1.805863607151848,162.83
1,1.0,1,1,0,1,0,1,0,0,0,0,0,1.0,1.0,1.0,2.0,365.0,336,99,39,4.7,4.73,4.69,4.64,4.69,4.85,4.55,1,0.69,1,156.0,141.0,2.08768961846456,154.5
0,1.0,1,1,0,0,0,1,0,0,0,0,0,1.5,1.0,2.0,1.0,30.0,364,82,0,4.83,4.8,4.7,4.9,4.94,4.88,4.64,1,0.58,1,141.0,140.0,1.2859746163589325,496.0
1,1.0,1,1,0,1,0,1,0,0,0,0,0,1.5,1.0,1.0,1.0,1125.0,188,523,255,4.9,4.89,4.97,4.95,4.97,4.78,4.76,1,3.67,1,140.0,140.0,3.4224366923966723,148.0
0,1.0,1,1,0,0,0,1,0,0,0,0,0,1.0,1.0,1.0,1.0,1125.0,55,72,23,4.88,4.92,4.86,4.96,4.99,4.93,4.7,1,0.51,1,140.0,140.0,2.4680248329645336,318.25
1,1.0,1,1,0,0,0,1,0,0,0,0,0,1.0,1.0,2.0,1.0,1125.0,201,449,101,4.56,4.76,4.58,4.88,4.89,4.66,4.51,1,3.16,1,173.0,156.0,3.741852372426966,177.0
1,2.0,1,1,0,1,0,1,0,0,0,0,0,1.5,1.0,3.0,3.0,1125.0,271,255,172,4.94,4.92,4.91,4.95,4.98,4.93,4.81,2,1.87,1,142.0,141.0,0.812805254660755,253.0
0,1.0,1,1,0,0,0,0,0,1,0,0,0,1.5,3.0,3.0,1.0,1125.0,15,20,31,4.95,4.8,4.9,4.95,5.0,4.75,4.75,1,0.41,1,141.0,58.0,3.1629385416197353,406.75
1,1.0,1,1,0,1,0,1,0,0,0,0,0,1.0,1.0,1.0,2.0,14.0,243,268,255,4.94,4.96,4.97,4.97,4.99,4.99,4.75,1,1.89,1,140.0,139.0,1.0263615788724783,165.5
1,1.0,1,1,0,0,0,1,0,0,0,0,0,1.0,1.0,1.0,1.0,30.0,259,150,117,4.87,4.87,4.85,4.93,4.91,4.97,4.77,1,1.05,1,140.0,140.0,0.5272582197261027,377.0
1,2.0,1,1,0,1,0,1,0,0,0,0,0,1.5,1.0,1.0,1.0,1125.0,38,1112,255,4.89,4.93,4.85,4.93,4.92,4.85,4.81,2,7.83,1,140.0,140.0,1.712522176590318,142.65
0,1.0,1,1,0,0,0,0,0,1,0,0,0,1.0,2.0,2.0,2.0,6.0,58,67,62,4.76,4.75,4.91,4.88,4.87,4.76,4.49,1,0.54,1,196.0,130.0,3.2334666433225037,342.5
1,1.0,1,1,0,1,0,1,0,0,0,0,0,1.0,1.0,1.0,1.0,1125.0,39,631,195,4.91,4.95,4.95,4.96,4.94,4.92,4.73,1,4.46,1,140.0,140.0,0.9415606266566267,228.24
1,3.0,1,1,0,1,0,1,0,0,0,0,0,1.5,1.0,1.0,2.0,1125.0,275,229,242,4.55,4.69,4.29,4.85,4.74,4.51,4.34,3,1.84,1,144.0,123.0,4.905578240685242,102.5
1,1.0,1,1,0,1,0,1,0,0,0,0,0,1.0,1.0,1.0,2.0,730.0,192,550,255,4.74,4.85,4.68,4.89,4.94,4.47,4.61,1,3.94,1,140.0,140.0,4.699873185119053,116.5
1,2.0,1,1,0,1,0,0,1,0,0,0,0,1.0,1.0,2.0,1.0,1125.0,283,415,255,4.82,4.82,4.69,4.87,4.93,4.89,4.6,2,3.16,1,147.0,140.0,1.3731752920411675,114.12
0,1.0,1,1,0,0,0,0,0,1,0,0,0,1.0,1.0,3.0,1.0,1125.0,27,6,23,5.0,5.0,5.0,5.0,5.0,5.0,4.5,1,0.27,1,165.0,75.0,0.6500148987884808,494.0
0,1.0,1,1,0,1,0,0,0,1,0,0,0,2.0,2.0,4.0,1.0,365.0,336,163,94,4.91,4.89,4.87,4.96,4.95,4.43,4.71,1,1.2,1,139.0,139.0,4.156824898689987,342.67
0,2.0,1,1,0,1,0,1,0,0,0,0,0,1.0,1.0,1.0,2.0,30.0,182,112,109,4.91,4.92,4.96,4.91,4.99,4.77,4.8,1,1.21,1,146.0,92.0,3.05733341302699,163.5
1,1.0,1,1,0,0,0,1,0,0,0,0,0,1.0,1.0,1.0,4.0,14.0,151,71,64,4.97,4.99,4.93,4.92,4.94,4.93,4.77,1,0.5,1,160.0,139.0,1.6364838892673519,345.25
0,1.0,1,1,0,0,0,0,0,1,0,0,0,1.0,2.0,2.0,1.0,17.0,30,13,0,4.46,4.46,3.69,4.77,5.0,4.85,4.46,1,0.09,1,154.0,139.0,1.8700432545921852,285.33
1,5.0,1,1,0,0,0,1,0,0,0,0,0,1.0,1.0,1.0,1.0,28.0,263,541,255,4.58,4.59,4.58,4.48,4.46,4.4,4.49,5,3.97,1,159.0,153.0,9.216587045473686,127.0
1,1.0,1,1,0,0,0,0,0,1,0,0,0,1.0,1.0,2.0,1.0,1125.0,318,612,255,4.91,4.93,4.91,4.96,4.95,4.95,4.7,1,4.33,1,139.0,139.0,0.3929545490103784,311.54
1,2.0,1,1,0,0,0,0,0,1,0,0,0,1.0,3.0,3.0,5.0,8.0,204,93,90,4.86,4.9,4.86,4.97,4.98,4.94,4.7,1,0.68,1,148.0,139.0,1.5070470682521904,413.2
1,1.0,1,1,0,1,0,1,0,0,0,0,0,1.0,1.0,1.0,2.0,7.0,294,358,211,4.85,4.84,4.89,4.95,4.94,4.83,4.78,1,2.57,1,139.0,139.0,3.5722381413128392,143.0
0,1.0,1,1,0,0,0,1,0,0,0,0,0,1.0,1.0,1.0,4.0,730.0,172,51,40,4.94,4.94,4.94,4.94,4.92,4.92,4.73,1,0.37,1,164.0,137.0,1.1571493106152784,325.25
1,1.0,1,1,0,1,0,1,0,0,0,0,0,1.0,1.0,1.0,3.0,1125.0,87,342,218,4.88,4.89,4.94,4.97,4.98,4.9,4.74,1,2.45,1,139.0,139.0,1.9492348175138057,138.0
1,2.0,1,1,0,0,0,0,0,1,0,0,0,1.0,2.0,2.0,2.0,14.0,9,52,55,4.83,4.81,4.63,4.85,4.9,4.56,4.63,2,0.38,1,138.0,138.0,4.378242941750007,134.5
1,6.0,1,1,0,1,0,1,0,0,0,0,0,1.0,1.0,1.0,2.0,14.0,3,392,255,4.85,4.91,4.85,4.93,4.88,4.95,4.79,6,2.8,1,138.0,138.0,0.7263986930090002,113.0
1,3.0,1,1,0,1,0,1,0,0,0,0,0,1.5,1.0,2.0,1.0,1125.0,132,235,255,4.79,4.8,4.69,4.93,4.91,4.79,4.51,2,1.75,1,144.0,143.0,1.515797028356757,123.0
1,2.0,1,1,0,0,0,1,0,0,0,0,0,1.0,1.0,2.0,1.0,730.0,91,531,255,4.93,4.93,4.97,4.97,4.99,4.93,4.8,2,3.79,1,138.0,138.0,0.9854305815113664,158.0
1,2.0,1,1,0,0,0,1,0,0,0,0,0,1.5,1.0,4.0,1.0,365.0,104,544,255,4.9,4.92,4.94,4.95,4.95,4.91,4.74,2,3.87,1,138.0,138.0,0.9855256324482708,209.98
0,1.0,1,1,0,0,0,0,0,1,0,0,0,1.0,3.0,2.0,3.0,30.0,10,41,23,4.59,4.71,4.1,4.83,4.9,4.5,4.43,1,0.29,1,144.0,144.0,5.707124621909625,211.25
1,2.0,1,1,0,1,0,1,0,0,0,0,0,1.0,1.0,1.0,1.0,14.0,237,926,255,4.89,4.89,4.92,4.93,4.95,4.97,4.79,2,7.52,1,169.0,169.0,1.0322637990758325,189.0
0,1.0,1,1,0,0,0,0,0,1,0,0,0,2.0,2.0,3.0,3.0,30.0,5,42,0,4.98,4.98,4.88,4.98,5.0,4.85,4.76,1,0.3,1,161.0,138.0,2.4629068784365944,303.33
1,6.0,1,1,0,1,0,1,0,0,0,0,0,1.0,1.0,2.0,2.0,14.0,13,334,211,4.81,4.88,4.88,4.9,4.88,4.95,4.75,6,2.39,1,138.0,138.0,0.7235406742323977,136.0
0,1.0,1,1,0,0,0,1,0,0,0,0,0,1.0,1.0,1.0,5.0,40.0,12,34,50,4.91,4.97,4.94,4.85,5.0,4.82,4.71,1,0.24,1,165.0,138.0,2.3468143458626414,326.4
0,1.0,1,1,0,0,0,1,0,0,0,0,0,1.0,1.0,1.0,3.0,8.0,42,28,23,4.82,4.93,4.93,5.0,5.0,4.93,4.54,1,0.21,1,164.0,138.0,2.8721647049271932,287.33
0,1.0,1,1,0,0,0,0,0,1,0,0,0,1.0,3.0,2.0,3.0,20.0,7,15,16,4.93,5.0,4.93,5.0,5.0,4.93,4.8,1,0.12,1,138.0,138.0,3.4637210443407427,475.67
0,1.0,1,1,0,1,0,0,0,0,0,0,0,1.0,1.0,1.0,1.0,2.0,5,561,255,4.53,4.68,4.5,4.66,4.72,4.86,4.48,1,4.02,1,148.0,138.0,1.1259006046669555,102.0
0,1.0,1,1,0,0,0,0,0,1,0,0,0,1.0,2.0,3.0,1.0,30.0,9,130,39,4.86,4.89,4.9,4.85,4.9,4.93,4.74,1,0.97,1,138.0,134.0,1.1342337589158462,399.67
0,1.0,1,1,0,0,0,0,0,0,1,0,0,1.5,4.0,2.0,5.0,30.0,15,6,20,5.0,5.0,5.0,5.0,5.0,4.33,4.83,1,0.17,1,138.0,34.0,4.388163669657238,331.0
0,1.0,1,1,0,0,0,1,0,0,0,0,0,1.0,1.0,1.0,1.0,7.0,86,62,31,4.92,4.97,5.0,4.95,4.97,4.82,4.79,1,0.44,1,138.0,138.0,1.5363655402020158,239.65
0,1.0,1,1,0,0,0,0,1,0,0,0,0,1.0,2.0,2.0,4.0,25.0,29,3,0,5.0,5.0,5.0,5.0,5.0,5.0,4.67,1,0.04,1,138.0,82.0,2.7599992172176306,353.75
1,3.0,1,1,0,1,0,1,0,0,0,0,0,1.0,1.0,1.0,3.0,180.0,360,299,101,4.86,4.89,4.86,4.97,4.98,4.56,4.73,3,2.17,1,142.0,137.0,7.1633775730107185,108.41
1,4.0,1,1,0,1,0,0,1,0,0,0,0,1.5,2.0,2.0,1.0,28.0,143,80,78,4.93,4.96,4.84,4.99,4.99,4.79,4.84,4,0.73,1,160.0,155.0,2.45415019389747,255.0
1,2.0,1,1,0,1,0,0,0,1,0,0,0,1.0,2.0,4.0,2.0,120.0,283,276,226,4.74,4.83,4.79,4.95,4.93,4.82,4.57,1,1.98,1,137.0,137.0,1.6416286122579489,196.86
0,3.0,1,1,0,1,0,1,0,0,0,0,0,1.5,1.0,1.0,1.0,1125.0,83,569,23,4.92,4.92,4.9,4.93,4.96,4.87,4.8,2,4.13,1,137.0,135.0,2.1701465212986064,147.5
0,1.0,1,1,0,0,0,1,0,0,0,0,0,1.0,1.0,1.0,1.0,30.0,138,16,0,5.0,5.0,4.94,5.0,5.0,4.88,4.69,1,0.13,1,196.0,185.0,2.422883200565994,299.75
0,1.0,1,1,0,0,0,0,0,0,1,0,0,2.5,4.0,6.0,5.0,365.0,56,16,40,5.0,5.0,5.0,5.0,5.0,4.88,4.81,1,0.34,1,166.0,52.0,3.336516883131104,549.82
0,1.0,1,1,0,0,0,0,0,1,0,0,0,2.0,3.0,3.0,1.0,28.0,165,16,0,4.81,4.81,4.63,4.93,4.93,4.67,4.6,1,0.13,1,141.0,137.0,4.987416647722028,266.55
1,3.0,1,1,0,1,0,1,0,0,0,0,0,1.0,1.0,2.0,3.0,180.0,358,255,133,4.87,4.89,4.88,4.93,4.95,4.58,4.72,3,1.84,1,142.0,137.0,7.217964115631485,108.41
1,1.0,1,1,0,0,0,0,0,1,0,0,0,1.0,2.0,3.0,2.0,1125.0,51,69,31,4.78,4.8,4.61,4.9,4.93,4.76,4.47,1,0.5,1,136.0,136.0,1.7231227726149474,548.0
0,1.0,1,1,0,0,0,1,0,0,0,0,0,1.0,1.0,1.0,1.0,30.0,96,92,16,4.85,4.9,4.77,4.82,4.82,4.78,4.72,1,0.67,1,136.0,136.0,2.4993788971047337,274.0
0,1.0,1,1,0,0,0,0,0,1,0,0,0,1.0,3.0,3.0,2.0,2.0,189,13,55,4.85,4.92,4.85,5.0,5.0,4.92,4.62,1,0.54,1,136.0,25.0,3.3181780112215127,359.5
1,2.0,1,1,0,1,0,0,0,1,0,0,0,1.0,1.0,3.0,2.0,1125.0,221,287,255,4.93,4.91,4.88,4.95,4.96,4.89,4.74,1,2.19,1,189.0,185.0,1.9069221721167913,251.06
0,1.0,1,1,0,0,0,0,1,0,0,0,0,1.0,1.0,1.0,1.0,999.0,48,7,0,5.0,5.0,5.0,5.0,5.0,4.43,4.71,1,0.05,1,150.0,136.0,2.789222756027461,239.0
1,3.0,1,1,0,1,0,1,0,0,0,0,0,1.5,1.0,1.0,2.0,30.0,238,135,78,4.91,4.9,4.84,4.96,4.98,4.77,4.83,3,0.99,1,160.0,136.0,4.2864689736195505,203.0
0,1.0,1,1,0,1,0,0,1,0,0,0,0,1.0,1.0,2.0,3.0,180.0,258,469,255,4.72,4.79,4.82,4.73,4.58,4.9,4.58,1,3.43,1,152.0,135.0,1.2482917055860878,198.0
1,1.0,1,0,0,1,0,0,0,1,0,0,0,1.0,2.0,4.0,1.0,180.0,42,185,255,4.91,4.9,4.84,4.93,4.94,4.95,4.77,1,1.37,1,148.0,134.0,1.1077398474663618,394.0
0,1.0,1,1,0,0,0,1,0,0,0,0,0,1.5,1.0,1.0,7.0,35.0,347,37,0,4.65,4.76,4.43,4.81,4.89,4.57,4.57,1,0.27,1,153.0,135.0,2.186759382042892,190.86
0,1.0,1,1,0,0,0,1,0,0,0,0,0,1.0,1.0,1.0,2.0,25.0,30,21,39,4.9,4.95,4.86,4.95,5.0,4.95,4.76,1,0.52,1,138.0,41.0,2.2345694892495165,361.67
1,1.0,1,1,0,1,0,1,0,0,0,0,0,1.0,1.0,1.0,2.0,56.0,122,448,255,4.75,4.82,4.7,4.92,4.89,4.74,4.61,1,3.28,1,147.0,147.0,3.06751543469955,165.5
0,3.0,1,1,0,0,0,0,0,1,0,0,0,1.5,2.0,3.0,3.0,30.0,68,47,0,4.83,4.83,4.89,4.96,4.94,4.77,4.7,2,0.35,1,167.0,138.0,2.8522983796391927,308.33
0,1.0,1,1,0,0,0,1,0,0,0,0,0,1.0,1.0,1.0,2.0,100.0,4,78,23,4.9,4.95,4.91,4.87,4.97,4.87,4.67,1,0.57,1,135.0,135.0,1.7609230136805594,357.67
0,1.0,1,1,0,0,0,0,0,1,0,0,0,3.0,2.0,3.0,1.0,25.0,96,28,23,4.89,4.82,4.86,4.93,5.0,4.89,4.89,1,0.23,1,139.0,132.0,1.3352525824533157,422.25
1,1.0,1,1,0,1,0,1,0,0,0,0,0,1.0,1.0,1.0,3.0,1125.0,63,45,133,5.0,4.96,4.98,5.0,5.0,4.91,4.93,1,0.33,1,143.0,135.0,1.61735678032753,371.0
1,1.0,1,1,0,0,0,1,0,0,0,0,0,1.0,1.0,1.0,1.0,1125.0,118,708,255,4.89,4.88,4.92,4.95,4.95,4.98,4.74,1,5.21,1,135.0,134.0,0.7455928740740067,265.5
0,1.0,1,1,0,0,0,1,0,0,0,0,0,1.0,1.0,1.0,3.0,10.0,14,21,39,4.86,4.76,4.95,4.9,4.95,4.67,4.33,1,0.15,1,177.0,177.0,2.229695457053558,308.33
0,1.0,1,1,0,0,0,0,0,1,0,0,0,1.0,2.0,2.0,2.0,21.0,5,20,16,5.0,5.0,4.85,5.0,4.95,4.9,4.75,1,0.17,1,165.0,132.0,1.879718638814959,392.0
0,1.0,1,1,0,0,0,0,0,0,1,0,0,2.0,4.0,4.0,4.0,21.0,144,11,0,5.0,4.91,5.0,5.0,5.0,5.0,4.91,1,0.08,1,135.0,135.0,8.27109539087708,612.25
1,1.0,1,1,0,0,0,0,0,1,0,0,0,2.0,2.0,2.0,3.0,1125.0,54,64,39,4.94,4.92,4.84,4.92,4.94,4.97,4.63,1,0.51,1,160.0,123.0,0.9359345897200203,713.67
1,2.0,1,1,0,1,0,1,0,0,0,0,0,1.0,1.0,1.0,1.0,1125.0,38,240,140,4.85,4.82,4.88,4.97,4.94,4.64,4.69,2,1.76,1,134.0,134.0,5.412134993999037,197.0
0,1.0,1,1,0,0,0,0,0,1,0,0,0,1.0,3.0,4.0,4.0,20.0,60,7,24,4.86,4.86,4.86,5.0,5.0,4.71,4.86,1,0.05,1,134.0,134.0,5.063090936496353,513.53
0,1.0,1,1,0,1,0,0,0,0,0,0,0,1.5,1.0,1.0,3.0,62.0,19,287,31,4.8,4.86,4.85,4.89,4.93,4.76,4.61,1,2.1,1,134.0,134.0,2.2735554208811606,118.0
1,1.0,1,1,0,1,0,1,0,0,0,0,0,1.0,1.0,1.0,2.0,14.0,18,219,255,4.78,4.77,4.85,4.9,4.86,4.94,4.45,1,1.61,1,134.0,134.0,0.3877434290302884,156.5
1,1.0,1,1,0,0,0,0,0,1,0,0,0,1.0,2.0,3.0,3.0,6.0,10,543,255,4.87,4.89,4.71,4.91,4.92,4.95,4.72,1,3.98,1,134.0,134.0,2.232350747328752,227.75
0,1.0,1,1,0,1,0,1,0,0,0,0,0,1.0,1.0,1.0,1.0,7.0,11,363,195,4.85,4.81,4.93,4.93,4.95,4.98,4.67,1,2.66,1,70.0,56.0,1.279068975188522,174.5
0,1.0,1,1,0,0,0,1,0,0,0,0,0,2.0,2.0,1.0,7.0,30.0,347,4,14,4.25,4.25,4.25,4.5,4.0,5.0,4.25,1,0.1,1,151.0,134.0,1.0690605539281586,411.72
0,1.0,1,1,0,0,0,1,0,0,0,0,0,1.0,1.0,1.0,1.0,4.0,166,88,55,4.75,4.8,4.72,4.68,4.76,4.92,4.53,1,0.65,1,160.0,134.0,1.5499320655464077,457.0
1,1.0,1,1,0,1,0,0,1,0,0,0,0,1.5,1.0,2.0,1.0,30.0,299,315,255,4.86,4.85,4.97,4.92,4.94,4.83,4.75,1,2.31,1,135.0,134.0,7.2567566152205405,148.36
0,1.0,1,1,0,0,0,0,0,1,0,0,0,1.0,2.0,2.0,5.0,10.0,104,66,0,4.94,4.95,4.8,4.98,4.95,4.92,4.82,1,0.49,1,134.0,134.0,1.640653350813221,299.0
1,2.0,1,1,0,0,0,0,0,1,0,0,0,1.0,3.0,3.0,1.0,30.0,20,57,23,4.86,4.91,4.88,5.0,4.96,4.95,4.67,1,0.42,1,151.0,134.0,1.9301496770443347,628.0
0,1.0,1,1,0,0,0,1,0,0,0,0,0,1.0,1.0,1.0,2.0,1125.0,25,123,39,4.82,4.84,4.67,4.96,4.98,4.71,4.7,1,0.9,1,147.0,134.0,2.206017409815289,192.33
0,2.0,1,1,0,1,0,0,1,0,0,0,0,1.0,1.0,2.0,2.0,16.0,19,0,0,-1.0,-1.0,-1.0,-1.0,-1.0,-1.0,-1.0,2,0.0,0,150.0,48.0,2.7464398999776503,197.0
0,1.0,1,1,0,0,0,0,0,1,0,0,0,1.0,1.0,1.0,3.0,30.0,27,10,16,4.8,4.8,4.5,4.9,4.9,4.4,4.5,1,0.07,1,135.0,134.0,2.586353590401331,359.47
0,1.0,1,1,0,0,0,1,0,0,0,0,0,1.0,1.0,1.0,3.0,6.0,10,55,8,4.71,4.87,4.55,4.91,5.0,4.7,4.56,1,0.41,1,143.0,134.0,1.8330581932968135,234.0
0,1.0,1,1,0,0,0,0,0,1,0,0,0,1.0,1.0,1.0,3.0,30.0,206,70,8,4.86,4.88,4.81,4.93,4.94,4.58,4.65,1,0.52,1,143.0,143.0,2.6391036824386456,365.33
1,1.0,1,1,0,1,0,0,0,1,0,0,0,1.0,1.0,2.0,2.0,1125.0,54,480,255,4.82,4.89,4.85,4.92,4.9,4.56,4.72,1,3.54,1,140.0,134.0,6.907637828991482,186.5
0,3.0,1,1,0,0,0,0,0,1,0,0,0,2.0,3.0,3.0,2.0,10.0,341,25,31,4.36,4.6,4.28,4.76,4.68,4.64,4.36,1,0.21,1,154.0,134.0,1.7233431187579658,599.5
0,1.0,1,1,0,0,0,1,0,0,0,0,0,1.0,1.0,1.0,5.0,365.0,166,5,10,5.0,5.0,5.0,5.0,5.0,5.0,4.6,1,0.13,1,160.0,40.0,2.0394572967464786,214.6
0,1.0,1,1,0,0,0,0,0,1,0,0,0,1.0,4.0,2.0,3.0,19.0,10,47,31,4.91,4.85,4.93,4.98,4.98,4.87,4.62,1,0.35,1,155.0,134.0,0.9893384863314535,534.33
0,1.0,1,1,0,0,0,0,0,1,0,0,0,1.0,2.0,2.0,6.0,30.0,102,82,0,4.91,4.9,4.83,4.89,4.91,4.7,4.74,1,0.61,1,93.0,93.0,2.681544450003194,347.17
1,1.0,1,1,0,1,0,1,0,0,0,0,0,1.0,1.0,1.0,1.0,730.0,11,411,255,4.88,4.89,4.96,4.97,4.96,4.95,4.79,1,3.03,1,134.0,133.0,0.9057716667183172,113.17
0,1.0,1,1,0,0,0,0,0,1,0,0,0,1.0,4.0,2.0,4.0,14.0,8,19,8,4.89,4.95,4.95,4.79,4.95,4.89,4.89,1,0.2,1,142.0,134.0,2.3514960739518367,408.0
1,1.0,1,1,0,0,0,0,0,1,0,0,0,1.0,1.0,3.0,1.0,1125.0,34,518,109,4.82,4.86,4.9,4.9,4.93,4.86,4.61,1,3.82,1,142.0,133.0,1.3834975475610733,270.0
0,1.0,1,1,0,0,0,1,0,0,0,0,0,1.0,1.0,1.0,1.0,4.0,65,11,55,5.0,4.91,4.82,4.91,5.0,4.91,5.0,1,0.55,1,136.0,134.0,1.21953816584926,272.0
1,2.0,1,1,0,1,0,1,0,0,0,0,0,1.0,1.0,2.0,2.0,60.0,129,214,133,4.73,4.67,4.59,4.91,4.88,4.76,4.56,2,1.58,1,140.0,135.0,2.535924867038955,134.0
0,1.0,1,1,0,0,0,1,0,0,0,0,0,1.0,1.0,1.0,1.0,10.0,13,62,23,5.0,4.92,4.93,4.98,5.0,4.94,4.84,1,0.47,1,134.0,133.0,2.6769338606668627,290.0
0,1.0,1,1,0,0,0,1,0,0,0,0,0,1.0,1.0,1.0,1.0,1125.0,117,543,255,4.78,4.86,4.76,4.87,4.85,4.96,4.61,1,4.0,1,134.0,134.0,1.0841634564149076,239.65
0,1.0,1,1,0,0,0,1,0,0,0,0,0,1.5,1.0,1.0,2.0,1125.0,152,365,94,4.75,4.81,4.7,4.89,4.92,4.76,4.55,1,2.7,1,138.0,138.0,2.3179926242964743,213.0
0,1.0,1,1,0,1,0,0,0,1,0,0,0,1.5,2.0,4.0,2.0,1125.0,365,35,16,4.86,4.69,4.71,4.83,4.91,4.46,4.6,1,0.69,1,134.0,131.0,5.2144374465411065,428.0
0,2.0,1,1,0,1,0,0,1,0,0,0,0,1.0,1.0,4.0,1.0,1125.0,142,678,255,4.54,4.7,4.45,4.8,4.68,4.58,4.51,1,4.99,1,134.0,134.0,2.4770158018739306,98.0
0,1.0,1,1,0,0,0,1,0,0,0,0,0,1.0,1.0,1.0,2.0,60.0,319,5,16,5.0,4.4,5.0,5.0,5.0,5.0,4.8,1,0.31,1,133.0,18.0,2.9996246633381483,337.0
1,1.0,1,1,0,0,0,0,0,1,0,0,0,1.5,2.0,2.0,2.0,1125.0,116,68,62,4.88,4.85,4.93,4.97,4.97,4.47,4.62,1,0.51,1,160.0,133.0,3.0163805125548193,364.33
0,1.0,1,1,0,0,0,0,0,1,0,0,0,2.0,3.0,3.0,5.0,25.0,25,28,70,4.89,4.96,4.75,4.93,5.0,4.93,4.75,1,0.21,1,158.0,133.0,1.3634728560461078,589.8
0,1.0,1,1,0,0,0,1,0,0,0,0,0,1.0,1.0,1.0,3.0,21.0,338,86,47,4.88,4.91,4.9,4.93,4.91,4.91,4.6,1,0.64,1,134.0,133.0,1.043911767755505,506.0
1,1.0,1,1,0,1,0,0,0,1,0,0,0,1.0,2.0,3.0,1.0,1125.0,335,142,242,4.85,4.85,4.68,4.9,4.92,4.79,4.64,1,1.05,1,144.0,133.0,2.6748212083651257,308.45
0,1.0,1,1,0,0,0,1,0,0,0,0,0,1.5,1.0,1.0,3.0,21.0,6,21,0,4.86,4.86,4.81,4.95,4.81,4.67,4.76,1,0.15,1,133.0,133.0,2.539021353726814,274.0
1,1.0,1,1,0,0,0,0,0,1,0,0,0,1.5,1.0,4.0,1.0,1125.0,68,153,255,4.86,4.89,4.84,4.88,4.87,4.97,4.72,1,1.14,1,148.0,145.0,1.6160392892811704,582.0
1,2.0,1,1,0,1,0,0,0,0,0,0,0,1.5,1.0,1.0,1.0,1125.0,180,771,255,4.59,4.7,4.43,4.86,4.85,4.78,4.52,2,5.69,1,133.0,133.0,2.1001620137510737,87.0
1,2.0,1,1,0,1,0,1,0,0,0,0,0,1.0,1.0,1.0,2.0,1125.0,258,596,255,4.98,4.98,4.99,4.99,4.99,4.96,4.88,2,4.42,1,133.0,133.0,2.9729950172634836,171.5
1,2.0,1,1,0,1,0,1,0,0,0,0,0,1.0,1.0,1.0,2.0,1125.0,273,550,255,4.96,4.97,4.98,4.99,4.99,4.94,4.86,2,4.06,1,133.0,133.0,2.9732709374350557,171.5
0,1.0,1,1,0,0,0,0,0,1,0,0,0,1.0,2.0,2.0,2.0,10.0,18,126,55,4.83,4.91,4.71,4.98,4.98,4.86,4.66,1,0.94,1,133.0,133.0,1.4829045021076876,598.0
0,1.0,1,1,0,0,0,0,0,0,1,0,0,2.0,4.0,4.0,1.0,1125.0,11,58,55,4.86,4.84,4.74,4.9,4.95,4.83,4.55,1,0.48,1,142.0,133.0,3.682609460701099,499.5
0,1.0,1,1,0,0,0,0,0,1,0,0,0,1.0,3.0,3.0,3.0,30.0,224,42,16,4.98,4.98,4.93,5.0,5.0,4.95,4.85,1,0.32,1,133.0,133.0,2.1911959115575006,437.67
0,1.0,1,1,0,0,0,0,0,1,0,0,0,1.0,3.0,2.0,3.0,365.0,11,38,39,4.84,4.89,4.89,4.97,4.95,4.86,4.76,1,0.29,1,135.0,133.0,1.1197212625781632,582.0
0,1.0,1,1,0,0,0,1,0,0,0,0,0,1.0,1.0,1.0,5.0,120.0,30,17,0,5.0,4.94,4.94,4.94,4.94,4.71,4.53,1,0.13,1,158.0,133.0,3.983701369678744,246.0
1,2.0,1,1,0,0,0,0,0,1,0,0,0,1.0,2.0,2.0,1.0,8.0,62,92,47,4.78,4.87,4.57,4.96,4.88,4.6,4.6,2,0.69,1,133.0,133.0,3.7558768095124306,258.67
1,9.0,1,1,0,0,0,1,0,0,0,0,0,1.0,1.0,1.0,1.0,6.0,284,806,255,4.86,4.9,4.81,4.88,4.84,4.77,4.58,7,6.64,1,134.0,122.0,1.1922879492053018,209.0
0,1.0,1,1,0,0,0,0,0,1,0,0,0,1.0,3.0,3.0,3.0,30.0,244,10,16,5.0,5.0,4.9,5.0,5.0,5.0,4.9,1,0.29,1,133.0,35.0,2.590721033523501,456.67
0,1.0,1,1,0,0,0,0,0,0,1,0,0,0.5,3.0,4.0,6.0,30.0,249,6,12,4.83,5.0,4.67,5.0,5.0,4.83,4.83,1,0.05,1,158.0,121.0,4.295488206660061,489.83
1,1.0,1,1,0,0,0,1,0,0,0,0,0,1.0,1.0,1.0,2.0,1125.0,35,529,255,4.96,4.97,4.95,4.99,4.99,4.91,4.84,1,3.94,1,146.0,132.0,1.9562141923238399,174.25
0,1.0,1,1,0,0,0,0,0,1,0,0,0,3.0,3.0,5.0,5.0,17.0,96,9,0,4.89,5.0,5.0,4.89,5.0,5.0,4.78,1,0.07,1,168.0,138.0,3.627362577854069,593.2
0,2.0,1,1,0,1,0,1,0,0,0,0,0,1.0,1.0,1.0,2.0,1125.0,236,496,255,4.79,4.86,4.79,4.96,4.92,4.86,4.65,1,3.8,1,133.0,128.0,1.3630853286484228,183.0
0,1.0,1,1,0,1,0,1,0,0,0,0,0,1.0,1.0,1.0,2.0,1125.0,20,507,255,4.8,4.88,4.73,4.97,4.95,4.91,4.7,1,3.76,1,133.0,133.0,1.654936599316248,129.0
0,1.0,1,1,0,0,0,0,0,1,0,0,0,1.5,3.0,7.0,4.0,16.0,17,18,0,4.67,4.72,4.61,4.67,4.78,4.11,4.44,1,0.14,1,143.0,133.0,5.790273182522043,306.75
1,1.0,1,1,0,0,0,0,0,0,0,1,0,2.5,4.0,5.0,2.0,1125.0,27,44,23,4.98,4.98,4.95,4.98,4.91,4.65,4.7,1,0.35,1,153.0,153.0,4.738126662564524,459.5
0,2.0,1,1,0,0,0,0,0,1,0,0,0,1.0,2.0,2.0,4.0,4.0,170,24,48,4.96,4.92,4.88,4.96,4.96,4.88,4.71,1,0.19,1,156.0,132.0,2.7496678330262405,635.0
0,1.0,1,1,0,0,0,0,0,1,0,0,0,1.0,2.0,2.0,1.0,3.0,6,59,47,4.95,4.95,4.97,4.98,4.97,4.93,4.88,1,0.44,1,133.0,133.0,0.7559955272709294,489.0
1,1.0,1,1,0,0,0,0,1,0,0,0,0,1.5,2.0,2.0,2.0,1125.0,161,685,255,4.92,4.94,4.88,4.98,4.95,4.97,4.79,1,5.09,1,145.0,132.0,1.2148185610035571,260.5
0,1.0,1,1,0,1,0,1,0,0,0,0,0,2.0,1.0,1.0,2.0,1125.0,166,336,203,4.47,4.5,4.53,4.44,4.5,4.83,4.24,1,2.52,1,132.0,132.0,0.7302629263195065,133.5
0,1.0,1,1,0,0,0,0,1,0,0,0,0,1.0,2.0,2.0,1.0,21.0,94,21,0,4.76,4.95,4.76,5.0,4.9,4.81,4.67,1,0.16,1,152.0,132.0,2.8222324993194254,302.6
0,1.0,1,1,0,0,0,1,0,0,0,0,0,1.0,1.0,1.0,1.0,1125.0,19,61,31,4.92,4.98,4.9,5.0,5.0,4.82,4.87,1,0.49,1,132.0,123.0,2.0481889136531155,230.0
0,1.0,1,1,0,0,0,0,0,1,0,0,0,2.0,5.0,5.0,1.0,1125.0,194,40,8,4.65,4.67,4.6,4.9,4.9,4.85,4.44,1,0.3,1,155.0,132.0,1.4664141687270495,765.0
1,1.0,1,1,0,1,0,1,0,0,0,0,0,1.0,1.0,1.0,2.0,1125.0,43,394,255,4.9,4.88,4.99,4.94,4.93,4.73,4.78,1,2.94,1,152.0,132.0,2.819445469415717,126.0
0,1.0,1,1,0,0,0,0,0,1,0,0,0,1.0,2.0,2.0,2.0,8.0,27,85,23,4.73,4.75,4.65,4.87,4.9,4.6,4.55,1,0.64,1,142.0,132.0,2.3457875383420337,317.25
0,1.0,1,1,0,0,0,0,1,0,0,0,0,1.0,1.0,2.0,3.0,3.0,46,71,8,4.59,4.69,4.48,4.96,4.94,4.79,4.3,1,0.53,1,145.0,132.0,2.140783103985686,227.33
1,1.0,1,1,0,1,0,0,0,1,0,0,0,1.0,2.0,1.0,2.0,1125.0,233,521,255,4.94,4.96,4.93,4.95,4.99,4.98,4.79,1,4.6,1,140.0,112.0,1.5635923543583967,321.5
1,1.0,1,1,0,1,0,0,0,0,0,0,0,1.5,1.0,1.0,2.0,730.0,203,421,255,4.75,4.83,4.74,4.84,4.78,4.51,4.64,1,3.16,1,132.0,132.0,10.552699880123821,78.5
1,1.0,1,1,0,1,0,1,0,0,0,0,0,1.5,1.0,2.0,3.0,1125.0,242,605,255,4.87,4.89,4.82,4.94,4.93,4.93,4.75,1,4.59,1,149.0,148.0,1.8722728185399524,173.33
0,1.0,1,1,0,0,0,0,0,1,0,0,0,2.0,3.0,3.0,1.0,30.0,9,56,16,4.89,4.95,4.88,4.91,4.96,4.78,4.69,1,0.46,1,132.0,132.0,2.130991256824141,589.67
0,2.0,1,1,0,0,0,1,0,0,0,0,0,1.0,1.0,2.0,7.0,180.0,65,122,0,4.89,4.96,4.75,4.93,4.93,4.98,4.8,2,0.91,1,146.0,132.0,0.1554074220752681,232.43
0,1.0,1,1,0,0,0,1,0,0,0,0,0,1.0,1.0,1.0,2.0,15.0,76,81,39,4.74,4.85,4.71,4.77,4.93,4.67,4.49,1,0.61,1,160.0,132.0,2.019104186339699,245.36
0,2.0,1,1,0,0,0,0,0,1,0,0,0,1.0,2.0,3.0,6.0,28.0,14,32,24,4.91,4.84,4.88,5.0,5.0,4.94,4.84,1,0.26,1,132.0,123.0,2.1488102256688024,506.83
0,1.0,1,1,0,0,0,0,0,1,0,0,0,2.0,3.0,4.0,3.0,1125.0,19,127,8,4.92,4.89,4.94,4.98,5.0,4.85,4.69,1,0.95,1,132.0,132.0,1.79218718563923,536.67
1,1.0,1,1,0,0,0,1,0,0,0,0,0,1.0,1.0,1.0,1.0,120.0,259,222,133,4.91,4.92,4.95,5.0,4.98,4.93,4.76,1,1.67,1,132.0,132.0,1.5166286308342314,205.6
0,2.0,1,1,0,0,0,1,0,0,0,0,0,1.0,1.0,1.0,5.0,60.0,32,53,0,4.77,4.75,4.39,4.88,4.96,4.87,4.62,2,0.4,1,132.0,132.0,1.5016592877366943,196.28
0,1.0,1,1,0,0,0,1,0,0,0,0,0,1.0,1.0,1.0,2.0,1125.0,329,66,39,4.79,4.74,4.68,4.88,4.91,4.67,4.36,1,0.5,1,132.0,132.0,2.394069419065067,311.0
0,1.0,1,1,0,0,0,0,0,1,0,0,0,1.0,1.0,3.0,1.0,14.0,96,58,55,4.88,4.86,4.6,4.91,4.95,4.84,4.78,1,0.43,1,138.0,132.0,5.516596799323758,204.5
0,1.0,1,1,0,0,0,1,0,0,0,0,0,1.0,1.0,1.0,1.0,1125.0,119,107,62,4.5,4.66,4.43,4.73,4.77,4.79,4.46,1,0.8,1,152.0,132.0,1.9160316037020988,263.33
0,1.0,1,1,0,1,0,1,0,0,0,0,0,1.0,1.0,1.0,1.0,30.0,165,394,226,4.81,4.87,4.74,4.94,4.96,4.87,4.68,1,2.95,1,131.0,131.0,1.500436005791415,200.0
1,3.0,1,1,0,1,0,1,0,0,0,0,0,1.5,1.0,1.0,3.0,30.0,238,104,31,4.9,4.94,4.9,4.89,4.95,4.77,4.82,3,0.78,1,160.0,136.0,4.184017966086316,160.0
1,1.0,1,1,0,0,0,1,0,0,0,0,0,1.0,1.0,1.0,2.0,30.0,60,70,47,4.9,4.94,4.83,4.97,4.94,4.96,4.7,1,0.53,1,131.0,131.0,1.3179789452389143,429.5
0,1.0,1,1,0,0,0,0,0,1,0,0,0,1.5,2.0,3.0,1.0,1125.0,15,35,47,4.94,5.0,4.94,5.0,5.0,4.8,4.89,1,0.26,1,158.0,131.0,5.211710508661437,257.91
1,1.0,1,1,0,1,0,0,0,1,0,0,0,1.0,2.0,2.0,1.0,1125.0,125,453,255,4.9,4.89,4.94,4.95,4.94,4.53,4.76,1,3.41,1,141.0,131.0,6.449682723005251,126.0
1,2.0,1,1,0,1,0,1,0,0,0,0,0,1.0,1.0,1.0,1.0,1125.0,54,922,255,4.87,4.89,4.9,4.94,4.94,4.89,4.63,2,7.68,1,131.0,130.0,1.560646176892599,112.98
0,1.0,1,1,0,1,0,1,0,0,0,0,0,1.0,1.0,1.0,5.0,1125.0,287,111,100,4.92,4.95,4.94,4.9,4.87,4.96,4.78,1,0.84,1,140.0,131.0,1.0475531971109524,301.4
1,2.0,1,1,0,1,0,1,0,0,0,0,0,1.0,1.0,1.0,1.0,1125.0,51,1015,255,4.88,4.88,4.92,4.94,4.96,4.88,4.65,2,7.73,1,131.0,130.0,1.3543987987925463,128.95
0,1.0,1,1,0,0,0,0,0,1,0,0,0,2.0,3.0,3.0,6.0,21.0,12,38,24,4.97,4.95,4.97,4.97,4.97,4.79,4.79,1,0.31,1,131.0,124.0,2.7657870085202507,371.7
0,1.0,1,1,0,0,0,1,0,0,0,0,0,1.0,1.0,1.0,3.0,10.0,352,5,8,4.6,4.8,4.6,4.6,4.6,4.4,4.6,1,0.04,1,150.0,131.0,4.214408354525259,274.0
0,1.0,1,1,0,0,0,1,0,0,0,0,0,1.0,1.0,1.0,3.0,4.0,364,44,23,4.77,4.82,4.59,4.86,4.91,4.6,4.42,1,0.35,1,131.0,129.0,2.721610032222457,247.33
1,1.0,1,1,0,1,0,0,0,1,0,0,0,1.5,3.0,4.0,1.0,1125.0,266,63,31,4.75,4.87,4.87,4.95,4.92,4.76,4.57,1,0.48,1,130.0,130.0,6.538715159944295,392.0
0,1.0,1,1,0,0,0,1,0,0,0,0,0,1.5,1.0,1.0,3.0,7.0,358,68,39,4.84,4.85,4.62,4.94,4.94,4.79,4.65,1,0.52,1,130.0,130.0,2.873711203554322,228.33
1,4.0,1,1,0,0,0,1,0,0,0,0,0,1.0,1.0,1.0,2.0,10.0,247,637,255,4.95,4.96,4.98,4.96,4.96,4.92,4.88,1,4.82,1,130.0,130.0,2.4152452924210546,294.0
0,1.0,1,1,0,1,0,1,0,0,0,0,0,1.0,1.0,1.0,2.0,1125.0,94,756,255,4.68,4.81,4.54,4.88,4.82,4.85,4.58,1,5.75,1,130.0,130.0,1.446343100098868,111.27
0,2.0,1,1,0,1,0,1,0,0,0,0,0,1.0,1.0,1.0,1.0,100.0,260,502,255,4.51,4.72,4.29,4.8,4.77,4.83,4.37,2,3.82,1,139.0,130.0,1.3540209503535923,126.0
0,1.0,1,1,0,0,0,1,0,0,0,0,0,1.5,1.0,1.0,1.0,18.0,83,1,0,5.0,4.0,4.0,5.0,5.0,4.0,4.0,1,0.03,1,130.0,80.0,2.197209961944748,280.0
0,1.0,1,1,0,1,0,1,0,0,0,0,0,1.0,1.0,1.0,1.0,1125.0,161,585,255,4.72,4.82,4.66,4.87,4.79,4.58,4.68,1,4.53,1,130.0,130.0,4.331270123022171,165.0
1,1.0,1,1,0,1,0,1,0,0,0,0,0,1.0,1.0,1.0,1.0,1125.0,241,877,255,4.76,4.83,4.76,4.9,4.89,4.76,4.67,1,6.66,1,130.0,130.0,2.1694141757175904,108.41
0,1.0,1,1,0,0,0,1,0,0,0,0,0,1.0,1.0,1.0,3.0,1125.0,81,59,8,4.9,4.92,4.97,4.91,4.98,4.72,4.76,1,0.45,1,130.0,130.0,2.070130328230008,255.67
0,1.0,1,1,0,0,0,0,0,1,0,0,0,1.0,2.0,2.0,7.0,1125.0,260,25,56,4.84,4.88,4.54,4.71,4.88,4.8,4.64,1,0.19,1,132.0,130.0,1.9278475574337035,415.29
0,1.0,1,1,0,0,0,0,0,1,0,0,0,1.0,2.0,2.0,2.0,1125.0,358,29,0,5.0,5.0,4.9,5.0,5.0,4.79,4.97,1,0.22,1,130.0,130.0,3.150626190865621,371.0
1,2.0,1,1,0,0,0,0,0,1,0,0,0,1.5,2.0,3.0,1.0,1125.0,246,432,255,4.83,4.84,4.85,4.85,4.87,4.96,4.64,2,3.32,1,169.0,169.0,1.1119341903082665,474.0
1,2.0,1,1,0,1,0,1,0,0,0,0,0,1.0,1.0,2.0,2.0,8.0,36,40,62,4.9,4.8,4.88,4.93,4.85,4.63,4.88,2,0.46,1,134.0,134.0,5.414208284099103,157.0
0,1.0,1,1,0,0,0,1,0,0,0,0,0,1.0,1.0,1.0,3.0,14.0,17,66,23,4.86,4.95,4.79,4.92,5.0,4.74,4.62,1,0.51,1,138.0,130.0,2.1972182842603853,261.33
1,2.0,1,1,0,1,0,1,0,0,0,0,0,1.0,1.0,1.0,3.0,10.0,303,139,172,4.68,4.78,4.81,4.86,4.84,4.54,4.46,2,1.06,1,133.0,133.0,3.56934220399843,106.67
1,1.0,1,1,0,0,0,0,0,1,0,0,0,1.0,2.0,2.0,3.0,31.0,81,427,255,4.92,4.92,4.96,4.99,4.97,4.97,4.72,1,3.26,1,133.0,129.0,1.4869420052703277,328.0
0,1.0,1,1,0,0,0,0,0,1,0,0,0,1.0,2.0,2.0,2.0,300.0,13,53,31,4.72,4.75,4.47,4.85,4.91,4.89,4.49,1,0.41,1,137.0,128.0,0.7562543874311971,542.33
0,1.0,1,1,0,0,0,1,0,0,0,0,0,1.0,1.0,1.0,4.0,16.0,45,57,0,4.72,4.79,4.35,4.93,4.95,4.84,4.6,1,0.43,1,163.0,129.0,2.009077948651925,198.5
0,1.0,1,1,0,0,0,1,0,0,0,0,0,1.0,1.0,1.0,1.0,31.0,195,8,16,4.63,4.5,4.0,4.5,4.75,4.63,4.38,1,0.17,1,150.0,46.0,2.630292095478584,251.33
1,1.0,1,1,0,1,0,0,1,0,0,0,0,1.0,1.0,2.0,1.0,1125.0,105,258,179,4.74,4.76,4.81,4.83,4.81,4.87,4.58,1,2.01,1,129.0,128.0,1.365754101491802,273.0
0,2.0,1,1,0,0,0,1,0,0,0,0,0,1.0,1.0,1.0,2.0,30.0,362,10,8,4.8,4.6,4.7,5.0,5.0,4.9,4.6,1,0.08,1,159.0,128.0,2.935217800976969,262.5
1,1.0,1,1,0,0,0,0,1,0,0,0,0,1.0,1.0,2.0,1.0,365.0,48,17,55,4.82,4.76,4.71,4.88,4.94,4.71,4.18,1,0.34,1,162.0,50.0,3.4890478507179767,338.0
1,1.0,1,1,0,0,0,0,0,1,0,0,0,1.0,1.0,2.0,2.0,1125.0,246,282,164,4.99,4.99,4.99,4.99,4.99,4.94,4.85,1,2.22,1,165.0,127.0,2.138173318222585,346.5
1,1.0,1,1,0,0,0,1,0,0,0,0,0,1.0,1.0,1.0,2.0,1125.0,241,518,255,4.9,4.92,4.89,4.95,4.94,4.98,4.73,1,4.06,1,129.0,127.0,0.48566065198875347,417.0
0,1.0,1,1,0,0,0,0,0,1,0,0,0,1.5,2.0,1.0,2.0,1125.0,19,32,0,4.47,4.44,4.56,4.75,4.84,4.47,4.06,1,0.24,1,135.0,129.0,2.3377607604390707,427.0
0,1.0,1,1,0,1,0,1,0,0,0,0,0,1.5,1.0,2.0,3.0,7.0,362,5,0,5.0,5.0,5.0,5.0,5.0,5.0,4.8,1,0.04,1,133.0,129.0,2.6377444825396434,186.67
0,1.0,1,1,0,0,0,1,0,0,0,0,0,1.0,1.0,1.0,4.0,30.0,173,2,0,5.0,5.0,5.0,5.0,5.0,4.0,5.0,1,0.05,1,130.0,43.0,2.9342108153574604,592.0
0,1.0,1,1,0,0,0,1,0,0,0,0,0,1.0,1.0,1.0,2.0,31.0,81,3,8,5.0,5.0,5.0,5.0,5.0,5.0,5.0,1,0.22,1,133.0,20.0,1.572659301082194,257.5
0,1.0,1,1,0,0,0,0,0,1,0,0,0,1.0,1.0,2.0,2.0,1125.0,49,100,255,4.47,4.5,4.51,4.83,4.81,4.82,4.34,1,0.77,1,141.0,141.0,1.3029056933752197,311.0
0,1.0,1,1,0,0,0,0,0,1,0,0,0,1.5,2.0,2.0,2.0,30.0,147,20,8,4.95,4.95,4.9,4.95,5.0,4.95,4.8,1,0.16,1,175.0,175.0,0.2801625915896389,526.67
1,3.0,1,1,0,0,0,1,0,0,0,0,0,1.5,1.0,1.0,2.0,1125.0,11,494,203,4.9,4.86,4.89,4.94,4.99,4.97,4.75,1,3.78,1,129.0,129.0,0.46558376458351486,294.8
0,1.0,1,1,0,1,0,1,0,0,0,0,0,1.0,1.0,1.0,2.0,1125.0,326,276,255,4.87,4.88,4.91,4.88,4.91,4.97,4.76,1,2.13,1,55.0,55.0,1.0628710973720887,235.77
0,1.0,1,1,0,1,0,0,0,0,0,1,0,1.0,1.0,4.0,1.0,1125.0,167,365,255,4.63,4.68,4.6,4.85,4.79,4.84,4.49,1,2.9,1,129.0,125.0,1.077491258673925,205.41
1,2.0,1,1,0,1,0,1,0,0,0,0,0,1.0,1.0,1.0,2.0,10.0,75,125,101,4.84,4.93,4.82,4.89,4.94,4.62,4.61,2,0.95,1,165.0,129.0,6.11938600093722,128.5
0,1.0,1,1,0,0,0,1,0,0,0,0,0,1.0,1.0,1.0,1.0,1125.0,23,109,133,4.97,4.98,4.94,5.0,5.0,4.82,4.89,1,0.87,1,129.0,124.0,2.4039114288477843,266.27
1,1.0,1,1,0,1,0,0,0,0,0,0,0,0.5,1.0,1.0,4.0,8.0,55,236,96,4.93,4.94,4.92,4.97,4.98,4.99,4.86,1,1.99,1,134.0,129.0,0.8667951925664957,107.0
0,2.0,1,1,0,0,0,0,0,1,0,0,0,3.0,4.0,4.0,3.0,28.0,25,65,16,4.8,4.92,4.8,4.89,4.91,4.82,4.62,1,0.5,1,160.0,160.0,1.72840851816875,635.75
1,2.0,1,1,0,0,0,1,0,0,0,0,0,1.0,1.0,2.0,2.0,90.0,237,105,156,4.68,4.61,4.45,4.91,4.9,4.88,4.46,2,0.83,1,140.0,135.0,2.305956212457931,240.0
0,1.0,1,1,0,0,0,1,0,0,0,0,0,2.5,1.0,1.0,2.0,8.0,135,82,47,4.84,4.94,4.72,4.96,4.94,4.87,4.72,1,0.63,1,141.0,128.0,2.2767174751797374,274.0
0,1.0,1,1,0,0,0,1,0,0,0,0,0,1.5,1.0,1.0,3.0,1125.0,11,24,0,4.92,4.96,4.96,4.96,4.96,4.83,4.83,1,0.19,1,131.0,127.0,2.206132005877794,349.0
0,1.0,1,1,0,0,0,1,0,0,0,0,0,1.0,1.0,1.0,2.0,30.0,118,2,16,5.0,5.0,5.0,5.0,5.0,5.0,5.0,1,1.33,1,135.0,19.0,1.7050131234211505,285.5
1,2.0,1,1,0,1,0,1,0,0,0,0,0,1.5,1.0,1.0,2.0,1125.0,296,595,255,4.78,4.81,4.59,4.88,4.93,4.95,4.72,2,4.57,1,141.0,141.0,1.0004804906151257,124.17
1,1.0,1,1,0,0,0,0,0,1,0,0,0,1.0,2.0,2.0,2.0,365.0,154,24,55,4.88,4.92,4.79,4.96,4.96,4.88,4.79,1,0.65,1,143.0,37.0,2.8206668463107465,408.5
0,1.0,1,1,0,0,0,0,1,0,0,0,0,1.0,1.0,2.0,4.0,100.0,115,8,16,5.0,4.63,4.88,5.0,5.0,5.0,4.63,1,0.3,1,143.0,28.0,2.381201437870379,302.5
1,1.0,1,1,0,1,0,1,0,0,0,0,0,1.0,1.0,1.0,1.0,730.0,270,340,255,4.88,4.92,4.88,4.95,4.92,4.73,4.73,1,2.62,1,139.0,136.0,3.7481630543851665,131.0
0,1.0,1,1,0,0,0,0,0,1,0,0,0,1.5,2.0,2.0,3.0,30.0,66,46,0,4.87,4.98,4.91,4.96,4.96,4.89,4.61,1,0.36,1,133.0,128.0,1.2439059991554788,347.0
1,1.0,1,1,0,1,0,1,0,0,0,0,0,1.0,1.0,1.0,2.0,30.0,131,606,255,4.94,4.91,4.98,4.98,4.98,4.94,4.83,1,4.66,1,128.0,128.0,1.37886107592712,185.0
0,1.0,1,1,0,0,0,1,0,0,0,0,0,1.0,1.0,1.0,5.0,32.0,76,0,0,-1.0,-1.0,-1.0,-1.0,-1.0,-1.0,-1.0,1,0.0,0,128.0,102.0,3.8882785725509907,239.8
1,1.0,1,1,0,1,0,1,0,0,0,0,0,1.5,1.0,1.0,1.0,1125.0,331,717,255,4.91,4.92,4.96,4.95,4.96,4.85,4.74,1,5.56,1,152.0,127.0,2.117368427062403,130.21
0,1.0,1,1,0,0,0,1,0,0,0,0,0,1.0,1.0,1.0,1.0,365.0,12,2,16,5.0,5.0,5.0,5.0,5.0,5.0,5.0,1,0.95,1,142.0,6.0,1.1702784123937875,405.5
1,1.0,1,1,0,1,0,1,0,0,0,0,0,1.0,1.0,1.0,2.0,1125.0,145,604,255,4.95,4.97,4.95,4.98,4.96,4.99,4.81,1,4.68,1,128.0,128.0,1.132176162611848,125.53
1,1.0,1,1,0,1,0,0,1,0,0,0,0,1.5,1.0,2.0,3.0,15.0,297,231,255,4.94,4.91,4.93,4.92,4.95,4.73,4.77,1,1.86,1,128.0,128.0,3.9557250793468848,207.33
0,1.0,1,1,0,0,0,0,0,1,0,0,0,1.5,3.0,3.0,3.0,30.0,71,25,16,4.88,4.92,4.8,4.88,4.96,4.92,4.76,1,0.2,1,128.0,123.0,3.9036714610313887,233.33
1,6.0,1,1,0,1,0,0,0,0,0,0,0,1.0,1.0,1.0,2.0,14.0,14,266,148,4.8,4.93,4.84,4.92,4.9,4.95,4.83,6,2.07,1,138.0,138.0,0.7241024703926842,136.0
0,1.0,1,1,0,0,0,0,1,0,0,0,0,1.0,1.0,1.0,4.0,26.0,9,25,32,4.92,4.88,4.92,4.96,5.0,4.72,4.72,1,0.19,1,143.0,128.0,2.306266209409452,264.0
1,1.0,1,1,0,1,0,0,0,1,0,0,0,1.0,2.0,2.0,1.0,1125.0,227,197,234,4.88,4.88,4.86,4.96,4.92,4.97,4.64,1,1.52,1,128.0,128.0,1.1718787981363699,326.0
0,1.0,1,1,0,0,0,0,0,1,0,0,0,1.0,2.0,2.0,3.0,30.0,34,37,55,4.92,4.94,4.81,4.94,4.97,4.81,4.86,1,0.31,1,168.0,167.0,2.8261146495478573,394.0
1,1.0,1,1,0,1,0,1,0,0,0,0,0,1.0,1.0,1.0,3.0,1001.0,158,147,203,4.89,4.85,4.9,4.94,4.96,4.88,4.73,1,1.14,1,127.0,127.0,3.427015862023388,151.62
1,1.0,1,1,0,1,0,0,0,1,0,0,0,1.0,2.0,4.0,2.0,730.0,165,1008,255,4.86,4.83,4.83,4.94,4.95,4.98,4.81,1,7.9,1,127.0,127.0,0.9956437839396187,174.5
0,1.0,1,1,0,0,0,0,1,0,0,0,0,1.0,2.0,1.0,3.0,20.0,15,19,8,5.0,5.0,5.0,4.84,4.95,4.74,4.68,1,0.4,1,156.0,48.0,3.7305693331908283,234.0
1,2.0,1,1,0,0,0,0,0,1,0,0,0,1.5,3.0,4.0,3.0,30.0,30,37,62,5.0,4.97,4.97,4.97,4.97,4.97,4.84,2,0.37,1,160.0,127.0,2.1059319467863435,770.33
0,1.0,1,1,0,0,0,1,0,0,0,0,0,1.5,1.0,1.0,4.0,30.0,42,51,24,4.84,4.96,4.86,4.84,4.88,4.96,4.7,1,0.4,1,127.0,127.0,1.4981847569323878,389.5
0,1.0,1,1,0,0,0,0,0,0,0,1,0,2.0,3.0,4.0,1.0,30.0,25,66,39,4.86,4.82,4.74,4.92,4.92,4.76,4.61,1,0.52,1,127.0,127.0,2.5160085166569575,757.5
0,1.0,1,1,0,0,0,1,0,0,0,0,0,1.0,1.0,1.0,2.0,12.0,12,97,8,4.86,4.93,4.75,4.85,4.96,4.67,4.72,1,0.75,1,127.0,127.0,3.4059354139418185,158.2
0,1.0,1,1,0,0,0,1,0,0,0,0,0,1.0,1.0,1.0,5.0,1125.0,364,22,0,4.91,4.91,4.68,4.95,4.95,4.64,4.77,1,0.17,1,155.0,127.0,3.8103870676242058,355.0
0,2.0,1,1,0,1,0,1,0,0,0,0,0,1.0,1.0,1.0,1.0,100.0,267,521,255,4.55,4.67,4.35,4.8,4.71,4.81,4.44,2,4.05,1,139.0,130.0,1.3540209503535923,125.67
0,1.0,1,1,0,0,0,1,0,0,0,0,0,1.5,1.0,1.0,1.0,365.0,362,18,23,4.83,4.94,4.83,5.0,4.94,4.94,4.61,1,0.48,1,127.0,37.0,2.135013076737668,313.82
0,1.0,1,1,0,0,0,0,0,1,0,0,0,1.0,2.0,2.0,5.0,30.0,6,107,80,4.84,4.83,4.73,4.95,4.9,4.79,4.63,1,0.86,1,144.0,122.0,2.3641604693225418,239.8
0,3.0,1,1,0,0,0,0,0,1,0,0,0,1.5,3.0,3.0,4.0,14.0,20,16,8,4.75,4.94,4.69,4.94,4.94,4.88,4.5,1,0.13,1,151.0,127.0,1.2487494155505392,389.5
1,1.0,1,1,0,0,0,0,0,1,0,0,0,2.0,2.0,2.0,1.0,1125.0,198,657,255,4.92,4.9,4.91,4.97,4.97,4.93,4.82,1,5.1,1,127.0,127.0,1.8283673047076054,367.0
1,1.0,1,1,0,1,0,1,0,0,0,0,0,1.5,1.0,1.0,2.0,1125.0,273,257,226,4.94,4.98,4.98,4.95,4.99,4.89,4.81,1,2.09,1,135.0,135.0,2.405675237335324,133.86
1,1.0,1,1,0,1,0,1,0,0,0,0,0,1.0,1.0,1.0,2.0,1125.0,70,544,255,4.96,4.94,4.95,4.97,5.0,4.75,4.79,1,4.26,1,127.0,126.0,4.12543322083183,160.0
0,1.0,1,1,0,0,0,1,0,0,0,0,0,1.5,1.0,1.0,3.0,1125.0,201,63,47,4.98,4.97,4.98,4.97,4.95,4.94,4.84,1,0.58,1,147.0,106.0,1.4518342905515476,648.0
0,1.0,1,1,0,0,0,1,0,0,0,0,0,1.5,1.0,1.0,3.0,365.0,17,12,23,4.92,5.0,5.0,4.67,4.92,4.83,4.75,1,0.28,1,131.0,43.0,1.779838462398201,336.67
0,1.0,1,1,0,1,0,0,0,1,0,0,0,1.5,2.0,3.0,2.0,31.0,169,392,203,4.74,4.77,4.68,4.9,4.84,4.94,4.52,1,3.1,1,127.0,126.0,1.2543676363976677,236.0
0,1.0,1,1,0,0,0,1,0,0,0,0,0,1.0,1.0,1.0,4.0,1125.0,7,22,16,4.95,5.0,4.91,5.0,4.86,5.0,4.86,1,0.17,1,140.0,126.0,0.8991239377985611,285.5
0,1.0,1,1,0,0,0,0,0,1,0,0,0,1.5,3.0,4.0,1.0,365.0,137,91,78,4.91,4.86,4.93,4.98,4.98,4.97,4.58,1,0.73,1,129.0,126.0,0.9430910145759913,685.0
0,1.0,1,1,0,0,0,1,0,0,0,0,0,1.0,1.0,1.0,3.0,30.0,364,41,39,4.88,4.95,4.76,5.0,4.98,4.95,4.78,1,0.32,1,153.0,126.0,3.040501817486373,344.33
0,1.0,1,1,0,0,0,0,0,1,0,0,0,1.5,2.0,3.0,1.0,1125.0,344,51,31,4.22,4.31,3.8,4.61,4.73,4.57,3.9,1,0.43,1,126.0,118.0,1.5605874214710906,668.0
1,1.0,1,1,0,0,0,0,0,1,0,0,0,1.5,2.0,2.0,1.0,1125.0,12,160,133,4.78,4.76,4.49,4.79,4.95,4.65,4.49,1,1.25,1,147.0,129.0,1.9255245512016643,532.67
0,1.0,1,1,0,0,0,0,0,1,0,0,0,1.5,3.0,4.0,1.0,20.0,16,17,39,4.82,4.76,4.65,4.94,4.71,4.38,4.56,1,0.13,1,126.0,126.0,2.553103135630871,371.0
0,1.0,1,1,0,0,0,0,0,1,0,0,0,1.0,2.0,3.0,1.0,1125.0,97,49,23,4.78,4.9,4.78,4.92,4.92,4.59,4.63,1,0.39,1,142.0,125.0,4.628537292565151,334.5
0,1.0,1,1,0,0,0,1,0,0,0,0,0,1.0,1.0,1.0,2.0,30.0,189,38,8,4.95,5.0,5.0,4.87,4.97,4.81,4.76,1,0.35,1,126.0,126.0,2.051188306679759,274.0
0,1.0,1,1,0,0,0,0,0,0,1,0,0,1.5,3.0,3.0,7.0,30.0,303,23,56,4.96,4.87,4.87,5.0,5.0,4.78,4.65,1,0.18,1,127.0,126.0,3.56532688266091,528.94
1,1.0,1,1,0,1,0,1,0,0,0,0,0,1.5,1.0,1.0,1.0,1125.0,178,596,255,4.84,4.9,4.87,4.96,4.94,4.98,4.84,1,4.68,1,128.0,126.0,1.4148589266088565,185.5
0,1.0,1,1,0,0,0,1,0,0,0,0,0,1.0,2.0,1.0,3.0,30.0,11,34,8,4.91,4.91,4.94,4.91,4.76,4.97,4.62,1,0.27,1,156.0,126.0,0.18609617853952723,364.04
1,1.0,1,1,0,0,0,1,0,0,0,0,0,1.0,1.0,1.0,1.0,1125.0,48,644,255,4.91,4.94,4.95,4.92,4.92,4.97,4.77,1,5.06,1,155.0,125.0,1.2129918267440631,700.0
1,1.0,1,1,0,0,0,0,0,1,0,0,0,1.0,2.0,4.0,1.0,363.0,83,148,78,4.85,4.9,4.53,4.99,4.99,4.95,4.69,1,1.18,1,126.0,126.0,1.238473918960858,434.0
0,1.0,1,1,0,0,0,1,0,0,0,0,0,1.0,1.0,1.0,3.0,14.0,298,53,0,4.57,4.72,3.83,4.71,4.87,4.67,4.48,1,0.42,1,125.0,125.0,2.927541341535278,182.67
0,1.0,1,1,0,0,0,0,0,1,0,0,0,1.0,4.0,2.0,5.0,30.0,22,7,0,5.0,5.0,5.0,5.0,5.0,4.86,4.71,1,0.06,1,143.0,126.0,3.918936840081337,328.0
1,2.0,1,1,0,0,0,1,0,0,0,0,0,1.0,1.0,1.0,1.0,1125.0,272,114,62,4.78,4.69,4.76,4.8,4.85,4.88,4.68,1,0.89,1,125.0,125.0,1.3559197077224048,220.0
0,1.0,1,1,0,0,0,1,0,0,0,0,0,1.0,1.0,1.0,3.0,30.0,3,44,8,4.86,4.84,4.75,4.91,4.89,4.86,4.68,1,0.35,1,164.0,157.0,1.5906310061017308,286.67
1,1.0,1,1,0,0,0,1,0,0,0,0,0,1.5,1.0,1.0,3.0,1125.0,216,143,255,4.85,4.85,4.9,4.96,4.95,4.94,4.73,1,1.2,1,147.0,125.0,1.4279180403265586,257.0
0,1.0,1,1,0,0,0,0,0,1,0,0,0,1.0,2.0,2.0,4.0,21.0,11,16,16,5.0,4.88,4.69,4.69,4.93,4.75,4.63,1,0.13,1,155.0,125.0,3.1900867800970034,401.8
1,1.0,1,1,0,1,0,0,0,1,0,0,0,1.5,2.0,1.0,2.0,1125.0,338,172,255,4.87,4.72,4.85,4.85,4.85,4.59,4.56,1,1.42,1,125.0,123.0,3.6995345767216357,308.5
0,1.0,1,1,0,0,0,1,0,0,0,0,0,1.5,1.0,2.0,3.0,30.0,312,18,39,4.89,4.72,4.56,4.89,4.94,4.89,4.44,1,0.19,1,125.0,125.0,1.5480307154644815,304.33
0,2.0,1,1,0,0,0,0,0,1,0,0,0,1.0,1.0,2.0,1.0,1125.0,40,0,0,-1.0,-1.0,-1.0,-1.0,-1.0,-1.0,-1.0,2,0.0,0,175.0,3.0,1.8304193863323168,439.5
0,1.0,1,1,0,0,0,0,0,1,0,0,0,1.5,3.0,2.0,4.0,15.0,67,10,32,4.9,4.9,4.9,4.8,5.0,4.9,4.9,1,0.29,1,125.0,36.0,2.347677788844483,416.75
1,1.0,1,1,0,0,0,0,0,1,0,0,0,1.5,2.0,1.0,1.0,1125.0,149,114,62,4.81,4.84,4.58,4.88,4.97,4.78,4.69,1,0.9,1,125.0,125.0,2.188595051934848,342.0
1,1.0,1,1,0,0,0,0,0,1,0,0,0,1.0,1.0,1.0,1.0,10.0,17,40,109,5.0,4.95,4.98,4.93,4.85,4.73,4.68,1,0.33,1,125.0,120.0,3.2945827539144186,223.0
0,15.0,1,1,0,1,0,0,0,1,0,0,0,1.0,1.0,2.0,1.0,1125.0,289,149,109,4.6,4.52,4.82,4.48,4.68,4.91,4.38,2,1.18,1,150.0,149.0,1.059568552771036,221.0
0,1.0,1,1,0,0,0,0,0,1,0,0,0,1.5,2.0,3.0,3.0,18.0,40,34,47,4.79,4.68,4.71,4.71,4.91,4.71,4.5,1,0.3,1,132.0,125.0,2.0616449088725526,532.67
0,1.0,1,1,0,0,0,0,0,1,0,0,0,2.0,2.0,2.0,3.0,17.0,139,20,8,4.95,4.95,4.95,4.95,5.0,4.8,4.85,1,0.43,1,125.0,46.0,3.4389472343040275,679.0
0,1.0,1,1,0,0,0,1,0,0,0,0,0,1.0,1.0,1.0,5.0,5.0,193,44,20,4.89,4.84,4.93,4.89,4.93,4.68,4.64,1,0.35,1,134.0,124.0,6.139912188449147,339.0
0,1.0,1,1,0,0,0,1,0,0,0,0,0,1.0,1.0,1.0,7.0,90.0,119,9,42,5.0,4.89,4.78,5.0,5.0,5.0,4.78,1,0.42,1,131.0,24.0,0.871884272166306,274.13
1,2.0,1,1,0,1,0,1,0,0,0,0,0,1.0,1.0,1.0,1.0,1125.0,166,439,255,4.54,4.6,4.6,4.65,4.71,4.84,4.42,2,3.48,1,125.0,125.0,0.739484312585231,178.78
0,2.0,1,1,0,0,0,1,0,0,0,0,0,1.0,1.0,1.0,2.0,30.0,262,41,16,4.83,4.78,4.59,4.9,4.9,4.9,4.66,2,0.49,1,176.0,89.0,2.8114796763393457,153.7
1,1.0,1,1,0,1,0,1,0,0,0,0,0,1.0,1.0,1.0,2.0,15.0,77,265,156,4.69,4.77,4.86,4.84,4.86,4.54,4.42,1,2.11,1,125.0,125.0,3.0585298917304646,123.0
0,2.0,1,1,0,1,0,1,0,0,0,0,0,1.0,1.0,1.0,3.0,1125.0,7,471,255,4.64,4.72,4.79,4.8,4.78,4.92,4.46,2,3.75,1,125.0,125.0,1.2544308358797633,179.0
1,1.0,1,1,0,0,0,1,0,0,0,0,0,1.0,1.0,1.0,2.0,1125.0,55,122,255,4.92,4.92,4.9,4.97,4.96,4.84,4.7,1,1.53,1,152.0,78.0,2.529023108602515,119.4
0,1.0,1,1,0,0,0,0,0,1,0,0,0,2.5,4.0,4.0,6.0,30.0,166,29,0,4.86,4.83,4.83,4.93,4.97,4.76,4.83,1,0.24,1,152.0,132.0,3.2848595192316687,782.5
0,1.0,1,1,0,0,0,0,0,1,0,0,0,1.0,2.0,4.0,7.0,21.0,345,12,0,4.58,4.5,4.25,4.83,4.67,4.25,4.67,1,0.1,1,126.0,124.0,8.10020108023201,275.3
0,1.0,1,1,0,0,0,0,0,1,0,0,0,2.0,2.0,1.0,3.0,14.0,101,37,0,4.92,4.84,4.89,4.95,4.97,4.54,4.73,1,0.3,1,127.0,122.0,2.165947600367613,390.0
0,1.0,1,1,0,0,0,0,0,1,0,0,0,1.0,2.0,3.0,7.0,14.0,83,37,0,4.86,4.92,4.81,4.89,4.95,4.67,4.67,1,0.3,1,132.0,124.0,7.635554138654095,269.43
1,1.0,1,1,0,1,0,0,0,1,0,0,0,1.5,2.0,3.0,2.0,1125.0,49,307,255,4.84,4.84,4.9,4.95,4.94,4.86,4.66,1,2.45,1,161.0,123.0,2.7152832420168544,287.5
0,2.0,1,1,0,0,0,0,0,1,0,0,0,1.5,2.0,2.0,1.0,1125.0,39,174,101,4.91,4.9,4.88,4.93,4.98,4.98,4.75,2,1.39,1,124.0,124.0,0.4132519688346112,537.0
0,1.0,1,1,0,0,0,1,0,0,0,0,0,1.0,1.0,1.0,2.0,8.0,116,2,16,5.0,5.0,5.0,5.0,5.0,5.0,5.0,1,0.18,1,172.0,29.0,5.851841912562232,177.0
1,4.0,1,1,0,1,0,1,0,0,0,0,0,1.5,1.0,1.0,1.0,175.0,266,631,255,4.88,4.88,4.93,4.94,4.97,4.97,4.73,2,5.08,1,146.0,122.0,0.5851393043862092,130.09
1,4.0,1,1,0,1,0,1,0,0,0,0,0,1.5,1.0,1.0,1.0,175.0,270,561,255,4.85,4.86,4.92,4.95,4.96,4.95,4.7,2,4.52,1,146.0,122.0,0.5851393043862092,130.09
0,2.0,1,1,0,0,0,0,0,1,0,0,0,2.0,3.0,3.0,3.0,15.0,16,46,47,4.87,4.89,4.89,4.98,4.85,4.91,4.83,1,0.37,1,150.0,150.0,0.9310862251009333,721.67
0,1.0,1,1,0,0,0,1,0,0,0,0,0,1.0,1.0,1.0,2.0,28.0,10,86,31,4.97,4.92,4.97,4.99,5.0,4.92,4.85,1,0.69,1,124.0,123.0,1.6055251979693819,251.5
1,3.0,1,1,0,1,0,0,0,1,0,0,0,1.0,2.0,2.0,2.0,1125.0,58,76,23,4.74,4.76,4.92,4.92,4.96,4.42,4.57,3,0.62,1,124.0,124.0,3.180630408271182,259.55
0,1.0,1,1,0,0,0,0,0,1,0,0,0,1.0,2.0,2.0,3.0,30.0,311,26,8,5.0,4.92,4.92,4.92,4.96,4.96,4.65,1,0.21,1,190.0,124.0,1.2413147653729677,536.67
0,1.0,1,1,0,0,0,1,0,0,0,0,0,1.5,1.0,1.0,4.0,365.0,49,10,0,4.9,5.0,4.9,5.0,5.0,4.9,4.8,1,0.27,1,141.0,121.0,1.77492169595129,362.5
1,1.0,1,1,0,0,0,1,0,0,0,0,0,1.0,1.0,1.0,2.0,30.0,101,706,255,4.84,4.9,4.94,4.94,4.96,4.89,4.72,1,5.73,1,124.0,123.0,0.4564928355093554,151.27
1,1.0,1,1,0,1,0,0,0,1,0,0,0,1.0,1.0,2.0,1.0,1125.0,167,432,55,4.79,4.81,4.76,4.91,4.93,4.59,4.66,1,3.47,1,124.0,123.0,3.016486483963571,157.0
1,1.0,1,1,0,1,0,0,0,1,0,0,0,1.0,2.0,4.0,2.0,1125.0,279,202,255,4.91,4.91,4.88,4.97,4.99,4.85,4.76,1,1.62,1,125.0,125.0,2.5849431671313248,131.24
1,3.0,1,1,0,1,0,1,0,0,0,0,0,1.0,1.0,4.0,3.0,30.0,76,71,0,4.89,4.94,4.97,4.97,5.0,4.8,4.66,1,0.57,1,126.0,123.0,1.206535993108824,222.33
1,3.0,1,1,0,1,0,1,0,0,0,0,0,1.5,1.0,2.0,2.0,1125.0,283,229,218,4.7,4.76,4.45,4.87,4.82,4.58,4.42,3,1.84,1,144.0,123.0,4.6748326086440075,89.58
1,1.0,1,1,0,1,0,0,0,1,0,0,0,1.0,2.0,2.0,1.0,1125.0,151,852,255,4.88,4.85,4.7,4.93,4.94,4.97,4.78,1,6.8,1,148.0,146.0,0.8762682388669242,154.06
1,2.0,1,1,0,1,0,1,0,0,0,0,0,1.0,1.0,1.0,1.0,1125.0,40,63,47,4.84,4.9,4.81,4.95,4.94,4.79,4.65,2,0.52,1,178.0,178.0,2.6659885295234136,197.0
1,1.0,1,1,0,1,0,0,0,1,0,0,0,1.0,2.0,1.0,1.0,1125.0,327,572,255,4.9,4.89,4.95,4.92,4.96,4.72,4.71,1,4.59,1,123.0,123.0,4.682958024709009,109.55
1,1.0,1,1,0,1,0,1,0,0,0,0,0,1.0,1.0,1.0,1.0,1125.0,159,365,255,4.95,4.97,4.96,4.98,4.99,4.91,4.84,1,3.25,1,123.0,110.0,1.9727417703755956,200.0
0,1.0,1,1,0,0,0,0,0,1,0,0,0,1.0,2.0,2.0,5.0,30.0,66,16,20,4.63,4.75,4.56,4.75,4.81,4.75,4.47,1,0.13,1,143.0,123.0,2.350673511668371,411.0
0,1.0,1,1,0,0,0,0,0,1,0,0,0,1.5,2.0,2.0,2.0,15.0,19,23,62,4.96,5.0,4.96,4.91,5.0,4.91,4.96,1,0.61,1,146.0,37.0,2.2923585151301675,460.33
0,1.0,1,1,0,0,0,1,0,0,0,0,0,1.0,1.0,1.0,2.0,1125.0,3,41,8,4.98,4.95,4.88,4.95,4.98,4.9,4.9,1,0.33,1,150.0,122.0,1.5106659609495545,276.0
0,1.0,1,1,0,0,0,0,0,1,0,0,0,2.0,2.0,2.0,2.0,10.0,8,34,47,4.79,4.79,4.71,4.68,4.79,4.85,4.65,1,0.28,1,123.0,123.0,1.1461913036316538,397.25
1,3.0,1,1,0,0,0,0,0,1,0,0,0,1.0,1.0,2.0,2.0,1125.0,156,141,164,4.84,4.79,4.9,4.91,4.94,4.6,4.52,3,1.16,1,124.0,124.0,2.795805885792027,207.5
0,1.0,1,1,0,0,0,0,0,1,0,0,0,1.0,2.0,2.0,2.0,20.0,5,15,39,4.6,4.8,4.67,5.0,5.0,4.8,4.33,1,0.5,1,125.0,31.0,2.659286746471417,229.0
1,3.0,1,1,0,0,0,1,0,0,0,0,0,1.5,1.0,1.0,3.0,1125.0,278,157,47,4.92,4.9,4.97,4.97,4.98,4.88,4.76,3,1.27,1,152.0,142.0,0.07894945681622312,261.67
1,3.0,1,1,0,0,0,1,0,0,0,0,0,1.0,1.0,1.0,3.0,1125.0,290,127,39,4.93,4.96,4.97,4.98,5.0,4.87,4.83,3,1.02,1,152.0,142.0,0.07894945681622312,278.33
1,1.0,1,1,0,0,0,1,0,0,0,0,0,1.0,1.0,1.0,1.0,1124.0,139,1100,255,4.92,4.94,4.86,4.93,4.92,4.95,4.72,1,8.87,1,157.0,122.0,2.3975886773890593,189.0
0,1.0,1,1,0,0,0,1,0,0,0,0,0,1.5,1.0,1.0,1.0,4.0,6,503,255,4.69,4.82,4.67,4.94,4.95,4.95,4.63,1,4.04,1,178.0,178.0,1.0212279981355248,168.0
0,1.0,1,1,0,0,0,1,0,0,0,0,0,1.0,1.0,1.0,2.0,1125.0,35,73,31,4.96,4.93,4.93,4.99,5.0,4.75,4.73,1,0.59,1,126.0,122.0,2.3864127901262764,203.5
0,1.0,1,1,0,0,0,0,1,0,0,0,0,1.0,2.0,2.0,2.0,30.0,2,18,16,4.89,4.89,4.56,4.94,4.94,4.72,4.83,1,0.15,1,154.0,147.0,3.5694485958597553,229.5
0,1.0,1,1,0,0,0,0,0,1,0,0,0,1.0,2.0,2.0,3.0,30.0,12,27,0,5.0,4.93,4.89,4.96,4.93,4.74,4.78,1,0.25,1,154.0,109.0,3.1105837936461693,281.49
0,2.0,1,1,0,0,0,0,0,1,0,0,0,1.5,3.0,3.0,3.0,30.0,42,27,0,4.96,4.93,4.89,4.93,5.0,4.78,4.7,1,0.22,1,142.0,122.0,3.16351955590332,485.0
1,1.0,1,1,0,0,0,1,0,0,0,0,0,1.5,1.0,1.0,1.0,4.0,30,69,62,4.93,4.96,4.93,4.94,5.0,4.73,4.78,1,0.57,1,122.0,121.0,2.5839111081716473,270.5
0,1.0,1,1,0,0,0,0,1,0,0,0,0,1.0,1.0,1.0,2.0,30.0,6,16,8,4.88,4.94,4.75,4.93,5.0,4.93,4.6,1,0.13,1,133.0,122.0,1.5960315565516954,384.33
1,1.0,1,1,0,1,0,1,0,0,0,0,0,1.0,1.0,1.0,3.0,14.0,33,74,94,4.91,4.88,4.92,4.89,4.93,4.84,4.59,1,0.66,1,151.0,122.0,2.563341336014283,205.0
1,1.0,1,1,0,1,0,1,0,0,0,0,0,1.0,2.0,2.0,1.0,1125.0,123,336,255,4.84,4.84,4.83,4.94,4.93,4.88,4.71,1,2.72,1,122.0,122.0,2.4914674286356413,119.83
0,1.0,1,1,0,0,0,1,0,0,0,0,0,1.0,1.0,1.0,6.0,1125.0,16,53,60,4.57,4.77,4.38,4.75,4.79,4.55,4.49,1,0.43,1,122.0,122.0,3.6823695411115365,146.5
0,1.0,1,1,0,0,0,1,0,0,0,0,0,1.0,1.0,1.0,2.0,18.0,10,31,8,5.0,5.0,5.0,5.0,5.0,4.84,4.97,1,0.25,1,157.0,149.0,2.581834067575703,271.0
0,1.0,1,1,0,0,0,0,0,0,0,1,0,2.0,4.0,6.0,3.0,14.0,20,49,39,4.84,4.92,4.82,4.96,4.92,4.88,4.67,1,0.41,1,161.0,121.0,2.7725688540834095,721.0
1,2.0,1,1,0,1,0,1,0,0,0,0,0,1.0,1.0,1.0,2.0,10.0,82,124,47,4.8,4.88,4.77,4.83,4.9,4.36,4.63,2,1.0,1,165.0,129.0,6.293633892841133,128.5
0,1.0,1,1,0,0,0,0,0,1,0,0,0,1.0,1.0,1.0,1.0,365.0,195,23,16,4.87,4.87,4.91,4.91,4.96,5.0,4.7,1,0.48,1,179.0,179.0,1.5237573946341718,396.0
0,1.0,1,1,0,0,0,1,0,0,0,0,0,1.0,1.0,1.0,4.0,1125.0,32,57,8,4.7,4.82,4.7,4.75,4.72,4.62,4.44,1,0.48,1,130.0,119.0,2.103801815937142,271.25
1,1.0,1,1,0,0,0,1,0,0,0,0,0,1.0,1.0,1.0,2.0,1125.0,32,321,255,4.59,4.74,4.71,4.76,4.66,4.75,4.42,1,2.59,1,156.0,122.0,2.131782043704369,176.5
0,1.0,1,1,0,0,0,1,0,0,0,0,0,1.0,1.0,1.0,3.0,30.0,27,28,16,4.86,4.82,4.93,4.82,4.89,4.93,4.82,1,0.23,1,122.0,122.0,2.7923620542606087,288.0
1,2.0,1,1,0,0,0,1,0,0,0,0,0,1.5,1.0,1.0,3.0,1125.0,15,93,47,4.89,4.87,4.94,4.89,4.89,4.71,4.62,1,0.76,1,147.0,122.0,2.575556701257677,234.0
1,1.0,1,1,0,1,0,1,0,0,0,0,0,1.0,1.0,1.0,2.0,1125.0,263,476,255,4.92,4.9,4.84,4.93,4.93,4.93,4.77,1,3.85,1,156.0,122.0,1.4564993777519881,223.0
0,1.0,1,1,0,0,0,1,0,0,0,0,0,1.5,1.0,1.0,6.0,8.0,42,36,48,4.97,5.0,4.92,4.94,5.0,4.91,4.89,1,0.29,1,122.0,122.0,1.493079699236228,279.67
0,1.0,1,1,0,0,0,1,0,0,0,0,0,1.0,1.0,1.0,6.0,30.0,21,8,12,4.88,5.0,4.88,4.63,4.75,4.63,4.75,1,0.2,1,147.0,40.0,1.9104739342778552,256.83
0,1.0,1,1,0,0,0,1,0,0,0,0,0,1.0,1.0,1.0,6.0,1125.0,76,19,60,5.0,4.95,5.0,5.0,5.0,4.89,4.95,1,0.49,1,122.0,40.0,3.578550370270952,346.17
0,1.0,1,1,0,0,0,0,0,1,0,0,0,1.0,2.0,4.0,2.0,1125.0,364,89,86,4.87,4.91,4.85,4.98,5.0,4.31,4.61,1,0.72,1,121.0,121.0,3.8094855714337763,411.5
0,1.0,1,1,0,0,0,0,0,1,0,0,0,1.0,3.0,3.0,2.0,1125.0,11,43,31,4.95,4.95,4.81,4.98,4.98,4.95,4.76,1,0.35,1,158.0,121.0,1.1012168757572713,453.75
0,1.0,1,1,0,0,0,1,0,0,0,0,0,1.0,1.0,2.0,1.0,7.0,80,82,156,4.89,4.8,4.82,4.98,4.94,4.96,4.63,1,1.0,1,153.0,82.0,0.885078672284438,247.33
0,1.0,1,1,0,0,0,0,0,1,0,0,0,1.5,3.0,2.0,2.0,14.0,10,49,23,4.82,4.8,4.73,4.96,5.0,4.88,4.49,1,0.41,1,121.0,121.0,1.1552207061089563,365.5
1,2.0,1,1,0,1,0,1,0,0,0,0,0,1.0,1.0,1.0,3.0,1001.0,139,407,255,4.71,4.77,4.79,4.64,4.83,4.93,4.52,2,3.61,1,125.0,125.0,0.7516936684026219,201.61
0,1.0,1,1,0,0,0,0,0,1,0,0,0,1.0,3.0,2.0,3.0,20.0,33,16,16,4.88,4.94,4.69,4.88,4.94,5.0,4.75,1,0.15,1,131.0,119.0,1.5449900411796773,470.2
0,1.0,1,1,0,0,0,1,0,0,0,0,0,1.0,1.0,1.0,6.0,30.0,166,26,12,4.73,4.81,4.42,4.81,4.81,4.81,4.65,1,0.21,1,121.0,120.0,2.5089223440210997,339.33
0,10.0,1,1,0,0,0,0,0,0,0,1,0,1.0,2.0,6.0,1.0,99.0,242,259,255,4.43,4.59,4.47,4.53,4.69,4.81,4.21,10,2.11,1,121.0,121.0,0.7042013911235475,541.5
0,10.0,1,1,0,0,0,0,0,0,0,1,0,1.0,2.0,5.0,1.0,99.0,207,343,218,4.48,4.65,4.44,4.53,4.62,4.8,4.22,10,2.84,1,121.0,121.0,0.6940898736926482,619.0
0,10.0,1,1,0,0,0,0,0,0,0,1,0,1.0,2.0,6.0,1.0,99.0,228,323,156,4.51,4.65,4.54,4.6,4.61,4.83,4.3,10,2.67,1,121.0,121.0,0.6859570300197652,579.5
0,10.0,1,1,0,0,0,0,0,0,0,1,0,1.0,2.0,7.0,1.0,99.0,245,257,78,4.43,4.51,4.48,4.49,4.56,4.79,4.26,10,2.12,1,121.0,121.0,0.6940898736926482,661.0
0,1.0,1,1,0,0,0,0,0,1,0,0,0,1.0,3.0,2.0,2.0,24.0,22,22,31,4.95,4.91,4.86,4.77,5.0,4.86,4.86,1,0.18,1,142.0,120.0,2.745326478069794,354.0
0,1.0,1,1,0,0,0,0,0,1,0,0,0,1.5,3.0,4.0,2.0,14.0,52,23,23,4.52,4.61,4.3,4.74,4.91,4.7,4.43,1,0.19,1,160.0,160.0,4.602421814016762,402.5
1,1.0,1,1,0,0,0,1,0,0,0,0,0,1.0,1.0,1.0,2.0,1125.0,33,520,255,4.91,4.9,4.92,4.98,4.98,4.95,4.71,1,4.22,1,145.0,121.0,1.174880541859237,193.0
0,2.0,1,1,0,1,0,1,0,0,0,0,0,1.0,1.0,1.0,2.0,1125.0,62,79,31,4.84,4.85,4.85,4.86,4.9,4.92,4.6,2,0.65,1,121.0,121.0,0.41474014467277176,183.0
1,2.0,1,1,0,1,0,0,0,0,0,0,0,1.5,1.0,1.0,1.0,1125.0,176,696,255,4.64,4.74,4.49,4.89,4.86,4.75,4.61,2,5.76,1,133.0,133.0,2.3144874114460663,83.0
0,2.0,1,1,0,1,0,1,0,0,0,0,0,1.0,1.0,1.0,1.0,1125.0,49,369,255,4.63,4.69,4.64,4.84,4.8,4.9,4.5,2,3.02,1,121.0,121.0,0.6016682677624059,176.88
0,1.0,1,1,0,0,0,1,0,0,0,0,0,1.0,1.0,1.0,2.0,1125.0,17,15,39,5.0,4.87,4.93,5.0,5.0,5.0,5.0,1,0.56,1,154.0,28.0,1.06348463082198,368.25
0,1.0,1,1,0,1,0,1,0,0,0,0,0,1.5,1.0,2.0,1.0,730.0,166,370,203,4.74,4.79,4.71,4.81,4.87,4.54,4.59,1,3.02,1,131.0,120.0,6.012873659445246,94.0
0,1.0,1,1,0,1,0,1,0,0,0,0,0,1.0,1.0,1.0,2.0,1125.0,213,171,179,4.75,4.73,4.66,4.94,4.88,4.98,4.52,1,1.4,1,128.0,120.0,0.5439781137225276,224.5
0,1.0,1,1,0,0,0,0,0,1,0,0,0,1.5,3.0,3.0,2.0,1100.0,41,53,125,4.89,4.81,4.72,4.96,4.87,4.87,4.7,1,0.44,1,145.0,119.0,2.212125841342371,463.75
0,1.0,1,1,0,0,0,1,0,0,0,0,0,1.0,1.0,1.0,3.0,730.0,5,45,23,4.78,4.89,4.59,4.75,4.82,4.8,4.71,1,0.37,1,135.0,121.0,2.95407112953085,227.33
0,2.0,1,1,0,1,0,1,0,0,0,0,0,1.0,1.0,1.0,1.0,1125.0,55,294,255,4.5,4.57,4.57,4.79,4.72,4.91,4.26,2,3.08,1,121.0,121.0,0.7080535007594797,176.88
0,1.0,1,1,0,0,0,0,0,1,0,0,0,1.5,2.0,2.0,1.0,1125.0,170,26,31,4.92,4.92,4.92,4.85,4.92,4.92,4.42,1,0.22,1,143.0,120.0,2.9656536976985013,310.78
0,1.0,1,1,0,0,0,0,0,1,0,0,0,2.5,3.0,3.0,2.0,30.0,18,23,47,4.96,4.87,5.0,5.0,5.0,4.83,4.74,1,0.6,1,123.0,120.0,2.0918846742891324,727.0
0,1.0,1,1,0,0,0,1,0,0,0,0,0,1.0,1.0,1.0,3.0,730.0,10,63,31,4.94,4.95,4.81,4.97,4.95,4.89,4.73,1,0.52,1,182.0,120.0,1.2300851312578256,306.0
0,2.0,1,1,0,0,0,0,1,0,0,0,0,1.0,1.0,1.0,7.0,180.0,85,110,0,4.85,4.88,4.87,4.94,4.94,4.99,4.81,2,0.91,1,146.0,132.0,0.29690113898706083,265.14
0,1.0,1,1,0,0,0,0,0,1,0,0,0,1.0,2.0,2.0,2.0,14.0,2,34,23,4.68,4.88,4.56,4.88,4.94,4.66,4.34,1,0.28,1,123.0,120.0,2.150682078601376,411.0
0,1.0,1,1,0,1,0,0,0,1,0,0,0,1.0,2.0,2.0,3.0,1125.0,137,155,8,4.7,4.64,4.72,4.59,4.77,4.8,4.45,1,1.27,1,89.0,89.0,1.354096790816931,387.0
0,2.0,1,1,0,0,0,0,0,1,0,0,0,2.5,4.0,9.0,1.0,30.0,25,12,0,4.83,4.83,4.75,4.73,4.75,4.82,4.73,1,0.1,1,120.0,120.0,3.839399970616107,377.0
1,1.0,1,1,0,1,0,0,1,0,0,0,0,1.0,2.0,2.0,2.0,1125.0,56,245,203,4.93,4.93,5.0,4.95,4.97,4.88,4.79,1,2.01,1,132.0,120.0,2.2582519304288398,265.5
0,1.0,1,1,0,0,0,0,0,0,0,1,0,1.5,4.0,4.0,4.0,21.0,8,22,24,4.82,4.82,4.73,4.95,4.91,4.52,4.62,1,0.2,1,156.0,120.0,4.513508660390837,350.91
0,1.0,1,1,0,0,0,0,1,0,0,0,0,1.5,2.0,2.0,2.0,1125.0,3,66,62,5.0,5.0,5.0,4.97,5.0,4.78,4.89,1,0.54,1,160.0,120.0,2.230539388036874,428.0
1,2.0,1,1,0,1,0,0,0,0,0,0,0,1.0,1.0,1.0,1.0,1125.0,12,505,255,4.86,4.91,4.79,4.96,4.96,4.78,4.79,2,4.62,1,120.0,110.0,2.5442955490004246,83.0
0,1.0,1,1,0,1,0,1,0,0,0,0,0,1.0,1.0,1.0,2.0,1125.0,179,290,148,4.77,4.86,4.72,4.89,4.88,4.77,4.66,1,2.39,1,120.0,120.0,3.5049850848215724,155.0
1,1.0,1,1,0,1,0,1,0,0,0,0,0,1.0,1.0,1.0,2.0,1125.0,75,199,218,4.93,4.96,4.93,4.98,4.98,4.79,4.84,1,1.64,1,122.0,120.0,5.918465241224488,124.73
0,4.0,1,1,0,0,0,1,0,0,0,0,0,1.0,1.0,1.0,7.0,1125.0,207,24,56,5.0,5.0,4.96,4.96,5.0,5.0,4.96,3,0.22,1,124.0,124.0,1.1496321204491458,42.25
0,1.0,1,1,0,1,0,0,0,0,0,0,0,1.0,1.0,1.0,3.0,7.0,46,113,0,4.81,4.81,4.9,4.96,4.94,4.95,4.53,1,0.93,1,121.0,121.0,0.5690716887758179,101.67
0,1.0,1,1,0,0,0,0,0,0,1,0,0,1.5,3.0,5.0,3.0,30.0,19,16,39,4.94,4.94,4.81,4.94,5.0,4.75,4.44,1,0.13,1,119.0,119.0,2.4931584790393493,446.96
0,1.0,1,1,0,0,0,0,0,1,0,0,0,1.5,2.0,1.0,4.0,30.0,14,9,24,4.89,4.89,4.67,5.0,5.0,4.89,4.78,1,0.18,1,154.0,61.0,4.691315087415384,342.5
1,1.0,1,1,0,1,0,0,1,0,0,0,0,1.0,1.0,3.0,2.0,1125.0,128,330,255,4.89,4.92,4.89,4.95,4.98,4.96,4.76,1,2.72,1,148.0,119.0,0.9956252381447317,268.94
0,1.0,1,1,0,0,0,0,0,1,0,0,0,3.0,3.0,4.0,1.0,30.0,115,31,16,4.81,4.84,4.55,4.9,4.94,4.52,4.71,1,0.26,1,157.0,157.0,4.061567283961998,268.0
0,1.0,1,0,0,0,0,0,0,1,0,0,0,1.0,2.0,2.0,3.0,30.0,142,21,0,4.95,4.86,4.86,4.86,4.95,5.0,4.67,1,0.19,1,120.0,112.0,0.8831912047417468,770.33
0,1.0,1,1,0,0,0,1,0,0,0,0,0,1.0,1.0,1.0,5.0,14.0,18,33,20,4.88,4.85,4.82,4.94,5.0,4.85,4.67,1,0.3,1,132.0,119.0,2.6529219036879077,262.6
1,26.0,1,1,0,0,0,0,0,1,0,0,0,1.5,2.0,3.0,4.0,40.0,12,26,0,4.81,4.92,4.42,4.85,4.73,4.81,4.46,18,0.22,1,106.0,106.0,2.1416715724210347,421.25
1,4.0,1,1,0,0,0,0,1,0,0,0,0,1.0,1.0,1.0,1.0,999.0,257,101,94,4.88,4.89,4.88,4.93,4.93,4.78,4.63,4,0.84,1,165.0,158.0,1.7608751622104206,149.0
1,1.0,1,1,0,1,0,0,0,1,0,0,0,1.0,1.0,3.0,1.0,1125.0,221,501,255,4.87,4.85,4.89,4.92,4.94,4.61,4.64,1,4.13,1,122.0,119.0,2.8774032338037916,135.91
0,1.0,1,1,0,0,0,0,0,1,0,0,0,1.5,2.0,2.0,4.0,31.0,319,38,32,4.84,4.82,4.63,4.97,4.97,4.95,4.66,1,0.32,1,156.0,147.0,0.1845480499737592,542.25
0,3.0,1,1,0,0,0,1,0,0,0,0,0,1.0,1.0,1.0,1.0,360.0,184,28,47,4.75,4.75,4.79,4.64,4.79,4.93,4.79,3,0.23,1,163.0,122.0,1.3022082254032463,354.0
1,4.0,1,1,0,0,0,0,0,1,0,0,0,1.0,2.0,2.0,1.0,999.0,234,252,255,4.69,4.74,4.81,4.85,4.88,4.73,4.48,4,2.09,1,165.0,158.0,1.6856453929327055,234.0
0,1.0,1,1,0,0,0,0,1,0,0,0,0,1.5,1.0,2.0,3.0,6.0,11,57,39,4.7,4.86,4.35,4.96,4.95,4.74,4.58,1,0.47,1,119.0,118.0,2.483075869864823,293.0
1,1.0,1,1,0,1,0,1,0,0,0,0,0,1.5,1.0,1.0,2.0,1125.0,4,187,125,4.93,4.92,4.89,4.94,4.96,4.69,4.75,1,1.67,1,123.0,111.0,3.7314378580953993,190.0
0,1.0,1,1,0,0,0,1,0,0,0,0,0,1.0,1.0,2.0,2.0,1125.0,236,79,0,4.63,4.67,4.33,4.78,4.81,4.7,4.39,1,0.65,1,137.0,119.0,2.16518720696546,342.5
0,1.0,1,1,0,0,0,0,1,0,0,0,0,1.0,2.0,1.0,6.0,60.0,28,12,0,5.0,5.0,5.0,5.0,5.0,5.0,5.0,1,0.1,1,146.0,130.0,2.9721429910892563,340.5
0,1.0,1,1,0,0,0,0,0,1,0,0,0,1.0,2.0,2.0,1.0,21.0,9,39,23,4.92,4.92,4.82,4.95,4.9,4.69,4.72,1,0.32,1,151.0,119.0,3.6146891851552865,247.33
0,1.0,1,1,0,0,0,1,0,0,0,0,0,1.0,1.0,1.0,2.0,14.0,51,87,39,4.97,4.98,4.9,5.0,5.0,4.74,4.8,1,0.72,1,143.0,119.0,2.4280949435389765,220.4
0,1.0,1,1,0,0,0,0,0,1,0,0,0,2.5,4.0,6.0,3.0,1125.0,23,29,23,4.79,4.86,4.48,4.9,4.9,4.69,4.55,1,0.24,1,119.0,119.0,1.9452506208064566,626.0
1,7.0,1,1,0,0,0,0,0,1,0,0,0,1.0,2.0,3.0,1.0,1125.0,213,705,255,4.8,4.88,4.84,4.87,4.92,4.86,4.75,1,5.84,1,160.0,144.0,1.3803180641295847,296.71
1,1.0,1,1,0,0,0,0,1,0,0,0,0,1.5,2.0,2.0,1.0,1125.0,10,72,62,4.86,4.92,4.79,4.96,4.97,4.58,4.64,1,0.6,1,180.0,180.0,3.2750961790259163,227.33
1,2.0,1,1,0,1,0,1,0,0,0,0,0,1.0,1.0,1.0,1.0,1125.0,30,373,255,4.85,4.9,4.86,4.92,4.92,4.87,4.68,2,3.11,1,119.0,119.0,1.6511872858399779,182.59
1,2.0,1,1,0,1,0,1,0,0,0,0,0,1.0,1.0,1.0,1.0,1125.0,28,396,255,4.81,4.84,4.82,4.88,4.89,4.85,4.67,2,3.29,1,119.0,119.0,1.795687346938299,136.94
0,1.0,1,1,0,0,0,1,0,0,0,0,0,1.0,1.0,2.0,3.0,21.0,16,23,31,4.91,4.91,4.83,4.87,4.78,4.78,4.74,1,0.28,1,120.0,82.0,3.5995334234340883,225.33
1,1.0,1,1,0,1,0,1,0,0,0,0,0,1.5,1.0,1.0,1.0,1125.0,101,493,255,4.89,4.94,4.98,4.94,4.92,4.63,4.83,1,4.1,1,118.0,118.0,6.310252254016606,97.57
1,3.0,1,1,0,1,0,0,1,0,0,0,0,1.5,1.0,1.0,1.0,1125.0,280,414,255,4.91,4.91,4.92,4.96,4.97,4.92,4.75,1,3.45,1,155.0,122.0,1.617541387161631,158.62
1,1.0,1,1,0,1,0,1,0,0,0,0,0,1.5,1.0,1.0,2.0,14.0,90,293,255,4.76,4.77,4.58,4.93,4.96,4.77,4.61,1,2.61,1,163.0,118.0,2.622806372816034,99.0
1,2.0,1,1,0,0,0,0,0,1,0,0,0,1.0,2.0,2.0,1.0,1125.0,7,77,70,4.86,4.84,4.77,4.95,4.95,4.77,4.62,2,0.64,1,141.0,118.0,1.8910786115820872,440.0
1,2.0,1,1,0,0,0,0,0,1,0,0,0,1.5,2.0,2.0,2.0,186.0,79,80,101,4.91,4.93,4.79,4.9,4.98,4.87,4.66,2,0.67,1,118.0,118.0,0.8213145404535458,780.0
1,1.0,1,1,0,1,0,1,0,0,0,0,0,1.5,1.0,1.0,2.0,30.0,263,247,164,4.87,4.94,4.95,4.97,4.98,4.85,4.69,1,2.06,1,174.0,118.0,2.589267392095254,188.5
0,1.0,1,1,0,0,0,0,0,1,0,0,0,1.5,1.0,2.0,2.0,15.0,31,59,39,4.66,4.8,4.78,4.81,4.78,4.59,4.42,1,0.49,1,176.0,118.0,1.3306071945212496,533.5
0,1.0,1,1,0,0,0,0,0,0,0,1,0,1.5,3.0,2.0,5.0,21.0,177,21,30,4.86,4.9,4.62,4.86,5.0,4.81,4.67,1,0.18,1,146.0,118.0,2.1476011450736956,684.8
0,1.0,1,1,0,0,0,0,0,1,0,0,0,2.0,2.0,2.0,3.0,7.0,166,0,0,-1.0,-1.0,-1.0,-1.0,-1.0,-1.0,-1.0,1,0.0,0,137.0,137.0,1.9492643910297218,565.0
0,2.0,1,1,0,0,0,0,0,1,0,0,0,1.0,2.0,2.0,3.0,30.0,20,62,55,4.92,4.94,4.85,4.97,4.97,4.84,4.68,1,0.57,1,118.0,112.0,2.1908576028712514,479.33
1,1.0,1,1,0,0,0,1,0,0,0,0,0,1.0,1.0,1.0,5.0,30.0,19,51,30,4.78,4.9,4.94,4.94,4.96,4.68,4.46,1,0.43,1,123.0,118.0,2.726365618278887,188.4
1,1.0,1,1,0,0,0,1,0,0,0,0,0,1.0,1.0,2.0,2.0,3.0,142,84,78,4.87,4.85,4.82,4.94,4.99,4.96,4.6,1,0.71,1,118.0,118.0,0.7294674794792987,314.0
1,1.0,1,1,0,0,0,0,0,1,0,0,0,1.0,3.0,2.0,1.0,730.0,3,52,31,4.75,4.85,4.69,4.94,4.94,4.86,4.59,1,0.43,1,120.0,118.0,1.3402992368584674,459.5
1,2.0,1,1,0,1,0,1,0,0,0,0,0,1.0,1.0,1.0,3.0,1125.0,72,347,218,4.74,4.81,4.78,4.83,4.84,4.89,4.58,2,2.9,1,164.0,164.0,0.8496813703894882,190.33
0,1.0,1,1,0,0,0,0,0,1,0,0,0,1.5,2.0,2.0,3.0,1125.0,7,79,39,4.95,4.95,4.82,4.95,5.0,4.87,4.79,1,0.66,1,119.0,118.0,2.4941102507343356,433.67
0,1.0,1,1,0,0,0,0,0,1,0,0,0,1.0,2.0,2.0,3.0,30.0,300,50,23,4.8,4.92,4.7,4.98,5.0,4.94,4.44,1,0.43,1,138.0,126.0,1.148154685825594,685.0
1,1.0,1,1,0,0,0,0,0,1,0,0,0,1.0,1.0,2.0,1.0,1125.0,62,52,55,4.75,4.82,4.69,4.58,4.75,4.73,4.47,1,0.43,1,119.0,118.0,1.6431420912699728,268.5
1,1.0,1,1,0,1,0,1,0,0,0,0,0,1.0,1.0,1.0,4.0,1125.0,204,401,255,4.9,4.92,4.92,4.97,4.98,4.86,4.81,1,3.38,1,118.0,118.0,1.7753121659470137,142.75
0,1.0,1,1,0,0,0,1,0,0,0,0,0,1.0,1.0,1.0,2.0,1125.0,15,35,47,4.71,4.83,4.69,4.57,4.69,4.71,4.62,1,0.32,1,118.0,118.0,2.0570005681008365,250.5
0,1.0,1,1,0,0,0,1,0,0,0,0,0,1.0,1.0,1.0,2.0,9.0,5,80,31,4.9,4.91,4.75,4.94,4.96,4.79,4.69,1,0.67,1,148.0,118.0,1.8385208248908578,342.5
0,1.0,1,1,0,0,0,0,0,1,0,0,0,2.0,2.0,2.0,3.0,60.0,340,42,47,4.95,4.98,4.93,4.9,5.0,5.0,4.74,1,0.43,1,175.0,118.0,1.3203197370020283,778.0
1,1.0,1,1,0,1,0,0,1,0,0,0,0,1.0,1.0,3.0,1.0,30.0,178,543,255,4.89,4.91,4.94,4.95,4.94,4.86,4.68,1,4.55,1,118.0,118.0,1.535785974797146,171.18
1,1.0,1,1,0,1,0,0,0,0,0,0,0,1.5,1.0,1.0,1.0,62.0,58,206,234,4.95,4.99,4.99,4.96,4.97,4.82,4.86,1,1.72,1,136.0,118.0,7.821249315087072,102.71
1,3.0,1,1,0,0,0,0,0,1,0,0,0,3.0,2.0,2.0,1.0,1125.0,333,61,94,4.89,4.9,4.89,4.93,4.95,4.75,4.61,3,0.71,1,167.0,117.0,2.615561929076711,509.0
0,1.0,1,1,0,0,0,1,0,0,0,0,0,1.5,1.0,1.0,3.0,14.0,7,43,62,4.91,4.95,4.84,4.95,4.93,4.42,4.77,1,0.36,1,117.0,117.0,3.3995941564034644,228.33
0,1.0,1,1,0,1,0,0,0,1,0,0,0,1.0,2.0,3.0,3.0,365.0,66,96,255,4.71,4.74,4.69,4.92,4.94,4.78,4.53,1,0.82,1,194.0,178.0,1.2141603408679473,317.63
1,1.0,1,1,0,0,0,1,0,0,0,0,0,1.0,1.0,1.0,3.0,365.0,178,125,255,4.98,4.94,4.89,4.98,4.98,4.97,4.81,1,3.22,1,137.0,81.0,2.136582109336091,207.57
0,1.0,1,1,0,0,0,0,0,1,0,0,0,3.5,3.0,3.0,2.0,14.0,45,37,39,4.97,4.84,5.0,4.97,4.97,4.86,4.76,1,0.31,1,117.0,117.0,2.4314133748539373,685.0
0,1.0,1,1,0,0,0,1,0,0,0,0,0,1.5,1.0,1.0,3.0,30.0,174,16,16,4.63,4.81,4.44,4.81,4.94,4.56,4.56,1,0.13,1,152.0,150.0,4.158370672136416,226.33
1,1.0,1,1,0,1,0,1,0,0,0,0,0,1.5,1.0,1.0,1.0,1125.0,206,231,255,4.9,4.84,4.88,4.95,4.97,4.76,4.7,1,1.96,1,127.0,127.0,2.983837743859632,186.01
1,1.0,1,1,0,0,0,1,0,0,0,0,0,1.0,1.0,1.0,2.0,31.0,6,87,78,4.98,4.97,4.97,4.92,4.98,4.94,4.83,1,0.73,1,117.0,117.0,1.968125157118164,313.83
0,1.0,1,1,0,0,0,0,0,1,0,0,0,2.0,3.0,3.0,5.0,15.0,67,64,20,4.94,4.89,4.88,4.98,4.95,4.98,4.72,1,0.54,1,160.0,116.0,1.1697828291014434,405.8
1,4.0,1,1,0,0,0,0,0,1,0,0,0,1.0,2.0,2.0,1.0,999.0,277,157,255,4.81,4.81,4.86,4.76,4.75,4.73,4.53,4,1.34,1,165.0,158.0,1.7608751622104206,234.0
1,4.0,1,1,0,0,0,1,0,0,0,0,0,1.0,1.0,1.0,1.0,999.0,220,194,255,4.78,4.81,4.9,4.84,4.87,4.8,4.59,4,1.64,1,165.0,158.0,1.7007495507518375,218.0
0,1.0,1,1,0,0,0,1,0,0,0,0,0,1.0,1.0,1.0,3.0,20.0,322,13,0,4.92,5.0,5.0,4.92,5.0,4.62,4.69,1,0.14,1,154.0,117.0,2.0686047238589955,333.0
0,1.0,1,1,0,0,0,1,0,0,0,0,0,1.0,1.0,1.0,3.0,30.0,142,43,31,4.79,4.73,4.95,4.85,4.9,4.98,4.67,1,0.36,1,117.0,117.0,0.6637854508528488,464.33
1,1.0,1,1,0,1,0,1,0,0,0,0,0,1.0,1.0,2.0,2.0,28.0,275,609,255,4.82,4.85,4.9,4.83,4.86,4.54,4.76,1,5.13,1,117.0,117.0,5.255924859162185,70.0
0,1.0,1,1,0,0,0,1,0,0,0,0,0,1.0,1.0,1.0,3.0,7.0,11,56,23,4.98,5.0,4.93,4.95,5.0,4.89,4.88,1,0.49,1,144.0,117.0,2.8150557577787327,253.0
0,2.0,1,1,0,0,0,1,0,0,0,0,0,2.0,1.0,1.0,2.0,15.0,44,23,23,5.0,4.96,4.74,5.0,4.91,4.83,4.91,1,0.2,1,166.0,165.0,4.067838537285005,241.5
0,1.0,1,1,0,0,0,0,0,1,0,0,0,2.0,3.0,2.0,2.0,1125.0,33,28,31,4.93,4.93,5.0,5.0,5.0,4.79,4.61,1,0.24,1,163.0,117.0,3.020617696339101,742.0
1,1.0,1,1,0,1,0,1,0,0,0,0,0,1.5,1.0,1.0,2.0,30.0,246,108,109,4.94,4.96,4.99,4.94,4.98,4.69,4.81,1,0.93,1,117.0,117.0,4.085455227829215,148.5
0,1.0,1,1,0,0,0,1,0,0,0,0,0,1.0,1.0,1.0,1.0,30.0,17,0,0,-1.0,-1.0,-1.0,-1.0,-1.0,-1.0,-1.0,1,0.0,0,167.0,6.0,2.2628104002886924,222.0
1,1.0,1,1,0,0,0,1,0,0,0,0,0,1.0,1.0,2.0,1.0,1125.0,125,452,255,4.96,4.97,4.98,4.96,4.97,4.92,4.86,1,3.81,1,117.0,117.0,2.4444578814831166,179.0
0,3.0,1,1,0,0,0,1,0,0,0,0,0,1.0,1.0,2.0,3.0,345.0,166,7,0,5.0,5.0,5.0,5.0,5.0,5.0,4.86,3,0.06,1,163.0,122.0,1.2518342541273786,224.59
0,1.0,1,1,0,0,0,1,0,0,0,0,0,1.0,2.0,1.0,4.0,4.0,143,15,8,4.8,4.8,4.73,4.87,4.93,4.73,4.6,1,0.39,1,142.0,38.0,3.2543873077787917,219.75
0,1.0,1,1,0,0,0,1,0,0,0,0,0,1.5,2.0,1.0,4.0,30.0,32,15,32,5.0,4.93,5.0,4.93,5.0,5.0,4.8,1,0.18,1,165.0,165.0,3.2927366361179007,226.17
0,1.0,1,1,0,0,0,0,0,1,0,0,0,1.0,2.0,3.0,3.0,1125.0,267,82,55,5.0,4.96,4.91,4.96,4.94,4.98,4.72,1,0.7,1,167.0,116.0,1.4324955822233565,710.33
1,1.0,1,1,0,1,0,1,0,0,0,0,0,1.0,1.0,1.0,2.0,1125.0,45,288,211,4.89,4.9,4.95,4.88,4.96,4.73,4.64,1,2.44,1,150.0,116.0,3.2379577776262445,141.0
1,1.0,1,1,0,0,0,1,0,0,0,0,0,1.5,1.0,1.0,1.0,45.0,303,325,234,4.77,4.85,4.82,4.92,4.92,4.5,4.56,1,2.75,1,123.0,116.0,4.151774736355748,177.0
0,1.0,1,1,0,1,0,0,0,1,0,0,0,3.0,2.0,2.0,3.0,30.0,10,66,62,4.85,4.89,4.76,4.95,4.95,4.86,4.65,1,0.56,1,154.0,154.0,2.199049704248756,336.67
0,1.0,1,1,0,0,0,1,0,0,0,0,0,1.0,1.0,1.0,3.0,60.0,89,2,0,5.0,5.0,5.0,5.0,5.0,5.0,5.0,1,0.11,1,167.0,18.0,2.303344805667844,292.33
0,1.0,1,1,0,0,0,1,0,0,0,0,0,1.0,1.0,1.0,2.0,30.0,2,49,47,4.73,4.88,4.45,4.92,4.92,4.69,4.44,1,0.42,1,131.0,116.0,2.8485083317851085,122.5
1,1.0,1,1,0,1,0,1,0,0,0,0,0,1.5,1.0,2.0,1.0,1125.0,72,511,255,4.96,4.96,4.95,4.99,4.99,4.85,4.86,1,4.32,1,140.0,116.0,2.719449673747044,138.0
0,1.0,1,1,0,0,0,1,0,0,0,0,0,1.0,1.0,1.0,2.0,1125.0,133,515,255,4.66,4.76,4.68,4.66,4.73,4.91,4.49,1,4.35,1,116.0,116.0,0.9389122899442013,193.0
1,1.0,1,1,0,0,0,0,0,1,0,0,0,1.0,3.0,5.0,1.0,1125.0,63,115,101,4.94,4.97,4.97,4.99,4.95,4.96,4.67,1,0.97,1,116.0,116.0,1.7334458993461934,384.0
0,1.0,1,1,0,0,0,0,0,1,0,0,0,1.5,2.0,2.0,3.0,15.0,41,49,8,4.88,4.83,4.8,4.98,5.0,4.98,4.6,1,0.42,1,143.0,116.0,1.0878005334357135,424.33
0,1.0,1,1,0,1,0,1,0,0,0,0,0,1.5,1.0,2.0,2.0,10.0,54,96,55,4.93,4.96,4.98,4.99,4.99,4.91,4.78,1,0.82,1,154.0,116.0,2.3213179842504332,280.0
0,1.0,1,1,0,0,0,1,0,0,0,0,0,1.5,1.0,1.0,2.0,1125.0,197,73,31,4.82,4.88,4.82,4.96,4.93,4.74,4.63,1,0.62,1,168.0,116.0,2.3223994887324766,285.5
1,3.0,1,1,0,1,0,0,0,1,0,0,0,1.0,2.0,2.0,1.0,1125.0,117,251,187,4.7,4.79,4.74,4.85,4.84,4.9,4.6,3,2.3,1,116.0,113.0,1.2041776300809282,410.0
0,3.0,1,1,0,1,0,1,0,0,0,0,0,1.0,1.0,1.0,1.0,1125.0,167,657,255,4.9,4.89,4.95,4.95,4.94,4.87,4.78,3,5.56,1,22.0,22.0,1.8406392577224855,102.71
0,1.0,1,1,0,1,0,0,0,1,0,0,0,0.5,1.0,2.0,3.0,1125.0,119,302,255,4.73,4.73,4.65,4.93,4.93,4.66,4.43,1,2.57,1,116.0,116.0,3.9266983132823965,222.0
1,1.0,1,1,0,0,0,0,1,0,0,0,0,1.0,1.0,2.0,1.0,1125.0,264,490,255,4.96,4.94,4.95,4.98,4.98,4.96,4.79,1,4.16,1,116.0,116.0,1.0222660420614678,427.94
1,2.0,1,1,0,1,0,1,0,0,0,0,0,1.0,1.0,1.0,4.0,60.0,14,193,128,4.91,4.93,4.95,4.97,4.96,4.93,4.82,2,1.64,1,160.0,154.0,1.1116638285935823,228.25
0,1.0,1,1,0,0,0,1,0,0,0,0,0,1.0,1.0,1.0,5.0,365.0,41,9,0,4.78,4.78,4.33,5.0,5.0,4.89,4.78,1,0.26,1,123.0,34.0,2.5459186192817147,153.0
0,1.0,1,1,0,1,0,1,0,0,0,0,0,1.5,1.0,1.0,1.0,1125.0,258,378,0,4.83,4.88,4.88,4.95,4.95,4.91,4.74,1,3.21,1,120.0,116.0,1.4905100372426834,225.0
1,1.0,1,0,0,1,0,1,0,0,0,0,0,1.5,1.0,1.0,1.0,1125.0,12,153,133,4.83,4.88,4.9,4.89,4.88,4.7,4.7,1,1.3,1,116.0,116.0,3.891171406636885,131.5
0,4.0,1,1,0,0,0,1,0,0,0,0,0,1.0,1.0,1.0,3.0,1125.0,16,26,70,4.85,4.85,4.96,4.96,4.92,5.0,4.62,4,0.22,1,116.0,116.0,0.5903516819604234,354.0
1,1.0,1,1,0,1,0,1,0,0,0,0,0,1.0,1.0,1.0,2.0,1125.0,112,603,255,4.94,4.94,4.91,4.97,4.98,4.78,4.71,1,5.13,1,115.0,115.0,2.6714253428036456,180.31
0,1.0,1,1,0,0,0,0,0,0,1,0,0,1.5,4.0,4.0,3.0,29.0,6,25,16,4.84,4.84,4.8,4.96,5.0,4.68,4.4,1,0.22,1,115.0,115.0,7.546891593854178,466.0
0,1.0,1,1,0,0,0,1,0,0,0,0,0,1.0,1.0,1.0,1.0,1125.0,89,73,55,4.95,4.96,5.0,4.99,4.99,4.84,4.79,1,0.63,1,143.0,115.0,2.9846801721259095,385.5
0,2.0,1,1,0,0,0,1,0,0,0,0,0,1.0,1.0,1.0,1.0,1125.0,271,704,255,4.93,4.93,4.83,4.98,4.99,4.99,4.77,2,6.01,1,125.0,113.0,1.5358290194939461,285.29
0,2.0,1,1,0,0,0,1,0,0,0,0,0,1.0,1.0,1.0,1.0,1125.0,303,642,255,4.93,4.93,4.81,4.99,4.98,4.97,4.75,2,5.5,1,125.0,113.0,1.3527786294999746,196.0
1,1.0,1,1,0,0,0,1,0,0,0,0,0,1.0,1.0,2.0,1.0,10.0,182,450,255,4.92,4.93,4.95,4.9,4.94,4.94,4.76,1,3.85,1,115.0,115.0,1.7058210893865866,195.0
0,1.0,1,1,0,0,0,1,0,0,0,0,0,1.0,2.0,2.0,3.0,6.0,82,49,31,4.94,4.98,4.76,4.96,4.92,4.88,4.76,1,0.42,1,157.0,115.0,2.1139705536030378,360.33
0,3.0,1,0,0,0,0,1,0,0,0,0,0,0.5,1.0,1.0,5.0,1125.0,36,27,0,4.74,4.85,4.63,4.93,4.93,4.74,4.63,1,0.23,1,115.0,115.0,3.4751519639621526,192.37
0,1.0,1,1,0,1,0,1,0,0,0,0,0,1.0,1.0,2.0,2.0,730.0,166,92,23,4.93,4.88,4.96,4.96,4.95,4.72,4.7,1,0.79,1,130.0,115.0,6.20238655220008,166.5
0,2.0,1,1,0,0,0,1,0,0,0,0,0,1.0,1.0,1.0,1.0,1125.0,255,660,255,4.88,4.85,4.94,4.9,4.94,4.9,4.68,2,5.66,1,115.0,115.0,1.6109155875847978,239.08
1,2.0,1,1,0,0,0,1,0,0,0,0,0,1.0,1.0,1.0,2.0,1125.0,53,224,255,4.95,4.93,4.91,4.98,4.98,4.9,4.81,2,1.93,1,150.0,115.0,1.9170191388596576,257.0
1,1.0,1,1,0,1,0,0,0,0,0,0,0,1.0,1.0,1.0,1.0,600.0,19,337,255,4.97,4.99,4.97,4.99,4.99,4.77,4.9,1,2.89,1,119.0,115.0,5.593382593419846,100.0
0,1.0,1,1,0,0,0,0,0,1,0,0,0,1.5,2.0,2.0,1.0,4.0,8,52,55,4.83,4.92,4.88,4.9,4.87,4.82,4.71,1,0.48,1,115.0,115.0,3.0162155567342035,339.5
0,1.0,1,1,0,0,0,1,0,0,0,0,0,1.0,1.0,1.0,4.0,10.0,37,49,56,4.94,4.94,4.9,4.83,5.0,4.79,4.79,1,0.43,1,153.0,153.0,1.3450879871248362,268.2
1,2.0,1,1,0,1,0,1,0,0,0,0,0,1.5,1.0,1.0,2.0,1125.0,123,196,156,4.84,4.84,4.85,4.93,4.81,4.99,4.68,2,1.69,1,161.0,158.0,0.49028373400781855,231.5
1,1.0,1,1,0,0,0,0,0,1,0,0,0,1.0,2.0,3.0,2.0,28.0,17,57,16,4.86,4.91,4.51,4.91,4.93,4.81,4.6,1,0.51,1,125.0,115.0,2.7598488158505012,627.67
1,2.0,1,1,0,1,0,1,0,0,0,0,0,1.0,1.0,1.0,3.0,30.0,105,234,203,4.89,4.91,4.93,4.98,4.98,4.93,4.82,1,2.02,1,194.0,131.0,0.9024454887612442,207.33
0,1.0,1,1,0,0,0,0,0,1,0,0,0,1.0,1.0,2.0,2.0,1125.0,20,59,23,4.76,4.81,4.32,4.88,4.98,4.86,4.54,1,0.51,1,139.0,115.0,1.5819888337748005,335.0
1,1.0,1,1,0,0,0,0,0,1,0,0,0,1.0,2.0,3.0,3.0,60.0,164,59,78,4.83,4.85,4.54,4.97,4.98,4.93,4.69,1,0.54,1,121.0,114.0,1.8348241660358064,311.0
1,3.0,1,1,0,1,0,1,0,0,0,0,0,1.0,1.0,1.0,2.0,1125.0,62,125,31,4.74,4.82,4.55,4.94,4.82,4.7,4.54,3,1.07,1,144.0,123.0,4.86727546138631,124.5
1,1.0,1,1,0,1,0,0,0,1,0,0,0,1.0,2.0,4.0,1.0,1125.0,267,739,255,4.93,4.92,4.93,4.96,4.96,4.93,4.74,1,6.76,1,135.0,131.0,1.1014543006852442,337.5
0,1.0,1,1,0,0,0,0,1,0,0,0,0,2.5,3.0,5.0,1.0,29.0,253,53,70,4.74,4.72,4.55,4.75,4.81,4.83,4.49,1,0.47,1,159.0,139.0,1.0350027010302014,512.5
0,1.0,1,1,0,0,0,1,0,0,0,0,0,1.0,1.0,1.0,1.0,730.0,54,13,8,4.85,4.85,4.77,4.85,4.85,4.92,4.69,1,0.38,1,154.0,114.0,0.9381132431839547,331.0
1,1.0,1,1,0,0,0,0,0,1,0,0,0,1.5,3.0,4.0,2.0,30.0,353,54,78,4.94,4.85,4.91,5.0,5.0,4.83,4.76,1,0.47,1,127.0,116.0,6.686890134202152,456.5
1,2.0,1,1,0,0,0,0,1,0,0,0,0,1.5,1.0,2.0,3.0,10.0,233,54,39,4.91,4.83,4.98,5.0,4.94,4.94,4.83,2,0.58,1,184.0,154.0,1.1162065736423814,211.33
1,1.0,1,1,0,0,0,0,0,1,0,0,0,1.0,2.0,3.0,1.0,1125.0,275,191,140,4.82,4.85,4.85,4.91,4.93,4.82,4.62,1,1.81,1,137.0,137.0,1.2871251742451888,578.6
1,1.0,1,1,0,0,0,1,0,0,0,0,0,1.0,1.0,1.0,2.0,30.0,11,215,125,4.78,4.81,4.69,4.94,4.95,4.91,4.59,1,1.86,1,114.0,114.0,1.456499083475655,145.0
1,1.0,1,1,0,1,0,0,0,1,0,0,0,1.0,2.0,2.0,1.0,13.0,311,271,226,4.81,4.81,4.75,4.91,4.9,4.69,4.61,1,2.35,1,114.0,114.0,3.5984005454255614,147.0
0,4.0,1,1,0,1,0,1,0,0,0,0,0,1.0,1.0,1.0,1.0,1125.0,138,421,218,4.61,4.71,4.71,4.82,4.83,4.74,4.43,4,3.64,1,144.0,114.0,0.3151739310298463,206.0
0,4.0,1,1,0,1,0,1,0,0,0,0,0,1.0,1.0,1.0,1.0,1125.0,128,372,86,4.63,4.66,4.73,4.78,4.83,4.85,4.42,4,3.22,1,144.0,114.0,0.5185835675849636,200.0
0,1.0,1,1,0,0,0,0,0,1,0,0,0,1.0,1.0,1.0,4.0,1125.0,310,60,56,4.83,4.9,4.6,4.88,4.95,4.97,4.71,1,0.55,1,123.0,114.0,1.4946764733206732,371.0
0,1.0,1,1,0,0,0,1,0,0,0,0,0,1.0,1.0,1.0,1.0,30.0,19,74,8,4.95,4.86,4.89,4.92,4.95,4.78,4.78,1,0.65,1,155.0,114.0,2.5549557661719473,285.0
0,1.0,1,1,0,0,0,0,1,0,0,0,0,1.0,2.0,2.0,2.0,1125.0,3,31,23,4.68,4.87,4.39,4.87,4.83,4.63,4.34,1,0.27,1,114.0,113.0,3.684437929220303,354.0
0,2.0,1,1,0,0,0,1,0,0,0,0,0,1.0,1.0,1.0,4.0,15.0,4,8,8,5.0,5.0,4.75,4.88,5.0,4.63,4.88,1,0.21,1,170.0,119.0,4.101538116446532,155.5
0,2.0,1,1,0,0,0,1,0,0,0,0,0,1.0,1.0,1.0,1.0,1125.0,327,542,255,4.86,4.86,4.94,4.9,4.91,4.92,4.69,2,4.71,1,115.0,115.0,1.615861871146642,199.0
0,1.0,1,1,0,0,0,0,1,0,0,0,0,1.0,1.0,4.0,5.0,28.0,145,85,40,5.0,4.99,4.96,5.0,4.98,4.96,4.8,1,0.74,1,114.0,113.0,1.8515481385321448,327.6
1,2.0,1,1,0,1,0,1,0,0,0,0,0,1.0,1.0,1.0,2.0,1125.0,108,99,47,4.59,4.52,4.67,4.52,4.59,4.94,4.43,2,0.86,1,114.0,113.0,1.3452122492057075,308.0
1,2.0,1,1,0,0,0,1,0,0,0,0,0,1.0,1.0,1.0,2.0,1125.0,90,444,255,4.58,4.69,4.59,4.63,4.67,4.92,4.45,2,3.85,1,114.0,113.0,1.3452881863263604,158.0
1,1.0,1,1,0,1,0,0,0,1,0,0,0,1.0,2.0,4.0,3.0,1125.0,65,111,109,4.63,4.68,4.57,4.77,4.85,4.89,4.5,1,0.98,1,114.0,112.0,0.8159197822524743,263.99
0,1.0,1,1,0,0,0,0,0,1,0,0,0,1.0,3.0,6.0,4.0,21.0,17,8,16,5.0,5.0,5.0,5.0,5.0,5.0,5.0,1,0.07,1,142.0,142.0,1.2895502083533763,656.2
0,1.0,1,1,0,0,0,0,0,1,0,0,0,1.0,3.0,2.0,3.0,14.0,7,14,16,4.93,4.93,4.71,5.0,5.0,5.0,4.86,1,0.14,1,143.0,113.0,1.6138029935982603,502.33
0,1.0,1,1,0,0,0,0,0,1,0,0,0,1.0,1.0,2.0,3.0,7.0,46,241,31,4.95,4.92,4.94,4.99,5.0,4.73,4.84,1,2.09,1,155.0,113.0,7.166439305609082,188.33
0,1.0,1,1,0,0,0,0,0,1,0,0,0,1.0,2.0,2.0,1.0,4.0,39,66,55,4.89,4.88,4.85,4.86,4.92,4.62,4.7,1,0.59,1,129.0,111.0,2.9594476644868264,422.33
1,1.0,1,1,0,1,0,0,0,1,0,0,0,1.0,1.0,2.0,2.0,28.0,310,109,62,4.9,4.88,4.84,4.97,4.96,4.77,4.65,1,0.95,1,166.0,166.0,3.8218049543283286,376.5
0,1.0,1,1,0,1,0,1,0,0,0,0,0,1.0,1.0,1.0,1.0,1125.0,7,55,16,4.91,4.98,4.98,4.95,4.85,4.91,4.69,1,0.49,1,119.0,119.0,2.1111697770542914,257.0
1,1.0,1,1,0,1,0,1,0,0,0,0,0,1.0,1.0,1.0,2.0,1125.0,126,154,78,4.64,4.75,4.73,4.59,4.72,4.86,4.51,1,1.34,1,113.0,113.0,1.7651745085375636,136.5
1,1.0,1,1,0,1,0,1,0,0,0,0,0,1.5,1.0,1.0,2.0,1125.0,144,192,226,4.93,4.96,4.93,4.98,4.96,4.98,4.76,1,1.72,1,180.0,180.0,1.3839826332374794,285.5
1,2.0,1,1,0,1,0,1,0,0,0,0,0,1.0,1.0,1.0,1.0,1125.0,317,552,255,4.72,4.77,4.52,4.93,4.9,4.76,4.61,2,5.16,1,160.0,159.0,2.2842439161475627,97.0
0,2.0,1,1,0,1,0,1,0,0,0,0,0,1.0,1.0,1.0,2.0,1125.0,169,364,255,4.95,4.97,4.99,4.97,4.91,4.93,4.83,1,3.29,1,141.0,109.0,2.4762498085017097,150.33
1,1.0,1,1,0,0,0,1,0,0,0,0,0,1.0,1.0,1.0,2.0,30.0,169,460,255,4.82,4.87,4.82,4.96,4.87,4.94,4.66,1,4.23,1,167.0,167.0,1.4057325907182674,163.57
1,2.0,1,1,0,1,0,1,0,0,0,0,0,1.0,1.0,1.0,1.0,1125.0,229,536,255,4.98,4.97,4.97,4.98,4.96,4.89,4.83,2,4.69,1,130.0,130.0,1.969328099363381,160.5
0,3.0,1,1,0,0,0,0,0,1,0,0,0,1.0,3.0,2.0,2.0,21.0,3,119,133,4.89,4.92,4.71,4.93,4.95,4.7,4.72,2,1.05,1,135.0,113.0,4.6078802610155805,298.5
1,1.0,1,1,0,0,0,0,0,1,0,0,0,2.0,3.0,4.0,3.0,1125.0,19,51,47,4.96,4.9,4.96,4.92,4.96,4.72,4.8,1,0.46,1,113.0,113.0,1.8471896584119434,586.0
1,1.0,1,1,0,1,0,1,0,0,0,0,0,1.0,1.0,1.0,3.0,30.0,80,323,250,4.86,4.89,4.93,4.95,4.94,4.69,4.65,1,2.83,1,113.0,113.0,2.7811228674677877,122.67
0,9.0,1,1,0,1,0,0,0,0,0,1,0,1.0,2.0,6.0,2.0,1125.0,305,116,101,4.39,4.34,4.25,4.5,4.46,4.3,4.41,6,1.04,1,166.0,166.0,7.639194293071936,82.5
0,3.0,1,1,0,0,0,0,0,1,0,0,0,1.0,2.0,2.0,1.0,365.0,11,49,31,4.94,4.98,4.8,4.92,4.96,4.73,4.69,1,0.43,1,156.0,113.0,2.469886279204258,343.75
1,1.0,1,1,0,0,0,0,0,1,0,0,0,1.0,1.0,4.0,1.0,1125.0,185,129,133,4.75,4.89,4.68,4.97,4.98,4.96,4.6,1,1.13,1,119.0,119.0,0.7788784569684012,388.0
0,1.0,1,1,0,0,0,0,1,0,0,0,0,1.0,2.0,1.0,5.0,60.0,136,15,0,4.87,4.8,4.53,4.8,4.87,4.53,4.73,1,0.13,1,142.0,113.0,3.0409736226748914,222.6
0,1.0,1,1,0,0,0,1,0,0,0,0,0,1.0,1.0,1.0,4.0,730.0,364,60,24,4.85,4.88,4.72,4.88,4.97,4.92,4.62,1,0.53,1,144.0,113.0,1.3523069669897558,341.0
1,1.0,1,1,0,1,0,1,0,0,0,0,0,1.0,1.0,1.0,1.0,35.0,80,202,255,4.86,4.9,4.73,4.96,4.92,4.94,4.66,1,1.78,1,126.0,126.0,1.1390413675175788,189.33
1,1.0,1,1,0,0,0,0,1,0,0,0,0,1.0,2.0,2.0,1.0,1125.0,41,103,70,4.88,4.9,4.81,4.87,4.96,4.82,4.57,1,0.91,1,167.0,113.0,2.007077520161093,474.0
0,1.0,1,1,0,0,0,0,0,1,0,0,0,1.0,2.0,2.0,1.0,5.0,52,2,0,2.5,2.5,1.0,3.5,4.0,4.0,2.5,1,0.02,1,131.0,110.0,2.0908363867634367,143.0
0,1.0,1,1,0,0,0,0,0,0,1,0,0,1.0,3.0,3.0,3.0,10.0,6,17,39,4.88,4.94,4.47,4.94,5.0,4.88,4.71,1,0.16,1,172.0,163.0,4.240405670116814,328.33
0,1.0,1,1,0,0,0,1,0,0,0,0,0,1.0,1.0,1.0,4.0,30.0,132,39,32,4.95,4.92,4.9,4.85,4.97,4.92,4.79,1,0.35,1,134.0,134.0,3.1293498895515977,228.4
1,2.0,1,1,0,1,0,1,0,0,0,0,0,1.5,1.0,1.0,1.0,365.0,46,295,255,4.78,4.82,4.76,4.92,4.92,4.68,4.54,2,2.59,1,124.0,112.0,2.249190900305509,130.0
0,1.0,1,1,0,0,0,0,1,0,0,0,0,1.0,2.0,3.0,5.0,30.0,17,19,0,4.79,4.94,4.95,5.0,5.0,4.67,4.67,1,0.17,1,190.0,112.0,3.4305414069833597,247.8
1,1.0,1,1,0,1,0,0,1,0,0,0,0,1.0,1.0,2.0,1.0,30.0,31,440,255,4.85,4.87,4.87,4.95,4.97,4.72,4.75,1,3.87,1,120.0,112.0,3.911455294606294,142.0
1,1.0,1,1,0,1,0,0,0,1,0,0,0,1.0,2.0,2.0,2.0,1125.0,322,422,255,4.65,4.71,4.72,4.82,4.76,4.89,4.46,1,3.74,1,112.0,112.0,0.8080716320754592,319.33
1,1.0,1,1,0,0,0,1,0,0,0,0,0,1.0,1.0,1.0,5.0,6.0,6,124,255,4.96,4.98,4.96,4.94,4.98,4.98,4.86,1,1.09,1,131.0,112.0,1.0665316014893087,225.0
1,2.0,1,1,0,1,0,1,0,0,0,0,0,1.0,1.0,1.0,1.0,1125.0,227,282,255,4.97,4.94,4.98,4.94,4.96,4.98,4.87,1,2.53,1,178.0,137.0,1.566606994101288,303.0
0,1.0,1,1,0,1,0,0,1,0,0,0,0,1.5,1.0,3.0,1.0,31.0,340,481,187,4.81,4.81,4.8,4.94,4.93,4.81,4.61,1,4.24,1,140.0,112.0,2.2386895319000693,188.0
0,1.0,1,1,0,0,0,0,0,1,0,0,0,1.5,3.0,3.0,4.0,15.0,179,9,0,4.89,5.0,5.0,4.89,5.0,4.44,4.78,1,0.08,1,147.0,111.0,4.6908439516723925,334.0
0,1.0,1,1,0,0,0,0,0,1,0,0,0,1.0,3.0,3.0,2.0,15.0,14,30,8,4.87,4.93,4.77,4.9,4.93,4.57,4.57,1,0.28,1,178.0,135.0,3.0488464182494024,342.5
1,1.0,1,1,0,1,0,1,0,0,0,0,0,1.0,1.0,1.0,1.0,1125.0,68,679,255,4.84,4.84,4.71,4.95,4.96,4.92,4.76,1,6.01,1,176.0,176.0,0.8789655688829585,132.95
1,1.0,1,1,0,0,0,1,0,0,0,0,0,1.0,1.0,1.0,4.0,14.0,13,50,32,5.0,5.0,4.92,4.94,4.96,4.92,4.78,1,0.45,1,160.0,111.0,1.80357881012602,312.25
0,1.0,1,1,0,0,0,0,0,1,0,0,0,3.0,3.0,3.0,3.0,30.0,20,19,31,5.0,4.79,4.79,4.89,5.0,5.0,4.95,1,0.17,1,161.0,111.0,3.6746398063036474,376.67
1,1.0,1,1,0,1,0,1,0,0,0,0,0,1.0,1.0,1.0,2.0,1125.0,185,515,255,4.92,4.95,4.91,4.96,4.96,4.94,4.8,1,4.61,1,111.0,110.0,1.7650689852011767,203.0
0,1.0,1,1,0,0,0,1,0,0,0,0,0,1.0,1.0,1.0,3.0,7.0,38,81,47,4.99,4.99,4.95,4.99,4.98,4.94,4.86,1,0.74,1,125.0,107.0,1.1053562064458409,365.33
1,2.0,1,1,0,1,0,0,1,0,0,0,0,1.0,1.0,2.0,2.0,1125.0,155,695,255,4.85,4.9,4.82,4.95,4.95,4.92,4.77,1,6.16,1,169.0,151.0,0.8738708705800325,211.69
1,1.0,1,1,0,1,0,0,0,1,0,0,0,2.0,2.0,2.0,1.0,1125.0,194,171,255,4.98,4.96,5.0,4.98,4.98,4.97,4.87,1,1.61,1,145.0,144.0,0.9061133051515173,456.5
0,1.0,1,1,0,1,0,1,0,0,0,0,0,1.0,1.0,1.0,3.0,1125.0,38,223,164,4.67,4.8,4.81,4.65,4.67,4.89,4.45,1,1.99,1,111.0,111.0,0.8543578116897952,213.33
0,1.0,1,1,0,0,0,0,1,0,0,0,0,1.0,1.0,1.0,2.0,10.0,363,20,16,4.7,4.75,4.6,5.0,4.95,4.7,4.75,1,0.18,1,152.0,111.0,1.875775254980116,252.0
1,2.0,1,1,0,1,0,1,0,0,0,0,0,1.0,1.0,1.0,2.0,1125.0,122,379,255,4.92,4.97,4.94,4.9,4.96,4.67,4.78,1,3.37,1,112.0,111.0,6.30534993549639,97.0
0,1.0,1,1,0,0,0,0,0,1,0,0,0,2.0,3.0,2.0,4.0,20.0,57,10,8,4.9,4.9,4.9,4.9,4.9,4.3,4.7,1,0.09,1,139.0,111.0,3.334997957401868,388.0
0,1.0,1,1,0,1,0,1,0,0,0,0,0,1.0,1.0,1.0,1.0,1125.0,52,119,78,4.92,4.92,4.95,4.98,4.99,4.56,4.83,1,1.07,1,111.0,110.0,4.8088567700895375,100.0
0,1.0,1,1,0,0,0,0,0,1,0,0,0,1.5,3.0,3.0,3.0,29.0,105,20,47,4.9,4.95,4.75,5.0,5.0,4.95,4.9,1,0.18,1,116.0,111.0,4.148538962018883,282.25
1,2.0,1,1,0,1,0,1,0,0,0,0,0,1.0,1.0,1.0,2.0,1125.0,200,480,255,4.96,4.96,4.98,4.98,4.98,4.92,4.8,1,4.28,1,141.0,111.0,1.753487452559787,175.5
0,1.0,1,1,0,0,0,0,0,0,1,0,0,1.5,3.0,3.0,3.0,1125.0,185,21,16,4.81,4.9,4.86,4.76,4.81,4.71,4.62,1,0.19,1,157.0,157.0,3.120155063299553,381.0
0,1.0,1,1,0,0,0,1,0,0,0,0,0,1.5,1.0,1.0,4.0,14.0,69,63,64,5.0,5.0,5.0,5.0,5.0,5.0,4.85,1,0.57,1,140.0,110.0,1.4290462934535983,359.5
0,1.0,1,1,0,0,0,0,0,1,0,0,0,2.0,2.0,3.0,3.0,13.0,50,61,47,4.93,4.87,4.98,4.83,4.92,4.8,4.67,1,0.55,1,111.0,111.0,2.001667445084805,624.0
0,1.0,1,1,0,0,0,0,1,0,0,0,0,1.0,1.0,2.0,5.0,100.0,13,42,50,4.93,4.98,4.9,4.98,4.98,4.81,4.81,1,0.37,1,111.0,111.0,2.7664616902273016,290.0
0,1.0,1,1,0,0,0,0,0,0,1,0,0,2.5,4.0,3.0,3.0,30.0,37,18,0,4.89,4.89,4.83,5.0,5.0,4.78,4.56,1,0.17,1,111.0,111.0,3.103248079691993,465.25
0,1.0,1,1,0,0,0,1,0,0,0,0,0,1.0,1.0,1.0,1.0,30.0,347,66,70,4.98,4.92,4.95,4.94,5.0,5.0,4.83,1,0.59,1,110.0,110.0,0.7528865311764359,530.0
1,1.0,1,1,0,0,0,1,0,0,0,0,0,1.0,1.0,2.0,1.0,1125.0,278,681,255,4.91,4.92,4.72,4.99,4.99,4.86,4.76,1,6.09,1,125.0,125.0,3.3222080206299123,132.0
0,2.0,1,1,0,1,0,0,0,1,0,0,0,1.0,2.0,2.0,1.0,1125.0,203,382,255,4.94,4.92,4.95,4.97,4.96,4.83,4.78,1,3.43,1,117.0,116.0,7.259215330353114,176.88
0,1.0,1,1,0,0,0,0,0,1,0,0,0,1.5,2.0,2.0,1.0,1125.0,14,40,31,4.45,4.55,3.58,4.7,4.85,4.73,4.13,1,0.37,1,121.0,121.0,3.409409541223038,448.5
1,3.0,1,1,0,1,0,1,0,0,0,0,0,1.0,1.0,1.0,1.0,1125.0,55,413,255,4.96,4.97,4.98,4.96,4.98,4.95,4.8,3,4.08,1,156.0,150.0,1.4960074437284174,183.04
1,1.0,1,1,0,1,0,1,0,0,0,0,0,1.5,1.0,1.0,1.0,1125.0,134,690,255,4.94,4.95,4.94,4.96,4.97,4.98,4.8,1,6.16,1,123.0,110.0,0.7232789589504504,214.0
1,6.0,1,1,0,1,0,1,0,0,0,0,0,1.5,1.0,1.0,3.0,1125.0,57,222,255,4.96,4.91,4.95,4.95,4.95,4.98,4.76,4,4.5,1,190.0,185.0,1.5587865857175043,201.67
0,1.0,1,1,0,1,0,1,0,0,0,0,0,1.0,1.0,1.0,2.0,1125.0,351,36,62,4.78,4.86,4.92,4.91,4.91,4.47,4.56,1,0.32,1,110.0,110.0,4.142944870421918,123.0
0,1.0,1,1,0,1,0,0,0,1,0,0,0,1.5,2.0,2.0,2.0,1001.0,98,431,255,4.83,4.8,4.8,4.96,4.97,4.95,4.59,1,3.85,1,141.0,110.0,1.3885723711228608,476.5
0,1.0,1,1,0,0,0,1,0,0,0,0,0,1.5,1.0,1.0,1.0,1125.0,8,1,0,5.0,5.0,5.0,5.0,5.0,5.0,5.0,1,0.01,1,110.0,110.0,2.1067596913661126,214.6
0,1.0,1,1,0,0,0,1,0,0,0,0,0,1.5,1.0,1.0,5.0,30.0,5,12,0,4.92,4.92,4.92,4.83,5.0,5.0,4.83,1,0.24,1,136.0,75.0,2.5673052942493846,260.2
1,4.0,1,1,0,0,0,0,0,1,0,0,0,1.5,2.0,3.0,2.0,1125.0,35,606,255,4.92,4.9,4.99,4.98,4.97,4.95,4.77,1,5.43,1,148.0,147.0,0.5546155063412432,380.72
0,1.0,1,1,0,1,0,1,0,0,0,0,0,1.0,1.0,1.0,2.0,1125.0,54,506,250,4.9,4.93,4.86,4.97,4.96,4.87,4.7,1,4.52,1,123.0,105.0,1.1946489646813705,153.0
0,1.0,1,1,0,0,0,0,0,1,0,0,0,1.0,3.0,2.0,2.0,30.0,5,45,62,4.82,4.96,4.82,4.82,4.8,4.96,4.87,1,0.4,1,110.0,110.0,2.535270342321309,402.27
0,1.0,1,1,0,0,0,1,0,0,0,0,0,1.0,2.0,1.0,4.0,21.0,258,3,0,4.67,5.0,5.0,5.0,4.67,4.67,4.67,1,0.08,1,124.0,36.0,2.2884623123627925,413.75
0,1.0,1,1,0,0,0,1,0,0,0,0,0,1.5,1.0,1.0,3.0,28.0,15,7,23,4.57,4.86,4.14,5.0,5.0,4.71,4.57,1,0.06,1,110.0,110.0,2.4415327086147967,201.67
0,1.0,1,1,0,0,0,0,1,0,0,0,0,1.5,2.0,4.0,3.0,1125.0,15,15,0,4.87,4.93,4.87,4.8,4.93,4.8,4.6,1,0.14,1,155.0,155.0,2.025854126475344,291.0
0,2.0,1,1,0,0,0,0,0,0,1,0,0,1.5,1.0,3.0,2.0,1125.0,295,76,31,4.89,4.89,4.93,4.99,4.87,4.97,4.71,1,0.74,1,119.0,119.0,0.849723417452736,585.0
1,1.0,1,1,0,1,0,0,0,1,0,0,0,1.0,2.0,3.0,1.0,14.0,303,97,156,4.86,4.91,4.71,4.97,4.97,4.73,4.71,1,0.9,1,167.0,110.0,3.9873415981380993,237.75
0,1.0,1,1,0,0,0,0,0,1,0,0,0,1.0,3.0,2.0,2.0,1125.0,2,26,39,4.73,4.96,4.58,4.92,4.96,4.84,4.8,1,0.23,1,160.0,148.0,2.850832010253759,359.5
1,3.0,1,1,0,0,0,0,0,1,0,0,0,1.5,2.0,3.0,3.0,1125.0,279,58,117,4.76,4.83,4.6,4.93,4.88,4.79,4.64,1,0.52,1,122.0,110.0,7.573771656214777,421.67
1,1.0,1,1,0,1,0,1,0,0,0,0,0,1.0,1.0,1.0,2.0,15.0,83,195,255,4.83,4.89,4.88,4.95,4.92,4.86,4.56,1,1.75,1,175.0,110.0,2.3186776489413097,135.33
1,1.0,1,1,0,1,0,0,0,1,0,0,0,1.0,2.0,2.0,2.0,1125.0,28,278,255,4.75,4.83,4.85,4.93,4.89,4.57,4.62,1,2.5,1,110.0,110.0,5.307291879823482,165.5
0,1.0,1,1,0,0,0,1,0,0,0,0,0,1.0,1.0,1.0,5.0,365.0,138,0,0,-1.0,-1.0,-1.0,-1.0,-1.0,-1.0,-1.0,1,0.0,0,137.0,2.0,1.711170051810104,405.2
0,1.0,1,1,0,0,0,0,1,0,0,0,0,1.0,2.0,2.0,2.0,15.0,21,30,31,4.73,4.72,4.6,4.72,4.9,4.59,4.41,1,0.28,1,156.0,154.0,1.8041730764893558,420.33
1,2.0,1,1,0,1,0,0,0,1,0,0,0,1.0,2.0,2.0,1.0,1125.0,7,228,109,4.91,4.92,4.89,4.96,4.94,4.94,4.68,1,2.06,1,160.0,160.0,1.8150364392187166,394.0
1,3.0,1,1,0,1,0,0,0,1,0,0,0,1.5,2.0,2.0,1.0,1125.0,68,236,133,4.74,4.79,4.79,4.86,4.8,4.89,4.61,3,2.13,1,116.0,113.0,1.2758090545725014,350.0
1,2.0,1,1,0,1,0,1,0,0,0,0,0,1.0,1.0,1.0,2.0,30.0,240,429,255,4.97,4.98,4.96,4.96,4.97,4.98,4.81,2,3.86,1,109.0,109.0,0.38699387132736784,331.0
0,1.0,1,1,0,0,0,0,0,1,0,0,0,2.5,2.0,2.0,3.0,14.0,20,30,47,5.0,5.0,4.97,5.0,4.97,5.0,4.93,1,0.28,1,109.0,109.0,0.7224892225211761,627.67
0,1.0,1,1,0,0,0,0,0,1,0,0,0,1.5,2.0,2.0,3.0,18.0,15,21,0,5.0,5.0,4.95,5.0,4.95,4.76,4.76,1,0.2,1,160.0,109.0,5.785310642227202,305.0
0,2.0,1,1,0,0,0,1,0,0,0,0,0,1.0,1.0,1.0,1.0,1125.0,209,567,255,4.64,4.73,4.59,4.85,4.85,4.71,4.49,2,6.24,1,109.0,109.0,3.1671737085450617,116.93
0,1.0,1,1,0,1,0,0,0,0,0,0,0,1.0,1.0,1.0,2.0,1125.0,13,87,8,4.91,4.92,4.99,4.9,4.83,4.91,4.69,1,0.82,1,122.0,106.0,0.853296520963226,179.5
1,2.0,1,1,0,1,0,1,0,0,0,0,0,1.0,1.0,1.0,1.0,1125.0,284,393,255,4.85,4.88,4.63,4.93,4.93,4.92,4.66,2,3.55,1,147.0,140.0,1.3731752920411675,114.12
0,1.0,1,1,0,1,0,1,0,0,0,0,0,1.5,1.0,1.0,1.0,14.0,45,39,23,4.87,4.9,4.95,4.87,4.9,5.0,4.79,1,0.37,1,131.0,104.0,1.8034388328591358,260.67
1,2.0,1,1,0,1,0,1,0,0,0,0,0,1.0,1.0,1.0,2.0,30.0,46,238,255,4.93,4.92,4.93,4.96,4.97,4.96,4.8,2,2.14,1,109.0,109.0,0.5185238070688544,297.0
0,2.0,1,1,0,0,0,0,0,1,0,0,0,1.0,2.0,2.0,6.0,30.0,18,25,0,4.72,4.88,4.8,4.92,5.0,4.76,4.64,2,0.22,1,150.0,109.0,1.9319248109612313,417.5
0,1.0,1,1,0,0,0,0,0,1,0,0,0,1.5,3.0,3.0,4.0,30.0,169,18,16,4.94,5.0,4.89,4.81,4.71,4.88,4.63,1,0.16,1,109.0,109.0,6.79947655290897,349.88
0,1.0,1,1,0,1,0,1,0,0,0,0,0,1.0,1.0,1.0,2.0,1124.0,30,147,172,4.9,4.95,4.95,4.95,4.91,4.82,4.8,1,1.33,1,178.0,160.0,2.611386568291099,148.5
0,3.0,1,1,0,0,0,1,0,0,0,0,0,1.0,1.0,1.0,2.0,1125.0,10,77,55,4.97,4.99,4.96,4.99,4.96,4.94,4.84,1,0.72,1,161.0,109.0,1.6098554713799815,291.0
1,1.0,1,1,0,1,0,0,1,0,0,0,0,1.5,1.0,2.0,1.0,1125.0,54,690,255,4.81,4.87,4.79,4.94,4.93,4.9,4.69,1,6.24,1,118.0,109.0,1.0823115695129761,208.0
0,8.0,1,1,0,0,0,0,0,1,0,0,0,1.0,1.0,4.0,2.0,326.0,177,235,255,4.63,4.63,4.79,4.73,4.77,4.71,4.43,4,2.19,1,109.0,109.0,2.174481565042068,320.67
1,2.0,1,1,0,0,0,1,0,0,0,0,0,1.5,1.0,1.0,3.0,1125.0,279,169,179,4.88,4.88,4.86,4.94,4.96,4.9,4.72,2,1.53,1,142.0,141.0,0.658333292245287,253.0
1,1.0,1,1,0,1,0,0,0,1,0,0,0,1.0,2.0,2.0,1.0,1125.0,255,384,255,4.89,4.91,4.94,4.95,4.97,4.99,4.69,1,3.47,1,109.0,109.0,0.791268396872761,308.33
0,1.0,1,1,0,0,0,1,0,0,0,0,0,1.0,1.0,1.0,3.0,30.0,64,14,0,4.93,4.79,4.93,4.93,5.0,4.93,4.57,1,0.13,1,109.0,109.0,1.4714753988580052,290.67
0,1.0,1,1,0,0,0,0,0,1,0,0,0,1.0,2.0,2.0,2.0,1125.0,193,250,125,4.68,4.68,4.68,4.9,4.83,4.98,4.49,1,2.27,1,110.0,110.0,0.5826710901529849,411.25
1,1.0,1,1,0,0,0,0,0,1,0,0,0,1.5,2.0,3.0,2.0,1125.0,259,129,255,4.94,4.86,4.95,4.85,4.93,4.63,4.74,1,2.16,1,133.0,86.0,4.064723628907548,217.4
0,2.0,1,1,0,0,0,1,0,0,0,0,0,1.0,1.0,1.0,1.0,1125.0,252,626,255,4.6,4.67,4.46,4.83,4.81,4.7,4.43,2,5.66,1,109.0,109.0,3.267277712744587,110.0
0,1.0,1,1,0,0,0,0,0,0,0,1,0,2.0,4.0,7.0,5.0,30.0,240,2,20,5.0,5.0,5.0,5.0,5.0,5.0,5.0,1,0.36,1,143.0,7.0,3.058584035977571,719.8
1,2.0,1,1,0,0,0,0,0,1,0,0,0,1.5,3.0,4.0,1.0,22.0,87,40,94,4.95,4.93,4.9,4.9,5.0,4.98,4.73,1,0.38,1,110.0,109.0,1.6840899555446884,562.5
0,1.0,1,1,0,0,0,0,0,0,0,1,0,1.5,4.0,4.0,3.0,18.0,8,30,16,4.97,4.9,4.93,5.0,5.0,4.8,4.73,1,0.27,1,125.0,109.0,4.699967941849076,306.75
0,1.0,1,1,0,0,0,1,0,0,0,0,0,1.0,1.0,1.0,2.0,8.0,31,75,55,4.96,4.99,4.97,4.93,4.97,4.88,4.87,1,0.76,1,128.0,108.0,3.5852862165890627,257.0
0,1.0,1,1,0,0,0,0,0,1,0,0,0,1.0,1.0,2.0,4.0,1125.0,5,34,8,4.94,4.91,4.85,4.94,5.0,4.79,4.74,1,0.31,1,155.0,108.0,1.9227016156305337,282.5
0,1.0,1,1,0,0,0,0,0,1,0,0,0,1.5,2.0,3.0,2.0,21.0,45,24,8,4.71,4.67,4.67,4.79,4.83,4.71,4.5,1,0.22,1,112.0,108.0,2.437002943570153,409.0
0,2.0,1,1,0,0,0,1,0,0,0,0,0,1.0,1.0,1.0,5.0,1125.0,358,7,0,4.86,5.0,4.86,4.71,5.0,4.86,4.86,2,0.06,1,120.0,108.0,3.51146890116516,576.4
0,1.0,1,1,0,0,0,0,0,1,0,0,0,2.0,2.0,2.0,3.0,30.0,11,57,47,4.96,4.98,4.81,5.0,5.0,4.96,4.77,1,0.52,1,139.0,108.0,3.1144733052817926,449.5
0,1.0,1,1,0,0,0,0,0,1,0,0,0,2.5,3.0,4.0,1.0,26.0,12,29,39,4.66,4.82,4.32,4.85,4.81,4.63,4.59,1,0.27,1,118.0,108.0,7.852500056304685,327.33
0,1.0,1,1,0,1,0,1,0,0,0,0,0,1.5,1.0,2.0,2.0,1125.0,273,86,195,4.88,4.94,4.93,4.94,4.87,4.98,4.76,1,0.79,1,108.0,108.0,1.3151928878747494,290.0
0,1.0,1,1,0,0,0,0,1,0,0,0,0,1.0,1.0,2.0,1.0,730.0,157,24,0,4.83,4.92,4.75,4.75,4.58,4.0,4.46,1,0.22,1,110.0,108.0,9.947767238200976,149.4
0,1.0,1,0,0,0,0,0,0,1,0,0,0,1.0,3.0,3.0,1.0,30.0,70,36,31,4.89,4.92,4.81,4.97,4.94,4.6,4.6,1,0.33,1,154.0,108.0,4.66806784834687,432.0
1,2.0,1,1,0,1,0,1,0,0,0,0,0,1.0,1.0,2.0,3.0,1125.0,123,182,250,4.6,4.73,4.67,4.82,4.8,4.94,4.46,2,1.67,1,108.0,108.0,1.553790481929038,234.0
1,2.0,1,1,0,1,0,1,0,0,0,0,0,1.0,1.0,2.0,3.0,1125.0,131,269,255,4.69,4.74,4.71,4.83,4.86,4.97,4.52,2,2.45,1,108.0,108.0,1.5520064655907708,182.59
0,1.0,1,1,0,1,0,0,0,0,0,0,0,1.0,1.0,1.0,2.0,15.0,70,68,31,4.88,4.97,4.99,4.82,4.96,4.73,4.61,1,0.62,1,151.0,110.0,2.6115231277551096,154.5
0,2.0,1,1,0,1,0,1,0,0,0,0,0,1.0,1.0,1.0,2.0,1125.0,141,134,0,4.51,4.66,4.53,4.66,4.77,4.31,4.38,2,1.24,1,109.0,108.0,4.647429382908886,150.33
0,4.0,1,1,0,1,0,0,1,0,0,0,0,1.0,1.0,2.0,2.0,1125.0,330,48,16,4.5,4.63,4.5,4.65,4.75,4.9,4.4,3,0.45,1,129.0,127.0,0.4021819023708836,224.5
1,1.0,1,1,0,0,0,0,1,0,0,0,0,1.0,2.0,2.0,1.0,1125.0,89,118,133,4.92,4.84,4.88,4.92,4.92,4.63,4.72,1,1.07,1,134.0,108.0,3.110614246337175,144.93
0,1.0,1,1,0,0,0,0,0,1,0,0,0,1.0,2.0,3.0,3.0,30.0,30,41,0,4.73,4.85,4.78,4.98,4.93,4.49,4.54,1,0.37,1,131.0,119.0,2.4757136748137816,352.0
1,1.0,1,1,0,0,0,1,0,0,0,0,0,1.0,1.0,1.0,2.0,730.0,46,396,255,4.93,4.87,4.93,4.96,4.97,4.84,4.77,1,3.87,1,108.0,101.0,2.688131502532995,217.0
0,1.0,1,1,0,0,0,0,0,0,1,0,0,2.0,3.0,3.0,3.0,14.0,46,17,23,4.94,4.94,5.0,4.88,4.94,5.0,4.65,1,0.16,1,109.0,108.0,1.601657293818173,707.67
0,1.0,1,1,0,0,0,0,0,1,0,0,0,1.5,2.0,2.0,7.0,30.0,159,19,42,4.95,4.89,4.95,4.95,4.95,4.63,4.74,1,0.41,1,162.0,157.0,7.162236816906424,273.07
0,3.0,1,1,0,1,0,1,0,0,0,0,0,1.0,1.0,1.0,1.0,1125.0,199,563,255,4.93,4.91,4.95,4.96,4.94,4.87,4.74,3,5.12,1,22.0,22.0,1.8406392577224855,97.0
0,1.0,1,1,0,0,0,0,0,1,0,0,0,1.0,3.0,2.0,3.0,14.0,38,10,16,4.9,4.9,5.0,4.9,4.9,4.8,4.7,1,0.09,1,116.0,108.0,5.242483520044263,365.18
0,1.0,1,1,0,0,0,1,0,0,0,0,0,1.0,1.0,1.0,1.0,14.0,109,1,8,5.0,5.0,5.0,5.0,5.0,5.0,4.0,1,0.58,1,142.0,9.0,1.9985542435354497,286.0
0,1.0,1,1,0,0,0,0,0,0,1,0,0,1.0,4.0,4.0,2.0,20.0,17,45,16,4.67,4.67,4.56,4.82,4.73,4.31,4.58,1,0.41,1,155.0,119.0,4.934858627004417,314.0
1,1.0,1,1,0,0,0,1,0,0,0,0,0,1.5,1.0,1.0,2.0,1125.0,85,151,195,4.89,4.91,4.86,4.95,4.98,4.88,4.71,1,1.44,1,113.0,103.0,2.239152083307373,320.0
0,1.0,1,1,0,0,0,0,0,1,0,0,0,1.0,3.0,2.0,2.0,21.0,2,19,16,4.63,4.67,4.74,4.78,4.83,4.39,4.33,1,0.18,1,118.0,108.0,4.385040769408351,328.5
1,2.0,1,1,0,0,0,0,0,1,0,0,0,1.0,2.0,2.0,1.0,1125.0,267,260,255,4.84,4.87,4.88,4.95,4.97,4.9,4.67,2,2.42,1,152.0,152.0,2.26714095307581,148.36
0,1.0,1,1,0,0,0,0,0,1,0,0,0,1.5,2.0,2.0,2.0,30.0,12,57,23,4.7,4.7,4.65,4.98,4.93,4.95,4.56,1,0.55,1,179.0,126.0,1.753206943597096,434.33
0,1.0,1,1,0,0,0,0,1,0,0,0,0,1.0,2.0,3.0,4.0,1125.0,166,12,0,5.0,5.0,4.92,5.0,5.0,4.67,4.75,1,0.11,1,145.0,107.0,1.811908645037832,328.25
0,1.0,1,1,0,0,0,1,0,0,0,0,0,1.0,1.0,1.0,2.0,10.0,16,13,8,4.62,4.69,4.62,4.92,4.85,4.62,4.62,1,0.12,1,119.0,119.0,2.969570027360708,280.0
1,2.0,1,1,0,1,0,0,0,0,0,0,0,1.0,1.0,1.0,2.0,1125.0,49,502,255,4.88,4.88,4.83,4.95,4.95,4.84,4.75,2,4.65,1,144.0,115.0,2.2928453925066106,155.0
1,2.0,1,1,0,0,0,1,0,0,0,0,0,1.0,1.0,1.0,1.0,180.0,50,72,125,4.85,4.88,4.71,4.99,4.97,4.93,4.56,2,0.67,1,175.0,175.0,0.7237470937042282,228.24
1,2.0,1,1,0,1,0,1,0,0,0,0,0,1.0,1.0,1.0,2.0,15.0,55,460,255,4.85,4.82,4.77,4.96,4.97,4.79,4.66,2,4.26,1,144.0,115.0,2.370073549103125,98.14
0,1.0,1,1,0,0,0,1,0,0,0,0,0,1.0,1.0,1.0,6.0,30.0,15,68,48,5.0,5.0,5.0,4.99,4.99,5.0,4.87,1,0.62,1,108.0,107.0,1.5102885081516693,386.17
0,1.0,1,1,0,0,0,0,0,0,1,0,0,1.5,3.0,4.0,1.0,14.0,4,38,39,4.82,4.74,4.5,4.97,4.97,4.82,4.55,1,0.35,1,107.0,107.0,2.801384139123267,274.0
0,1.0,1,1,0,0,0,0,0,1,0,0,0,1.0,3.0,2.0,1.0,30.0,6,42,39,4.67,4.88,4.93,4.87,4.8,4.18,4.51,1,0.39,1,108.0,108.0,5.763671822632768,349.0
1,1.0,1,1,0,1,0,1,0,0,0,0,0,1.0,1.0,2.0,2.0,730.0,39,247,242,4.87,4.89,4.86,4.9,4.97,4.57,4.7,1,2.28,1,114.0,107.0,4.734608111051511,126.0
0,1.0,1,1,0,0,0,1,0,0,0,0,0,1.5,1.0,1.0,3.0,28.0,9,19,8,4.89,4.89,4.74,4.89,5.0,4.95,4.47,1,0.18,1,142.0,107.0,1.6688008870890865,380.67
1,1.0,1,1,0,1,0,0,0,1,0,0,0,2.0,2.0,2.0,1.0,1125.0,249,668,255,4.86,4.85,4.87,4.93,4.96,4.97,4.65,1,6.21,1,130.0,130.0,1.2399055956332634,456.47
0,1.0,1,1,0,0,0,1,0,0,0,0,0,1.0,1.0,1.0,4.0,21.0,11,44,0,4.82,4.91,4.66,4.91,4.91,4.61,4.45,1,0.41,1,118.0,107.0,9.921434721160743,95.75
1,1.0,1,1,0,1,0,0,0,1,0,0,0,1.5,2.0,1.0,1.0,1125.0,276,281,255,4.91,4.84,4.89,4.93,4.96,4.67,4.79,1,2.96,1,107.0,107.0,6.9980128048433095,155.0
0,1.0,1,1,0,0,0,0,1,0,0,0,0,1.0,1.0,2.0,3.0,26.0,16,36,31,4.86,4.92,4.92,4.94,4.97,4.69,4.67,1,0.33,1,157.0,107.0,2.187932680009184,317.67
0,2.0,1,1,0,0,0,1,0,0,0,0,0,1.0,1.0,1.0,2.0,28.0,8,59,70,4.93,4.9,4.78,4.86,4.93,4.98,4.7,1,0.55,1,140.0,106.0,1.2701978003100214,265.5
1,1.0,1,1,0,1,0,0,1,0,0,0,0,1.5,2.0,4.0,4.0,30.0,66,42,72,4.83,4.9,4.76,4.98,4.98,4.95,4.79,1,0.4,1,118.0,118.0,0.9549016946262361,274.0
1,2.0,1,1,0,1,0,0,0,0,0,0,0,1.0,1.0,1.0,1.0,1125.0,17,454,255,4.86,4.9,4.83,4.97,4.97,4.79,4.85,2,4.22,1,120.0,110.0,2.5356162238968825,82.5
1,2.0,1,1,0,0,0,1,0,0,0,0,0,1.0,1.0,1.0,2.0,180.0,304,469,255,4.78,4.85,4.72,4.95,4.94,4.91,4.63,2,5.32,1,151.0,107.0,0.5406151156872083,234.0
0,1.0,1,1,0,0,0,0,0,1,0,0,0,1.0,2.0,3.0,2.0,14.0,168,442,255,4.69,4.73,4.71,4.86,4.66,4.95,4.5,1,4.14,1,111.0,111.0,0.6942198670067053,342.67
0,2.0,1,1,0,0,0,0,1,0,0,0,0,1.0,1.0,2.0,4.0,12.0,10,38,8,4.58,4.58,4.18,4.87,4.87,4.76,4.21,1,0.35,1,107.0,107.0,2.604173644130342,195.2
0,1.0,1,1,0,0,0,0,0,1,0,0,0,1.5,2.0,2.0,1.0,1125.0,361,300,179,4.55,4.67,4.48,4.64,4.72,4.47,4.42,1,2.79,1,155.0,155.0,3.5403499453254814,244.7
0,1.0,1,1,0,0,0,0,0,0,1,0,0,1.5,3.0,6.0,4.0,14.0,18,56,56,4.95,4.98,4.84,5.0,4.95,4.82,4.79,1,0.52,1,181.0,107.0,7.5762266506200255,285.5
0,1.0,1,1,0,1,0,1,0,0,0,0,0,1.5,1.0,1.0,1.0,1125.0,144,113,255,4.74,4.74,4.7,4.91,4.95,4.85,4.45,1,1.05,1,141.0,107.0,1.8044321535618355,203.5
0,1.0,1,1,0,0,0,0,0,1,0,0,0,1.0,2.0,2.0,7.0,1125.0,104,114,154,4.19,4.3,3.94,4.34,4.19,4.87,4.17,1,1.06,1,125.0,125.0,1.1188314378364657,233.29
1,1.0,1,1,0,1,0,0,1,0,0,0,0,1.5,2.0,1.0,1.0,730.0,77,198,55,4.93,4.91,4.83,4.98,4.97,4.84,4.76,1,1.83,1,140.0,107.0,2.1523159702305934,324.5
1,2.0,1,1,0,0,0,0,0,1,0,0,0,1.0,3.0,2.0,3.0,3.0,171,64,55,4.88,4.92,4.77,4.98,5.0,4.88,4.69,1,0.59,1,107.0,107.0,3.2062442051940794,347.0
0,1.0,1,1,0,0,0,0,0,1,0,0,0,1.0,4.0,2.0,2.0,60.0,5,62,47,4.95,4.92,4.94,4.98,5.0,4.92,4.79,1,0.57,1,146.0,106.0,1.6254557794943114,636.5
1,6.0,1,1,0,1,0,0,0,1,0,0,0,1.0,1.0,2.0,2.0,28.0,24,212,70,4.95,4.94,4.92,4.97,4.98,4.78,4.89,6,1.96,1,107.0,106.0,6.666410122729641,147.0
0,1.0,1,1,0,1,0,0,1,0,0,0,0,1.0,1.0,2.0,2.0,15.0,277,128,101,4.91,4.91,4.91,4.94,4.92,4.65,4.68,1,1.2,1,144.0,143.0,3.837692570131154,145.5
0,1.0,1,1,0,0,0,0,0,1,0,0,0,2.0,4.0,4.0,1.0,730.0,11,18,0,5.0,4.94,4.89,4.89,4.94,4.94,4.83,1,0.18,1,148.0,107.0,3.2661015427380384,335.22
0,1.0,1,1,0,0,0,1,0,0,0,0,0,1.0,1.0,1.0,2.0,28.0,71,17,8,4.65,4.76,4.35,4.82,5.0,4.53,4.41,1,0.19,1,137.0,90.0,6.07309072165052,171.5
0,1.0,1,1,0,0,0,0,0,1,0,0,0,1.5,2.0,2.0,3.0,30.0,76,31,39,4.61,4.68,4.77,4.94,5.0,4.97,4.39,1,0.29,1,166.0,106.0,1.1485609798480332,597.33
0,1.0,1,1,0,1,0,1,0,0,0,0,0,1.0,1.0,1.0,2.0,7.0,13,7,55,4.86,4.86,4.86,4.86,5.0,4.57,4.14,1,1.09,1,135.0,6.0,2.505924337344011,179.5
0,1.0,1,1,0,1,0,0,0,0,0,0,0,1.0,1.0,1.0,5.0,100.0,364,6,0,5.0,5.0,4.83,4.83,5.0,4.83,4.5,1,0.06,1,150.0,150.0,3.3581367771267137,163.2
1,1.0,1,1,0,0,0,1,0,0,0,0,0,1.0,1.0,1.0,1.0,1125.0,96,274,109,4.92,4.95,4.79,4.97,4.9,4.92,4.7,1,2.56,1,128.0,106.0,2.115191970843904,208.0
0,1.0,1,1,0,0,0,0,0,1,0,0,0,1.0,2.0,2.0,3.0,365.0,69,21,47,4.95,4.9,4.62,5.0,5.0,4.81,4.71,1,0.63,1,143.0,33.0,2.433980018196835,358.0
0,1.0,1,1,0,0,0,0,0,1,0,0,0,1.5,2.0,2.0,3.0,30.0,74,2,0,5.0,5.0,5.0,4.5,5.0,4.5,4.5,1,0.02,1,160.0,106.0,3.6712697507576757,397.33
1,1.0,1,1,0,1,0,0,0,1,0,0,0,3.0,2.0,4.0,1.0,1125.0,74,184,86,4.9,4.86,4.92,4.93,4.9,4.85,4.72,1,1.7,1,119.0,106.0,2.734597759855559,247.33
0,1.0,1,1,0,0,0,0,0,1,0,0,0,1.0,1.0,2.0,2.0,1125.0,163,335,55,4.76,4.74,4.8,4.5,4.68,4.93,4.62,1,3.12,1,140.0,140.0,0.8384734806991768,229.5
0,1.0,1,1,0,1,0,0,0,1,0,0,0,1.0,2.0,2.0,1.0,10.0,178,441,255,4.74,4.78,4.73,4.85,4.84,4.74,4.6,1,4.09,1,128.0,126.0,1.7363726003763356,254.0
1,1.0,1,1,1,0,0,0,0,1,0,0,0,1.0,2.0,4.0,1.0,1125.0,249,250,255,4.86,4.82,4.84,4.96,4.97,4.98,4.62,1,2.54,1,147.0,147.0,0.2244638999850861,251.06
0,1.0,1,1,0,0,0,0,0,1,0,0,0,2.0,2.0,2.0,3.0,7.0,354,0,0,-1.0,-1.0,-1.0,-1.0,-1.0,-1.0,-1.0,1,0.0,0,120.0,119.0,1.889310460469262,742.0
0,1.0,1,1,0,0,0,1,0,0,0,0,0,1.0,1.0,1.0,2.0,730.0,227,33,16,4.94,4.91,4.85,5.0,5.0,4.79,4.76,1,0.31,1,138.0,106.0,3.531260694751886,185.0
0,1.0,1,1,0,0,0,0,0,1,0,0,0,1.0,2.0,2.0,4.0,1125.0,172,24,24,4.88,4.83,4.71,4.79,4.92,4.71,4.71,1,0.23,1,159.0,106.0,2.8250758194740184,428.0
1,1.0,1,1,0,1,0,1,0,0,0,0,0,1.0,1.0,1.0,1.0,5.0,320,413,255,4.74,4.79,4.84,4.76,4.78,4.96,4.57,1,3.84,1,143.0,106.0,0.5736649298062401,193.0
0,4.0,1,1,0,1,0,1,0,0,0,0,0,1.0,1.0,1.0,1.0,60.0,358,259,255,4.7,4.71,4.54,4.66,4.69,4.72,4.39,1,2.41,1,143.0,106.0,2.573176925181575,226.0
1,2.0,1,1,0,1,0,1,0,0,0,0,0,1.5,1.0,1.0,1.0,10.0,33,875,255,4.91,4.93,4.85,4.93,4.93,4.83,4.77,2,8.73,1,140.0,140.0,1.6261613597881028,142.65
0,1.0,1,1,0,0,0,1,0,0,0,0,0,1.0,1.0,1.0,2.0,13.0,11,1,8,5.0,5.0,5.0,5.0,5.0,4.0,5.0,1,1.0,1,116.0,6.0,2.240460711853553,204.33
0,2.0,1,1,0,1,0,1,0,0,0,0,0,1.0,1.0,1.0,1.0,365.0,339,506,255,4.5,4.65,4.61,4.68,4.45,4.84,4.37,2,4.72,1,153.0,106.0,0.8559288597593253,113.16
0,1.0,1,1,0,0,0,0,0,1,0,0,0,2.5,4.0,5.0,3.0,14.0,23,3,0,5.0,5.0,5.0,5.0,5.0,4.67,5.0,1,0.03,1,180.0,101.0,5.839354842679171,447.0
0,1.0,1,1,0,0,0,0,1,0,0,0,0,1.0,2.0,2.0,1.0,3.0,177,44,0,4.68,4.77,4.86,4.88,4.95,4.72,4.26,1,0.41,1,124.0,106.0,2.8984846201171957,719.0
1,4.0,1,1,0,1,0,1,0,0,0,0,0,1.0,1.0,1.0,1.0,1125.0,299,457,255,4.79,4.82,4.81,4.93,4.93,4.88,4.63,3,4.29,1,156.0,156.0,0.7123547771825487,146.07
0,4.0,1,1,0,0,0,1,0,0,0,0,0,1.0,1.0,1.0,1.0,730.0,96,116,179,4.77,4.82,4.83,4.77,4.88,4.84,4.58,4,1.09,1,144.0,114.0,1.220005015347015,360.0
0,1.0,1,1,0,0,0,0,0,1,0,0,0,3.0,3.0,3.0,7.0,28.0,18,25,14,4.92,4.96,4.64,4.84,4.92,4.88,4.88,1,0.25,1,164.0,164.0,3.1285668882585966,403.71
1,1.0,1,1,0,1,0,1,0,0,0,0,0,1.0,1.0,1.0,1.0,35.0,113,167,255,4.96,4.95,4.99,4.96,4.98,4.93,4.75,1,1.56,1,146.0,139.0,1.053270006969502,244.0
0,1.0,1,1,0,1,0,1,0,0,0,0,0,1.5,1.0,1.0,3.0,1125.0,258,301,255,4.62,4.74,4.24,4.89,4.91,4.92,4.53,1,2.81,1,126.0,125.0,1.0722410226885049,114.12
1,1.0,1,1,0,1,0,0,0,0,0,0,0,1.0,1.0,1.0,1.0,10.0,125,361,242,4.94,4.96,4.91,4.98,4.98,4.96,4.89,1,3.4,1,105.0,105.0,1.4486478928624391,120.0
0,1.0,1,1,0,0,0,1,0,0,0,0,0,1.0,1.0,1.0,2.0,30.0,4,13,8,4.92,5.0,5.0,5.0,5.0,4.92,4.92,1,0.12,1,155.0,131.0,2.2084893849234484,319.67
1,3.0,1,1,0,1,0,0,0,1,0,0,0,1.0,2.0,2.0,2.0,1125.0,94,313,109,4.79,4.79,4.86,4.91,4.9,4.93,4.57,3,2.95,1,105.0,105.0,1.3760247030295096,268.5
0,1.0,1,1,0,0,0,0,1,0,0,0,0,1.0,2.0,2.0,3.0,21.0,8,10,16,4.9,5.0,4.8,5.0,5.0,5.0,4.8,1,0.28,1,119.0,35.0,1.4547023337633578,462.33
1,1.0,1,1,0,1,0,0,0,1,0,0,0,1.0,2.0,2.0,3.0,7.0,9,201,62,4.99,4.99,4.91,5.0,5.0,4.78,4.95,1,1.89,1,144.0,105.0,5.601090586878778,121.73
1,2.0,1,1,0,0,0,0,0,1,0,0,0,1.0,2.0,2.0,2.0,700.0,49,120,70,4.98,4.98,4.98,4.98,5.0,4.98,4.8,1,1.15,1,105.0,105.0,1.4344273801219556,790.5
1,1.0,1,1,0,0,0,0,1,0,0,0,0,1.0,1.0,1.0,1.0,1125.0,119,528,255,4.86,4.88,4.87,4.9,4.93,4.71,4.66,1,4.94,1,106.0,105.0,2.6583295193373777,193.0
0,1.0,1,1,0,0,0,1,0,0,0,0,0,1.0,1.0,1.0,2.0,7.0,21,3,0,4.67,5.0,4.33,5.0,5.0,5.0,4.0,1,0.12,1,125.0,78.0,2.690295941341695,262.5
1,4.0,1,1,0,1,0,1,0,0,0,0,0,1.0,1.0,1.0,1.0,1125.0,291,319,255,4.75,4.82,4.84,4.86,4.93,4.86,4.6,3,3.0,1,156.0,156.0,0.7065329916260162,106.13
0,2.0,1,1,0,1,0,1,0,0,0,0,0,1.5,1.0,1.0,2.0,1125.0,341,222,234,4.42,4.59,4.3,4.49,4.79,4.06,4.19,2,2.08,1,137.0,115.0,9.97745481761913,107.0
0,2.0,1,1,0,1,0,1,0,0,0,0,0,1.0,1.0,2.0,2.0,1125.0,344,241,226,4.48,4.61,4.51,4.49,4.79,4.15,4.34,2,2.27,1,137.0,115.0,9.822614443815734,104.0
0,1.0,1,1,0,0,0,0,0,1,0,0,0,1.0,2.0,2.0,2.0,365.0,41,8,47,5.0,5.0,4.88,4.75,4.88,5.0,4.88,1,0.65,1,120.0,13.0,2.057374201098685,434.0
0,1.0,1,1,0,0,0,1,0,0,0,0,0,1.0,1.0,1.0,1.0,13.0,84,91,78,4.98,4.93,4.96,4.98,4.99,4.97,4.81,1,0.85,1,106.0,105.0,0.8740095992741693,400.0
0,1.0,1,1,0,0,0,0,0,1,0,0,0,1.0,3.0,3.0,1.0,7.0,239,43,55,4.88,4.86,4.63,4.91,4.95,4.91,4.67,1,0.41,1,167.0,155.0,1.5293902165259041,485.0
1,1.0,1,1,0,1,0,0,1,0,0,0,0,1.0,1.0,2.0,2.0,700.0,33,227,203,4.93,4.9,4.87,4.94,4.97,4.85,4.74,1,2.16,1,105.0,104.0,3.1813472915204857,161.67
0,1.0,1,1,0,0,0,1,0,0,0,0,0,1.0,1.0,2.0,7.0,1125.0,39,82,224,4.95,4.91,4.91,4.94,4.96,4.77,4.72,1,0.78,1,133.0,103.0,1.8323851749191293,223.83
0,1.0,1,1,0,0,0,0,0,1,0,0,0,2.5,4.0,4.0,3.0,1125.0,41,36,8,4.89,4.92,4.94,4.92,4.89,4.83,4.67,1,0.34,1,145.0,138.0,2.34504064933673,620.33
0,1.0,1,1,0,0,0,1,0,0,0,0,0,1.5,1.0,1.0,2.0,30.0,15,12,8,5.0,5.0,4.83,5.0,5.0,4.83,4.75,1,0.11,1,104.0,104.0,2.700864132198296,413.0
1,1.0,1,1,0,1,0,0,1,0,0,0,0,1.0,1.0,2.0,2.0,1001.0,143,319,255,4.75,4.73,4.71,4.88,4.87,4.97,4.64,1,3.05,1,162.0,162.0,0.8323635987314357,281.3
0,5.0,1,1,0,1,0,1,0,0,0,0,0,1.5,1.0,1.0,1.0,1125.0,291,540,255,4.46,4.64,4.47,4.75,4.69,4.58,4.36,3,5.09,1,104.0,104.0,6.10162915061918,97.0
0,1.0,1,1,0,0,0,1,0,0,0,0,0,1.5,1.0,1.0,2.0,30.0,309,3,0,5.0,5.0,5.0,5.0,5.0,4.67,4.0,1,0.06,1,132.0,104.0,2.2227068197493702,320.0
0,1.0,1,1,0,0,0,0,0,1,0,0,0,2.0,3.0,3.0,3.0,30.0,24,32,31,4.81,4.84,4.72,4.59,4.78,4.59,4.66,1,0.3,1,134.0,104.0,2.9689218342904162,382.0
1,3.0,1,1,0,1,0,0,0,1,0,0,0,1.0,2.0,4.0,2.0,1125.0,251,197,55,4.88,4.75,4.83,4.96,4.94,4.74,4.68,3,1.87,1,160.0,136.0,4.211004550443158,221.62
1,1.0,1,1,0,0,0,0,0,1,0,0,0,1.0,2.0,2.0,4.0,14.0,15,163,136,4.55,4.66,4.52,4.79,4.82,4.35,4.42,1,1.54,1,104.0,104.0,6.42940459854309,126.4
0,1.0,1,1,0,0,0,0,0,0,1,0,0,1.0,3.0,4.0,3.0,1125.0,56,14,0,5.0,5.0,4.93,4.86,5.0,4.86,4.79,1,0.13,1,192.0,104.0,2.030817515615119,217.0
1,3.0,1,1,0,1,0,1,0,0,0,0,0,1.0,1.0,1.0,1.0,1125.0,70,325,255,4.95,4.95,4.98,4.94,4.96,4.95,4.81,3,3.2,1,156.0,150.0,1.2972778851662423,181.05
1,3.0,1,1,0,0,0,0,0,1,0,0,0,2.5,2.0,2.0,2.0,1125.0,222,149,164,4.93,4.97,4.95,5.0,4.96,5.0,4.71,3,1.46,1,152.0,142.0,0.9953418925819165,725.0
0,1.0,1,1,0,0,0,1,0,0,0,0,0,1.0,1.0,1.0,1.0,35.0,45,33,39,4.94,5.0,4.7,4.94,4.94,5.0,4.55,1,0.34,1,136.0,136.0,1.30028752302677,417.0
1,1.0,1,1,0,1,0,1,0,0,0,0,0,1.0,1.0,2.0,2.0,1125.0,155,396,255,4.9,4.94,4.87,4.97,4.94,4.95,4.74,1,4.36,1,120.0,120.0,1.320771102879978,177.0
0,1.0,1,1,0,0,0,0,0,1,0,0,0,1.5,2.0,4.0,1.0,1125.0,10,6,0,4.83,5.0,4.83,5.0,5.0,4.67,4.67,1,0.06,1,146.0,104.0,5.538077150798213,348.33
0,1.0,1,1,0,0,0,1,0,0,0,0,0,1.5,1.0,1.0,2.0,5.0,166,3,8,5.0,5.0,5.0,5.0,5.0,4.67,4.67,1,0.21,1,131.0,15.0,1.522417992418108,285.5
1,2.0,1,1,0,1,0,0,0,0,0,0,0,1.0,1.0,1.0,1.0,360.0,365,112,31,4.47,4.63,4.63,4.51,4.67,4.55,4.2,2,1.12,1,104.0,104.0,2.3012453962733,185.0
1,2.0,1,1,0,1,0,0,0,0,0,0,0,1.0,1.0,1.0,1.0,1125.0,307,550,255,4.85,4.86,4.82,4.9,4.93,4.8,4.74,2,5.22,1,160.0,159.0,2.1868218697320545,109.0
0,4.0,1,1,0,0,0,1,0,0,0,0,0,1.0,1.0,1.0,1.0,1100.0,175,82,255,4.48,4.61,4.56,4.8,4.74,4.78,4.35,4,0.78,1,144.0,114.0,1.300140327621608,174.03
0,1.0,1,1,0,0,0,0,0,1,0,0,0,1.0,2.0,1.0,1.0,730.0,167,40,39,4.9,4.95,4.95,4.98,4.98,4.83,4.6,1,0.38,1,104.0,103.0,1.4951332402468338,589.67
0,1.0,1,1,0,0,0,1,0,0,0,0,0,1.0,1.0,1.0,4.0,10.0,53,13,16,4.92,4.85,4.85,5.0,5.0,4.92,4.69,1,0.13,1,103.0,96.0,3.1412311435637785,288.25
0,1.0,1,1,0,1,0,1,0,0,0,0,0,1.0,1.0,1.0,2.0,730.0,233,255,117,4.79,4.81,4.6,4.86,4.87,4.84,4.65,1,2.42,1,104.0,103.0,3.4614870402358418,192.67
0,1.0,1,1,0,0,0,1,0,0,0,0,0,1.0,1.0,1.0,2.0,30.0,18,8,31,5.0,5.0,5.0,5.0,5.0,5.0,4.88,1,0.21,1,138.0,41.0,0.6883471523799323,402.15
0,1.0,1,1,0,0,0,1,0,0,0,0,0,1.5,1.0,1.0,1.0,365.0,93,9,16,4.67,4.56,4.89,4.67,4.44,4.78,4.33,1,0.38,1,121.0,25.0,3.1786698907776767,399.67
1,2.0,1,1,0,1,0,1,0,0,0,0,0,1.0,1.0,1.0,1.0,1125.0,289,771,255,4.75,4.85,4.8,4.94,4.92,4.8,4.64,2,7.44,1,103.0,103.0,2.2118394512610844,108.41
0,1.0,1,1,0,1,0,1,0,0,0,0,0,1.0,1.0,1.0,2.0,1125.0,175,361,255,4.61,4.71,4.52,4.84,4.79,4.59,4.42,1,3.49,1,103.0,103.0,2.705784439629113,112.98
0,1.0,1,1,0,1,0,1,0,0,0,0,0,1.0,1.0,1.0,3.0,1125.0,143,159,255,4.6,4.68,4.48,4.75,4.74,4.85,4.34,1,1.7,1,103.0,103.0,1.2539121784114307,167.67
0,1.0,1,1,0,0,0,0,0,1,0,0,0,1.0,2.0,3.0,2.0,20.0,95,35,0,4.8,4.54,4.69,4.83,4.89,5.0,4.54,1,0.34,1,103.0,103.0,0.6611947183959705,308.0
0,1.0,1,1,0,0,0,0,0,1,0,0,0,2.0,2.0,2.0,1.0,30.0,316,54,8,4.94,4.93,4.89,5.0,5.0,4.98,4.8,1,0.52,1,139.0,103.0,2.2290551134957877,565.0
1,1.0,1,1,0,1,0,0,0,0,0,0,0,1.0,1.0,1.0,1.0,5.0,1,72,117,4.96,4.89,4.9,4.97,4.99,4.93,4.85,1,0.69,1,153.0,152.0,3.3186223225995732,149.0
1,1.0,1,1,0,1,0,0,0,1,0,0,0,1.5,2.0,4.0,1.0,1125.0,284,311,255,4.87,4.91,4.79,4.96,4.98,4.79,4.69,1,2.96,1,162.0,103.0,6.407309939623929,137.33
1,1.0,1,1,0,1,0,1,0,0,0,0,0,1.0,1.0,1.0,1.0,7.0,4,106,242,4.9,4.78,4.9,4.87,4.89,4.92,4.69,1,1.01,1,142.0,103.0,1.1419222419443134,129.0
0,1.0,1,1,0,0,0,0,0,0,0,1,0,2.0,4.0,5.0,3.0,1125.0,15,24,39,4.79,4.79,4.63,4.88,4.88,4.75,4.46,1,0.23,1,155.0,103.0,2.1553084864105054,671.67
1,1.0,1,1,0,0,0,0,1,0,0,0,0,1.0,1.0,2.0,2.0,30.0,21,155,187,4.91,4.92,4.97,4.94,4.96,4.97,4.77,1,1.51,1,168.0,168.0,1.53662360002882,321.33
1,1.0,1,1,0,1,0,0,0,1,0,0,0,1.0,1.0,3.0,1.0,1125.0,133,408,255,4.85,4.84,4.81,4.93,4.97,4.76,4.63,1,3.92,1,128.0,103.0,2.715430807230626,222.0
0,1.0,1,1,0,0,0,0,0,1,0,0,0,1.5,2.0,2.0,3.0,730.0,9,31,0,4.71,4.65,4.61,4.74,4.77,4.71,4.45,1,0.3,1,156.0,155.0,1.6631429801881012,456.67
1,2.0,1,1,0,0,0,1,0,0,0,0,0,1.0,1.0,1.0,3.0,365.0,19,278,255,4.98,4.97,4.99,4.98,4.99,4.82,4.87,1,7.0,1,103.0,39.0,3.7846805064693676,161.0
0,1.0,1,1,0,0,0,0,0,1,0,0,0,1.0,2.0,2.0,3.0,8.0,42,56,31,4.66,4.73,4.66,4.25,4.75,4.64,4.27,1,0.54,1,132.0,103.0,2.338638885942879,420.67
1,1.0,1,1,0,1,0,0,0,1,0,0,0,1.0,1.0,4.0,1.0,1125.0,92,182,255,4.9,4.82,4.93,4.98,4.96,4.96,4.68,1,3.02,1,103.0,103.0,1.1564617473258219,260.0
1,2.0,1,1,0,1,0,1,0,0,0,0,0,1.5,1.0,2.0,1.0,1125.0,287,409,255,4.84,4.91,4.83,4.93,4.95,4.88,4.79,1,3.95,1,164.0,164.0,1.4378228696649724,280.0
0,1.0,1,1,0,0,0,0,0,1,0,0,0,1.0,1.0,2.0,1.0,3.0,90,0,0,-1.0,-1.0,-1.0,-1.0,-1.0,-1.0,-1.0,1,0.0,0,110.0,22.0,1.5733027846815064,383.0
1,1.0,1,1,0,1,0,0,0,1,0,0,0,1.0,2.0,5.0,2.0,1125.0,53,486,255,4.93,4.92,4.91,4.95,4.94,4.74,4.76,1,4.68,1,143.0,143.0,3.9732768054490215,171.5
0,1.0,1,1,0,0,0,1,0,0,0,0,0,1.5,1.0,1.0,3.0,14.0,28,21,8,5.0,4.95,4.86,5.0,5.0,4.95,4.71,1,0.21,1,153.0,102.0,1.9202180297384208,310.33
1,1.0,1,1,0,0,0,1,0,0,0,0,0,1.0,1.0,1.0,3.0,150.0,73,176,255,4.93,4.91,4.93,4.94,4.95,4.97,4.8,1,1.71,1,123.0,102.0,0.6612345911464808,384.33
1,1.0,1,1,0,1,0,1,0,0,0,0,0,1.0,1.0,1.0,2.0,1125.0,124,205,133,4.81,4.85,4.72,4.89,4.92,4.68,4.52,1,2.2,1,102.0,92.0,6.178060571848473,116.97
1,1.0,1,1,0,1,0,0,0,1,0,0,0,1.0,2.0,2.0,1.0,6.0,11,609,255,4.91,4.92,4.92,4.97,4.98,4.92,4.78,1,5.86,1,102.0,102.0,1.3388209627463241,200.0
0,1.0,1,1,0,0,0,0,0,1,0,0,0,1.0,2.0,2.0,3.0,30.0,222,26,8,4.77,4.81,4.69,4.77,4.96,4.81,4.62,1,0.26,1,115.0,102.0,2.372919881754706,245.67
0,1.0,1,1,0,0,0,0,0,1,0,0,0,2.0,2.0,2.0,3.0,18.0,29,31,62,4.9,4.84,4.68,4.87,5.0,4.84,4.55,1,0.3,1,110.0,102.0,2.7081767942565023,357.57
0,2.0,1,1,0,0,0,0,0,1,0,0,0,1.0,2.0,2.0,1.0,1125.0,97,657,255,4.52,4.56,4.63,4.64,4.62,4.84,4.4,2,6.32,1,104.0,104.0,0.9918596158413355,384.0
0,1.0,1,1,0,0,0,1,0,0,0,0,0,1.0,1.0,1.0,3.0,27.0,3,17,0,5.0,5.0,4.82,4.94,5.0,4.88,4.88,1,0.16,1,155.0,155.0,1.8641726760904853,407.33
0,1.0,1,1,0,0,0,1,0,0,0,0,0,1.0,1.0,1.0,2.0,365.0,21,11,0,4.55,4.55,4.27,3.91,4.55,4.45,4.09,1,0.11,1,160.0,102.0,3.527701914095027,264.5
0,1.0,1,1,0,1,0,1,0,0,0,0,0,1.0,1.0,1.0,2.0,4.0,3,67,16,4.94,4.96,4.96,4.96,5.0,4.75,4.9,1,0.64,1,115.0,102.0,9.222417780216679,145.5
0,1.0,1,1,0,0,0,0,0,1,0,0,0,1.0,1.0,2.0,4.0,100.0,6,24,32,4.88,4.75,4.96,4.96,4.92,4.75,4.79,1,0.23,1,110.0,110.0,1.7692046829734067,314.4
1,1.0,1,1,0,1,0,1,0,0,0,0,0,1.0,1.0,1.0,1.0,1125.0,68,349,255,4.9,4.91,4.66,4.97,4.97,4.94,4.72,1,3.37,1,129.0,102.0,1.4057113829796755,200.0
1,1.0,1,1,0,1,0,1,0,0,0,0,0,1.0,1.0,1.0,1.0,365.0,258,90,39,4.91,4.96,4.87,4.94,4.94,4.94,4.78,1,0.87,1,118.0,102.0,1.0247860253498926,195.0
0,2.0,1,1,0,1,0,1,0,0,0,0,0,1.5,1.0,1.0,1.0,1125.0,73,620,255,4.73,4.8,4.69,4.85,4.89,4.58,4.6,2,6.04,1,102.0,102.0,2.870914562732516,103.85
0,2.0,1,1,0,1,0,1,0,0,0,0,0,1.0,1.0,1.0,1.0,1125.0,57,607,255,4.77,4.85,4.71,4.87,4.9,4.61,4.66,2,5.93,1,102.0,102.0,2.874911755336345,87.87
0,1.0,1,1,0,0,0,0,0,1,0,0,0,1.0,2.0,2.0,7.0,14.0,18,5,14,5.0,5.0,5.0,5.0,5.0,5.0,5.0,1,0.05,1,161.0,102.0,1.7728497550436964,323.71
0,2.0,1,1,0,1,0,1,0,0,0,0,0,1.0,1.0,1.0,1.0,1125.0,171,611,255,4.82,4.89,4.84,4.93,4.87,4.88,4.67,2,5.93,1,103.0,103.0,1.6740154910552483,130.09
0,1.0,1,1,0,0,0,0,0,1,0,0,0,1.0,2.0,2.0,4.0,30.0,149,42,56,5.0,4.98,5.0,4.95,5.0,4.93,4.9,1,0.42,1,129.0,102.0,2.3155733538255947,403.75
0,2.0,1,1,0,0,0,1,0,0,0,0,0,1.0,1.0,1.0,3.0,60.0,85,15,0,4.8,4.87,4.8,4.8,4.93,4.67,4.47,2,0.15,1,162.0,150.0,2.375005281520821,308.33
1,1.0,1,1,0,1,0,1,0,0,0,0,0,1.0,1.0,1.0,1.0,1125.0,39,227,234,4.98,4.97,4.93,4.99,4.99,4.86,4.81,1,2.2,1,102.0,102.0,3.6387001720326957,136.37
1,1.0,1,1,0,1,0,1,0,0,0,0,0,1.0,1.0,1.0,1.0,31.0,9,472,255,4.82,4.87,4.88,4.89,4.93,4.64,4.67,1,4.68,1,132.0,118.0,2.8826028417981666,110.0
0,1.0,1,1,0,1,0,1,0,0,0,0,0,1.5,1.0,1.0,3.0,1125.0,75,35,0,4.86,4.89,4.94,4.97,4.97,4.63,4.57,1,0.34,1,102.0,102.0,3.4381402540083617,207.33
0,1.0,1,1,0,0,0,0,0,0,1,0,0,1.5,2.0,3.0,2.0,30.0,6,1,0,5.0,5.0,5.0,5.0,5.0,5.0,5.0,1,0.01,1,151.0,151.0,1.4717931080229358,340.67
1,1.0,1,1,0,0,0,0,1,0,0,0,0,1.0,1.0,1.0,2.0,730.0,20,418,255,4.89,4.88,4.88,4.98,4.97,4.95,4.77,1,4.13,1,145.0,102.0,1.6202997415874836,177.0
1,1.0,1,1,0,0,0,0,0,1,0,0,0,1.0,1.0,2.0,1.0,1125.0,341,94,226,4.81,4.76,4.72,4.89,4.93,4.78,4.45,1,0.91,1,103.0,102.0,1.6223332326912445,362.0
1,1.0,1,1,0,0,0,1,0,0,0,0,0,1.0,1.0,1.0,2.0,1125.0,116,413,255,4.9,4.91,4.97,4.93,4.95,4.84,4.77,1,4.01,1,158.0,115.0,5.880896411863992,138.84
0,1.0,1,1,0,0,0,0,1,0,0,0,0,1.0,2.0,2.0,3.0,40.0,15,32,55,4.75,4.78,4.41,4.97,5.0,4.84,4.56,1,0.31,1,135.0,102.0,2.5007447794531665,201.0
0,1.0,1,1,0,0,0,1,0,0,0,0,0,1.5,1.0,1.0,3.0,32.0,164,13,31,5.0,5.0,5.0,5.0,5.0,4.85,4.77,1,0.24,1,112.0,80.0,2.973887938996892,392.0
1,1.0,1,1,0,1,0,0,1,0,0,0,0,1.0,2.0,2.0,1.0,1125.0,101,339,255,4.79,4.85,4.73,4.95,4.96,4.85,4.63,1,3.3,1,103.0,102.0,2.2888236065118264,179.16
0,2.0,1,1,0,1,0,1,0,0,0,0,0,1.5,1.0,1.0,2.0,1125.0,205,23,0,4.87,4.87,4.96,4.91,4.91,4.91,4.74,2,0.38,1,101.0,76.0,0.6460438128994402,272.5
1,1.0,1,1,0,1,0,0,1,0,0,0,0,1.0,1.0,1.0,3.0,60.0,275,320,255,4.89,4.9,4.87,4.94,4.96,4.98,4.78,1,3.15,1,101.0,101.0,1.0139113333712688,365.33
1,2.0,1,1,0,0,0,1,0,0,0,0,0,1.0,1.0,1.0,2.0,1125.0,267,388,255,4.92,4.94,4.93,4.93,4.95,4.91,4.78,1,3.76,1,101.0,101.0,0.992080274269785,268.5
0,1.0,1,1,0,0,0,0,0,1,0,0,0,1.0,1.0,2.0,2.0,30.0,333,56,62,4.66,4.71,4.11,4.86,4.93,4.71,4.34,1,0.54,1,101.0,101.0,2.63884402592916,257.0
1,2.0,1,1,0,0,0,0,0,0,1,0,0,2.5,3.0,3.0,1.0,30.0,39,5,23,5.0,4.6,4.4,5.0,5.0,4.6,4.8,1,0.05,1,161.0,101.0,4.100909919935575,219.6
1,1.0,1,1,0,1,0,0,0,1,0,0,0,1.0,1.0,4.0,2.0,1125.0,292,408,255,4.89,4.87,4.83,4.99,4.98,4.89,4.66,1,4.02,1,147.0,146.0,1.3229458957547355,377.0
0,2.0,1,1,0,0,0,1,0,0,0,0,0,1.0,1.0,1.0,4.0,1125.0,5,61,24,5.0,4.98,4.97,4.95,5.0,4.85,4.89,1,0.6,1,163.0,162.0,3.611471234380938,270.25
0,1.0,1,1,0,0,0,1,0,0,0,0,0,1.0,1.0,1.0,2.0,365.0,320,0,0,-1.0,-1.0,-1.0,-1.0,-1.0,-1.0,-1.0,1,0.0,0,101.0,21.0,2.1128045639169426,251.5
1,2.0,1,1,0,1,0,0,0,1,0,0,0,1.0,2.0,2.0,1.0,1125.0,23,164,226,5.0,5.0,5.0,4.99,5.0,4.99,4.96,1,1.64,1,169.0,105.0,0.9914611375608744,534.33
1,6.0,1,1,0,0,0,1,0,0,0,0,0,1.0,1.0,1.0,1.0,1125.0,117,398,187,4.75,4.77,4.85,4.82,4.75,4.97,4.56,2,3.88,1,101.0,101.0,0.6491434795378952,223.0
1,6.0,1,1,0,0,0,1,0,0,0,0,0,1.0,1.0,1.0,1.0,1125.0,88,449,255,4.77,4.82,4.82,4.74,4.78,4.94,4.62,2,4.38,1,101.0,101.0,0.7059764184190785,278.0
0,1.0,1,1,0,0,0,0,0,1,0,0,0,1.0,2.0,2.0,2.0,30.0,18,32,125,4.91,4.91,4.72,4.91,4.91,4.84,4.66,1,0.31,1,144.0,101.0,2.124172383350919,408.0
0,1.0,1,1,0,0,0,0,0,1,0,0,0,1.0,2.0,2.0,2.0,1125.0,128,325,255,4.73,4.79,4.72,4.88,4.92,4.78,4.54,1,3.2,1,154.0,102.0,2.0884217821636133,360.0
1,1.0,1,1,0,0,0,1,0,0,0,0,0,1.0,1.0,1.0,1.0,1125.0,92,190,255,4.93,4.89,4.89,4.92,4.97,4.85,4.73,1,1.88,1,159.0,150.0,1.4785704600837157,243.33
0,1.0,1,1,0,1,0,1,0,0,0,0,0,1.0,1.0,1.0,1.0,1125.0,46,300,255,4.93,4.94,4.85,4.97,4.93,4.75,4.76,1,2.94,1,105.0,105.0,3.392515591768185,179.71
0,2.0,1,1,0,0,0,1,0,0,0,0,0,1.0,1.0,1.0,1.0,1125.0,149,62,39,4.94,4.97,4.87,4.98,4.98,4.94,4.74,1,0.61,1,141.0,101.0,1.3135030826396272,360.0
1,1.0,1,1,0,1,0,0,0,1,0,0,0,1.0,2.0,2.0,2.0,1125.0,243,326,255,4.97,4.96,4.96,4.98,4.99,4.77,4.85,1,3.19,1,148.0,131.0,3.921807103561043,217.0
0,1.0,1,1,0,0,0,0,0,1,0,0,0,1.5,1.0,3.0,1.0,30.0,165,324,255,4.95,4.94,4.96,4.98,4.99,4.95,4.77,1,3.64,1,131.0,40.0,1.6762234461158754,400.0
0,1.0,1,1,0,1,0,1,0,0,0,0,0,1.0,1.0,1.0,3.0,21.0,75,142,255,4.76,4.82,4.83,4.87,4.8,4.58,4.66,1,1.46,1,107.0,107.0,3.8644736608458836,127.0
0,1.0,1,1,0,0,0,1,0,0,0,0,0,1.0,1.0,1.0,3.0,4.0,39,29,0,4.97,4.97,5.0,4.9,4.97,4.97,4.72,1,0.28,1,179.0,100.0,0.9494348553019242,378.67
1,1.0,1,1,0,0,0,0,0,1,0,0,0,1.5,1.0,4.0,3.0,60.0,144,252,94,4.97,4.92,4.94,4.98,4.96,4.96,4.82,1,2.47,1,100.0,100.0,0.8614377034497971,304.33
0,2.0,1,1,0,0,0,0,0,1,0,0,0,1.0,2.0,2.0,3.0,30.0,10,45,62,4.82,4.89,4.67,4.82,4.76,4.91,4.62,1,0.45,1,138.0,127.0,1.7429783217005115,285.33
0,1.0,1,1,0,0,0,0,0,0,1,0,0,2.0,4.0,5.0,4.0,30.0,111,7,8,5.0,5.0,5.0,5.0,5.0,4.86,5.0,1,0.1,1,152.0,100.0,4.962450172358753,432.25
1,1.0,1,1,0,1,0,1,0,0,0,0,0,1.0,1.0,1.0,1.0,1125.0,4,273,203,4.96,4.96,4.92,4.97,4.97,4.99,4.9,1,2.68,1,101.0,101.0,0.9017077110796075,107.5
0,1.0,1,1,0,0,0,0,0,1,0,0,0,1.5,3.0,4.0,6.0,7.0,176,19,72,4.89,4.79,4.95,4.89,4.95,4.58,4.47,1,0.2,1,124.0,124.0,5.858840248100323,443.17
1,1.0,1,1,0,1,0,0,1,0,0,0,0,1.5,1.0,1.0,1.0,30.0,77,131,140,4.85,4.91,4.9,4.93,4.93,4.95,4.7,1,1.3,1,100.0,100.0,0.859374582142496,376.0
0,2.0,1,1,0,0,0,1,0,0,0,0,0,1.0,1.0,1.0,2.0,730.0,45,45,23,4.89,4.93,4.73,4.73,4.87,5.0,4.69,1,0.45,1,118.0,100.0,1.6737324217393243,302.5
0,1.0,1,1,0,0,0,0,0,1,0,0,0,1.0,3.0,4.0,3.0,30.0,256,13,0,4.92,4.92,4.85,5.0,5.0,4.38,4.85,1,0.14,1,169.0,100.0,6.39371783505581,406.67
0,1.0,1,1,0,0,0,1,0,0,0,0,0,1.0,1.0,1.0,1.0,30.0,18,7,16,4.86,4.86,4.57,5.0,5.0,5.0,4.71,1,0.33,1,142.0,23.0,1.5156406299927192,258.67
1,1.0,1,1,0,1,0,1,0,0,0,0,0,1.0,1.0,1.0,1.0,4.0,39,539,255,4.74,4.79,4.86,4.7,4.79,4.91,4.53,1,5.29,1,100.0,100.0,0.5279321838271975,114.69
0,1.0,1,1,0,0,0,0,0,1,0,0,0,2.0,3.0,3.0,3.0,14.0,101,2,0,4.0,4.5,3.5,5.0,4.5,4.5,3.5,1,0.08,1,125.0,100.0,3.443542535682109,430.0
0,2.0,1,1,0,1,0,0,1,0,0,0,0,1.0,1.0,1.0,1.0,30.0,354,289,203,4.77,4.79,4.85,4.9,4.9,4.63,4.59,1,2.93,1,156.0,153.0,5.115112785833563,133.52
0,1.0,1,1,0,0,0,0,1,0,0,0,0,1.0,1.0,1.0,2.0,30.0,313,45,8,4.96,4.91,4.96,4.96,5.0,4.89,4.8,1,0.45,1,146.0,133.0,3.2487303640895497,365.5
0,1.0,1,1,0,1,0,1,0,0,0,0,0,1.0,1.0,1.0,2.0,1125.0,123,41,78,4.88,4.78,5.0,4.95,4.88,4.76,4.8,1,0.41,1,167.0,163.0,8.283346238990418,151.5
0,1.0,1,1,0,0,0,0,0,1,0,0,0,1.5,2.0,2.0,3.0,14.0,46,35,23,4.91,4.89,4.71,4.97,4.91,4.94,4.69,1,0.36,1,141.0,116.0,1.235363273896533,357.67
0,1.0,1,1,0,0,0,0,0,0,1,0,0,1.5,1.0,4.0,2.0,1125.0,58,32,16,4.72,4.75,4.5,4.94,4.91,4.56,4.44,1,0.33,1,140.0,118.0,4.715123882970211,203.5
0,1.0,1,1,0,0,0,0,0,1,0,0,0,3.5,3.0,4.0,3.0,1125.0,357,9,8,4.89,4.89,4.67,5.0,4.78,4.78,4.33,1,0.09,1,118.0,100.0,4.438148299891396,428.0
1,1.0,1,1,0,1,0,0,0,1,0,0,0,1.0,2.0,4.0,1.0,1125.0,286,340,255,4.94,4.94,4.9,4.94,4.94,4.82,4.71,1,3.35,1,100.0,100.0,1.42370686381377,297.0
1,1.0,1,1,0,1,0,1,0,0,0,0,0,1.0,1.0,1.0,1.0,1125.0,100,292,179,4.92,4.95,4.97,4.97,4.98,4.93,4.64,1,2.87,1,154.0,140.0,1.3037159283160191,299.0
0,2.0,1,1,0,1,0,1,0,0,0,0,0,1.0,1.0,1.0,2.0,60.0,25,25,16,4.8,4.92,4.8,4.88,4.84,4.68,4.76,1,0.25,1,149.0,149.0,2.842574806084337,183.0
0,1.0,1,1,0,0,0,0,0,1,0,0,0,1.5,2.0,2.0,3.0,680.0,35,59,55,4.9,4.92,4.98,4.78,4.9,4.51,4.63,1,0.59,1,100.0,100.0,3.4834812461997893,357.57
1,1.0,1,1,0,0,0,0,1,0,0,0,0,1.0,2.0,3.0,1.0,1125.0,290,409,255,4.95,4.96,4.91,4.98,4.98,4.98,4.81,1,4.07,1,161.0,144.0,0.8341303949239208,357.67
1,2.0,1,1,0,1,0,1,0,0,0,0,0,1.0,1.0,1.0,2.0,1125.0,16,622,255,4.76,4.78,4.8,4.89,4.95,4.73,4.67,2,6.16,1,99.0,99.0,2.705228155997338,104.0
1,2.0,1,1,0,1,0,1,0,0,0,0,0,1.5,1.0,1.0,2.0,1125.0,18,588,255,4.84,4.86,4.83,4.93,4.97,4.76,4.71,2,5.81,1,99.0,99.0,2.705228155997338,95.0
0,1.0,1,1,0,0,0,0,0,1,0,0,0,1.0,4.0,4.0,5.0,14.0,161,8,0,4.88,4.88,4.5,4.88,5.0,5.0,4.75,1,0.08,1,139.0,99.0,6.948756121399142,205.6
1,1.0,1,1,0,1,0,1,0,0,0,0,0,1.0,1.0,1.0,1.0,1125.0,266,1085,255,4.97,4.95,4.93,4.97,4.99,4.93,4.79,1,10.73,1,153.0,99.0,2.1025402970229075,207.72
1,2.0,1,1,0,0,0,0,1,0,0,0,0,1.0,1.0,2.0,1.0,1125.0,24,31,31,4.87,4.9,4.71,4.9,4.94,4.71,4.68,2,0.31,1,124.0,112.0,2.295434357937927,284.0
1,2.0,1,1,0,0,0,1,0,0,0,0,0,1.0,1.0,1.0,2.0,365.0,82,185,255,4.89,4.88,4.94,4.91,4.92,4.98,4.75,2,1.85,1,99.0,99.0,1.274852402781619,220.0
1,1.0,1,0,0,0,0,1,0,0,0,0,0,1.0,1.0,1.0,1.0,30.0,40,97,195,4.92,4.9,4.91,4.95,4.93,4.99,4.76,1,1.02,1,134.0,99.0,0.727605237842828,257.0
1,2.0,1,1,0,0,0,0,0,1,0,0,0,1.0,1.0,3.0,1.0,30.0,167,321,255,4.95,4.92,4.97,4.98,5.0,4.94,4.76,1,3.24,1,122.0,119.0,1.6720499909746698,395.99
0,1.0,1,1,0,0,0,1,0,0,0,0,0,1.5,1.0,1.0,1.0,730.0,2,51,23,4.82,4.8,4.69,4.73,4.96,4.96,4.71,1,0.51,1,99.0,98.0,1.643235350694136,330.5
1,1.0,1,1,0,1,0,1,0,0,0,0,0,1.5,1.0,1.0,1.0,14.0,231,761,255,4.88,4.9,4.9,4.92,4.91,4.96,4.79,1,7.57,1,99.0,99.0,1.20779959939359,189.0
1,1.0,1,1,0,1,0,1,0,0,0,0,0,1.0,1.0,1.0,1.0,1125.0,2,182,211,4.98,4.98,4.96,4.96,4.96,4.88,4.87,1,1.82,1,143.0,99.0,2.4749441579946376,189.0
0,1.0,1,1,0,0,0,1,0,0,0,0,0,1.0,1.0,1.0,2.0,1125.0,17,38,31,4.92,4.87,4.76,4.89,4.95,4.84,4.68,1,0.39,1,99.0,99.0,1.696987040824571,316.0
0,1.0,1,1,0,0,0,0,0,1,0,0,0,1.0,3.0,3.0,2.0,14.0,51,49,62,4.9,4.9,4.71,4.94,4.94,4.82,4.76,1,0.49,1,182.0,105.0,5.0813073574456995,385.5
1,1.0,1,1,0,1,0,0,0,1,0,0,0,2.0,2.0,2.0,1.0,730.0,215,147,172,4.97,4.97,5.0,4.97,4.99,4.95,4.86,1,1.47,1,158.0,133.0,1.8555796387721688,537.0
1,4.0,1,1,0,1,0,1,0,0,0,0,0,1.5,1.0,1.0,1.0,1124.0,224,466,255,4.89,4.85,4.92,4.94,4.97,4.92,4.77,2,4.65,1,142.0,107.0,0.6130436781537181,208.0
0,6.0,1,1,0,1,0,1,0,0,0,0,0,1.0,1.0,2.0,1.0,1125.0,353,658,255,4.82,4.88,4.86,4.9,4.92,4.92,4.66,6,6.58,1,99.0,99.0,0.5745148028581353,85.0
1,4.0,1,1,0,1,0,1,0,0,0,0,0,1.5,1.0,1.0,1.0,1124.0,227,394,255,4.89,4.88,4.91,4.94,4.97,4.93,4.72,2,3.93,1,142.0,107.0,0.6130436781537181,148.0
1,3.0,1,1,0,1,0,1,0,0,0,0,0,1.5,1.0,2.0,2.0,1125.0,33,32,8,5.0,5.0,5.0,5.0,5.0,5.0,4.81,3,0.63,1,117.0,104.0,1.373009057467788,256.5
0,1.0,1,1,0,0,0,1,0,0,0,0,0,1.0,1.0,1.0,2.0,27.0,8,9,23,5.0,5.0,5.0,4.89,5.0,4.89,4.56,1,0.24,1,127.0,38.0,3.357169596644172,223.0
0,1.0,1,1,0,0,0,1,0,0,0,0,0,1.0,1.0,1.0,4.0,30.0,10,37,8,5.0,5.0,5.0,5.0,5.0,4.97,4.95,1,0.37,1,140.0,99.0,7.108031467149223,208.5
1,1.0,1,1,0,0,0,0,0,1,0,0,0,1.5,1.0,2.0,1.0,1125.0,62,268,255,4.84,4.78,4.71,4.96,4.95,4.75,4.66,1,2.71,1,125.0,98.0,3.1092631781119113,221.5
1,3.0,1,1,0,1,0,1,0,0,0,0,0,1.0,1.0,1.0,1.0,1125.0,73,275,255,4.97,4.97,5.0,4.98,4.98,4.97,4.84,2,2.75,1,153.0,117.0,1.3475447931184452,197.0
1,1.0,1,1,0,1,0,1,0,0,0,0,0,1.5,1.0,1.0,2.0,30.0,13,192,109,4.82,4.8,4.62,4.9,4.86,4.81,4.58,1,1.94,1,137.0,121.0,3.8975178870049536,180.25
1,3.0,1,1,0,0,0,0,0,1,0,0,0,1.0,1.0,3.0,1.0,1125.0,253,334,255,4.77,4.79,4.73,4.86,4.88,4.76,4.58,3,3.36,1,121.0,26.0,2.2816658765065134,279.59
1,2.0,1,1,0,0,0,1,0,0,0,0,0,1.5,1.0,1.0,2.0,1125.0,189,531,255,4.9,4.84,4.96,4.97,4.96,4.94,4.73,2,5.32,1,98.0,98.0,1.650490719754888,248.0
1,2.0,1,1,0,0,0,1,0,0,0,0,0,1.0,1.0,1.0,2.0,1125.0,183,501,255,4.91,4.92,4.95,4.98,4.96,4.94,4.72,2,5.01,1,98.0,98.0,1.7108329126037602,250.0
1,4.0,1,1,0,1,0,0,0,1,0,0,0,1.0,2.0,1.0,2.0,1125.0,306,192,179,4.97,4.97,4.94,4.97,4.98,4.95,4.8,1,1.97,1,143.0,120.0,1.0979571182772931,468.0
0,1.0,1,1,0,0,0,0,1,0,0,0,0,1.0,2.0,2.0,3.0,7.0,10,22,8,4.86,4.82,4.59,5.0,4.91,4.73,4.55,1,0.23,1,124.0,98.0,3.9169199790656215,296.8
0,1.0,1,1,0,0,0,1,0,0,0,0,0,1.5,1.0,1.0,3.0,10.0,83,7,16,5.0,5.0,5.0,5.0,5.0,5.0,4.86,1,0.07,1,120.0,98.0,1.7276646471368078,466.0
0,1.0,1,1,0,0,0,0,0,1,0,0,0,1.0,2.0,2.0,2.0,30.0,139,36,16,5.0,5.0,4.97,5.0,5.0,4.94,4.92,1,0.37,1,98.0,98.0,1.5336006963862887,730.67
0,1.0,1,1,0,0,0,1,0,0,0,0,0,1.0,1.0,1.0,2.0,30.0,11,33,47,4.97,4.97,4.91,4.91,5.0,4.94,4.82,1,0.34,1,118.0,96.0,1.6545492427312296,308.5
0,1.0,1,1,0,0,0,1,0,0,0,0,0,1.0,1.0,1.0,2.0,8.0,19,34,0,4.88,4.91,4.62,4.97,4.97,4.91,4.68,1,0.34,1,113.0,98.0,1.6885395212926106,244.0
1,1.0,1,1,0,1,0,1,0,0,0,0,0,3.0,1.0,1.0,2.0,1125.0,262,102,70,4.99,4.91,5.0,5.0,4.99,4.87,4.75,1,1.03,1,98.0,98.0,4.227066866186428,348.5
1,1.0,1,1,0,1,0,1,0,0,0,0,0,1.0,1.0,1.0,1.0,1125.0,44,527,255,4.95,4.94,4.96,4.96,4.97,4.87,4.78,1,5.29,1,152.0,106.0,1.597524767306194,178.14
0,1.0,1,1,0,0,0,0,0,1,0,0,0,3.0,3.0,4.0,3.0,23.0,26,0,0,-1.0,-1.0,-1.0,-1.0,-1.0,-1.0,-1.0,1,0.0,0,142.0,1.0,3.7708925094407584,378.67
1,2.0,1,1,0,1,0,1,0,0,0,0,0,1.0,1.0,1.0,1.0,1125.0,255,462,255,4.81,4.86,4.83,4.91,4.8,4.97,4.66,2,4.64,1,98.0,98.0,0.43467826906753343,248.0
1,2.0,1,1,0,1,0,1,0,0,0,0,0,1.0,1.0,1.0,1.0,1125.0,202,445,255,4.84,4.85,4.71,4.9,4.87,4.52,4.73,2,4.46,1,166.0,166.0,7.430758901496037,75.0
1,1.0,1,1,0,1,0,1,0,0,0,0,0,1.0,1.0,1.0,1.0,1125.0,33,396,255,4.87,4.91,4.75,4.94,4.94,4.72,4.73,1,4.05,1,161.0,96.0,3.8892408152864566,105.0
0,1.0,1,1,0,0,0,0,0,1,0,0,0,1.0,3.0,2.0,2.0,730.0,5,26,23,4.81,4.81,4.88,4.96,5.0,4.96,4.85,1,0.26,1,98.0,98.0,1.9192769630712028,377.0
1,1.0,1,1,0,0,0,0,0,1,0,0,0,1.0,2.0,2.0,2.0,1125.0,313,351,255,4.76,4.72,4.85,4.87,4.87,4.92,4.52,1,3.53,1,125.0,125.0,0.7257287348838252,423.38
0,1.0,1,1,0,0,0,0,0,1,0,0,0,1.0,1.0,2.0,1.0,1125.0,62,324,117,4.79,4.84,4.53,4.87,4.85,4.97,4.54,1,3.26,1,98.0,98.0,0.6568067022306806,599.5
0,1.0,1,1,0,1,0,1,0,0,0,0,0,1.5,1.0,2.0,2.0,5.0,34,48,0,4.94,4.9,4.94,4.98,4.96,4.5,4.54,1,0.48,1,122.0,98.0,3.6218973079162144,188.0
0,1.0,1,1,0,0,0,0,0,1,0,0,0,2.0,3.0,4.0,5.0,30.0,328,16,10,4.94,4.94,4.88,5.0,5.0,4.63,4.75,1,0.17,1,162.0,161.0,3.7860593808518064,575.2
0,1.0,1,1,0,0,0,1,0,0,0,0,0,1.0,1.0,1.0,2.0,60.0,60,15,16,4.8,4.93,4.53,4.73,4.8,4.8,4.4,1,0.15,1,135.0,51.0,2.3396367116154804,294.83
0,1.0,1,1,0,0,0,0,0,1,0,0,0,1.5,3.0,3.0,4.0,30.0,26,53,56,4.91,4.92,4.89,4.98,4.94,4.64,4.72,1,0.54,1,124.0,97.0,4.390278317086767,219.75
1,3.0,1,1,0,1,0,1,0,0,0,0,0,1.0,1.0,1.0,1.0,1125.0,89,91,70,4.96,4.97,4.99,4.98,4.96,4.96,4.84,2,0.94,1,153.0,117.0,1.3475447931184452,180.0
1,2.0,1,1,0,1,0,0,0,0,0,0,0,1.0,1.0,1.0,1.0,360.0,365,117,39,4.62,4.79,4.84,4.71,4.79,4.76,4.43,2,1.19,1,104.0,104.0,2.283400943998887,185.0
0,1.0,1,1,0,0,0,1,0,0,0,0,0,1.0,1.0,1.0,2.0,25.0,166,16,39,4.75,4.81,4.25,4.69,4.75,4.75,4.44,1,0.39,1,142.0,41.0,1.9614841951462643,230.0
0,1.0,1,1,0,0,0,0,0,1,0,0,0,1.0,3.0,2.0,2.0,5.0,25,1,0,5.0,5.0,5.0,4.0,5.0,5.0,5.0,1,0.01,1,130.0,97.0,6.087248853178232,257.0
0,1.0,1,1,0,1,0,0,0,1,0,0,0,1.0,2.0,3.0,3.0,1125.0,333,237,148,4.72,4.72,4.63,4.84,4.85,4.91,4.41,1,2.39,1,118.0,118.0,0.8317823165704716,428.33
0,1.0,1,1,0,0,0,0,0,1,0,0,0,1.0,2.0,3.0,2.0,30.0,68,2,0,5.0,5.0,5.0,5.0,5.0,5.0,4.5,1,0.02,1,161.0,156.0,1.802535971447589,508.0
1,2.0,1,1,0,1,0,1,0,0,0,0,0,1.5,1.0,1.0,2.0,1125.0,9,112,133,4.95,4.91,4.94,4.97,4.96,4.85,4.67,2,1.14,1,142.0,142.0,2.3194636482548354,161.0
0,1.0,1,1,0,0,0,1,0,0,0,0,0,1.0,1.0,1.0,3.0,10.0,337,20,16,4.85,4.9,4.7,4.6,4.75,4.9,4.45,1,0.2,1,142.0,97.0,1.2072857921320976,303.67
1,9.0,1,1,0,0,0,0,0,1,0,0,0,1.0,2.0,2.0,7.0,120.0,275,8,14,4.88,5.0,5.0,4.75,4.75,5.0,4.63,9,0.16,1,152.0,152.0,0.3214898287493585,552.0
1,2.0,1,1,0,1,0,0,0,1,0,0,0,1.0,2.0,3.0,3.0,185.0,47,125,94,4.82,4.8,4.73,4.89,4.9,4.94,4.64,1,1.31,1,152.0,152.0,1.34720344270941,243.67
0,1.0,1,1,0,0,0,0,0,1,0,0,0,1.5,2.0,3.0,3.0,730.0,20,25,31,4.92,4.88,4.88,4.92,5.0,4.8,4.68,1,0.26,1,160.0,156.0,1.9750623877058184,418.67
0,1.0,1,1,0,0,0,0,0,1,0,0,0,1.0,3.0,5.0,5.0,30.0,23,18,10,4.72,4.72,4.39,4.78,4.83,4.72,4.39,1,0.18,1,127.0,127.0,4.162516281005306,266.0
0,2.0,1,1,0,1,0,0,0,0,0,0,0,1.0,1.0,1.0,2.0,90.0,35,251,203,4.9,4.94,4.79,4.97,4.97,4.97,4.8,2,2.57,1,147.0,147.0,1.158937597038266,131.5
0,1.0,1,1,0,0,0,0,1,0,0,0,0,1.0,2.0,2.0,2.0,1125.0,3,67,31,4.85,4.84,4.73,4.97,4.94,4.78,4.72,1,0.71,1,150.0,95.0,2.7563569963647225,254.5
1,1.0,1,1,0,0,0,0,0,1,0,0,0,3.5,2.0,2.0,4.0,700.0,32,48,96,4.88,4.85,4.65,4.92,4.92,4.94,4.6,1,0.49,1,182.0,182.0,1.3360496189054112,506.34
0,1.0,1,1,0,0,0,1,0,0,0,0,0,1.0,1.0,1.0,2.0,14.0,14,51,8,4.92,4.92,4.9,4.98,4.98,4.75,4.86,1,0.52,1,117.0,97.0,6.07970355725795,217.0
0,1.0,1,1,0,0,0,0,0,1,0,0,0,1.5,3.0,5.0,3.0,14.0,20,10,16,4.9,4.9,4.9,4.9,4.9,4.4,4.6,1,0.21,1,154.0,146.0,5.703143168074248,228.33
0,1.0,1,1,0,0,0,0,0,1,0,0,0,1.5,2.0,2.0,4.0,12.0,10,11,0,4.91,4.91,4.64,4.82,4.91,4.73,4.64,1,0.11,1,151.0,97.0,4.697719493663495,223.8
0,1.0,1,1,0,0,0,1,0,0,0,0,0,1.5,1.0,1.0,2.0,21.0,41,15,0,5.0,5.0,5.0,5.0,5.0,4.93,4.93,1,0.15,1,97.0,97.0,7.0531597266009625,471.0
1,1.0,1,1,0,1,0,1,0,0,0,0,0,1.5,1.0,1.0,1.0,1125.0,164,649,255,4.83,4.87,4.82,4.92,4.93,4.78,4.7,1,6.62,1,146.0,97.0,6.501741146251304,112.0
1,1.0,1,1,0,1,0,0,0,1,0,0,0,1.5,2.0,3.0,2.0,1125.0,313,130,156,4.91,4.89,4.95,4.98,4.98,4.78,4.71,1,1.34,1,150.0,96.0,3.738950438424649,248.5
0,1.0,1,1,0,0,0,0,0,1,0,0,0,1.5,3.0,3.0,7.0,20.0,137,5,0,5.0,5.0,4.8,5.0,5.0,4.2,4.4,1,0.05,1,98.0,96.0,10.77867716796592,381.57
0,1.0,1,1,0,0,0,0,0,0,0,0,0,1.0,3.0,3.0,5.0,30.0,362,0,0,-1.0,-1.0,-1.0,-1.0,-1.0,-1.0,-1.0,1,0.0,0,182.0,180.0,1.3959577329924064,552.0
0,2.0,1,1,0,1,0,1,0,0,0,0,0,1.0,1.0,1.0,1.0,1125.0,58,117,47,4.67,4.74,4.62,4.91,4.83,4.94,4.57,2,1.24,1,96.0,96.0,0.7928848339854352,192.0
0,1.0,1,1,0,0,0,1,0,0,0,0,0,1.5,1.0,1.0,3.0,14.0,40,8,0,5.0,5.0,5.0,5.0,5.0,4.38,4.88,1,0.08,1,160.0,96.0,3.525532428524495,206.0
0,1.0,1,1,0,0,0,1,0,0,0,0,0,1.5,1.0,1.0,3.0,21.0,17,31,16,4.97,4.97,4.97,4.97,4.97,5.0,4.81,1,0.32,1,144.0,96.0,0.664358515353719,274.0
0,1.0,1,1,0,0,0,0,1,0,0,0,0,1.5,2.0,1.0,3.0,17.0,17,14,23,5.0,4.93,4.86,5.0,4.93,4.79,4.93,1,0.29,1,113.0,48.0,2.456189081136073,358.4
1,9.0,1,1,0,0,0,1,0,0,0,0,0,1.0,1.0,1.0,7.0,120.0,249,2,0,4.0,4.0,4.0,3.5,4.5,4.5,4.0,9,0.04,1,152.0,152.0,0.3214898287493585,327.0
1,9.0,1,1,0,0,0,1,0,0,0,0,0,1.0,1.0,1.0,7.0,120.0,214,4,14,4.75,5.0,5.0,5.0,5.0,5.0,4.75,9,0.09,1,152.0,152.0,0.3214898287493585,388.0
1,9.0,1,1,0,0,0,1,0,0,0,0,0,1.0,1.0,1.0,7.0,120.0,220,15,14,4.8,4.73,4.93,4.93,4.87,5.0,4.73,9,0.26,1,152.0,152.0,0.3214898287493585,359.0
1,9.0,1,1,0,0,0,1,0,0,0,0,0,1.0,1.0,1.0,7.0,120.0,307,4,14,5.0,5.0,5.0,5.0,4.75,5.0,4.75,9,0.08,1,152.0,152.0,0.3214898287493585,359.0
1,9.0,1,1,0,0,0,1,0,0,0,0,0,1.0,1.0,1.0,7.0,120.0,271,11,28,5.0,5.0,4.91,5.0,5.0,5.0,4.82,9,0.2,1,152.0,152.0,0.3214898287493585,388.0
1,9.0,1,1,0,0,0,1,0,0,0,0,0,1.0,1.0,1.0,7.0,120.0,292,4,0,5.0,5.0,5.0,5.0,5.0,5.0,5.0,9,0.08,1,152.0,152.0,0.3214898287493585,405.0
0,1.0,1,1,0,0,0,0,0,1,0,0,0,1.0,2.0,2.0,1.0,13.0,14,28,0,4.86,4.75,4.61,5.0,4.96,4.86,4.5,1,0.29,1,96.0,96.0,1.7881405015176122,319.75
0,1.0,1,1,0,0,0,1,0,0,0,0,0,1.0,1.0,1.0,3.0,28.0,28,22,0,4.86,4.95,4.41,4.82,4.95,4.77,4.41,1,0.23,1,98.0,96.0,2.4319326101341825,226.0
0,1.0,1,1,0,0,0,0,0,1,0,0,0,1.0,3.0,3.0,3.0,30.0,166,49,16,4.98,4.94,4.94,4.92,4.98,4.96,4.84,1,0.51,1,162.0,96.0,1.2644686076263503,585.0
1,9.0,1,1,0,0,0,0,0,0,0,1,0,1.0,3.0,5.0,7.0,120.0,270,25,70,4.96,4.96,5.0,4.96,4.96,5.0,4.76,9,0.28,1,152.0,152.0,0.3214898287493585,676.0
0,1.0,1,1,0,0,0,1,0,0,0,0,0,1.5,1.0,1.0,2.0,10.0,359,43,23,4.81,4.79,4.55,4.88,4.95,4.84,4.51,1,0.44,1,96.0,96.0,3.002343522877783,379.67
0,1.0,1,1,0,0,0,0,0,1,0,0,0,1.0,3.0,4.0,4.0,40.0,28,19,32,4.89,4.89,4.89,5.0,4.84,4.79,4.58,1,0.2,1,109.0,96.0,4.588658526740814,296.75
1,2.0,1,1,0,1,0,1,0,0,0,0,0,1.0,1.0,1.0,2.0,1125.0,171,141,62,4.79,4.83,4.85,4.89,4.84,4.79,4.6,2,1.54,1,100.0,96.0,1.4012545878903746,591.0
0,2.0,1,1,0,1,0,0,0,1,0,0,0,2.0,2.0,4.0,1.0,1124.0,239,316,242,4.77,4.79,4.78,4.92,4.91,4.94,4.59,1,3.27,1,132.0,132.0,1.1480720928142605,505.33
0,1.0,1,1,0,0,0,1,0,0,0,0,0,1.0,1.0,1.0,3.0,3.0,176,27,47,4.89,4.89,4.74,4.93,4.96,4.93,4.67,1,0.76,1,100.0,96.0,2.1429935153457484,385.0
0,1.0,1,1,0,0,0,1,0,0,0,0,0,1.5,1.0,1.0,2.0,30.0,48,13,23,5.0,5.0,4.85,4.85,4.85,5.0,5.0,1,0.35,1,176.0,172.0,0.7121780557300393,388.0
0,1.0,1,1,0,0,0,1,0,0,0,0,0,1.0,1.0,1.0,2.0,1125.0,107,136,255,4.95,4.94,4.9,4.96,4.99,4.79,4.75,1,1.61,1,96.0,83.0,6.785497614095456,160.0
0,3.0,1,1,0,0,0,0,0,1,0,0,0,1.5,2.0,3.0,1.0,365.0,175,147,39,4.84,4.86,4.87,4.92,4.92,4.93,4.57,3,1.52,1,96.0,96.0,1.2281494804740163,483.5
1,1.0,1,1,0,1,0,1,0,0,0,0,0,1.5,1.0,1.0,2.0,1125.0,296,280,255,4.94,4.93,4.92,4.91,4.96,4.78,4.8,1,2.87,1,96.0,96.0,3.883731858180267,190.5
1,1.0,1,1,0,1,0,1,0,0,0,0,0,1.0,1.0,1.0,2.0,7.0,43,311,255,4.85,4.85,4.87,4.9,4.93,4.74,4.74,1,3.23,1,96.0,95.0,5.429051207752534,127.5
1,1.0,1,1,0,0,0,1,0,0,0,0,0,1.0,1.0,2.0,1.0,30.0,155,350,255,4.97,4.98,4.97,5.0,4.98,4.96,4.81,1,3.61,1,96.0,95.0,0.9097333767754188,225.5
1,2.0,1,1,0,1,0,1,0,0,0,0,0,1.5,1.0,1.0,1.0,1125.0,190,590,255,4.81,4.87,4.68,4.92,4.92,4.56,4.8,2,6.06,1,166.0,166.0,7.191755385157694,85.0
1,1.0,1,1,0,0,0,0,0,1,0,0,0,1.0,2.0,2.0,3.0,9.0,8,45,86,4.87,4.96,4.82,4.87,4.96,4.71,4.62,1,0.46,1,96.0,96.0,5.213899956479699,361.67
1,8.0,1,1,0,0,0,1,0,0,0,0,0,1.0,1.0,1.0,1.0,1125.0,6,37,16,4.84,4.92,4.84,4.95,4.97,4.78,4.68,1,0.38,1,95.0,95.0,2.394757161699187,410.0
0,5.0,1,1,0,0,0,0,0,1,0,0,0,1.0,2.0,2.0,2.0,1125.0,269,123,140,4.92,4.91,4.89,4.96,4.98,4.68,4.72,5,1.29,1,106.0,94.0,4.554319296489505,254.0
0,1.0,1,1,0,0,0,1,0,0,0,0,0,1.0,1.0,1.0,4.0,18.0,16,34,24,4.79,4.82,4.85,4.82,4.91,4.74,4.5,1,0.35,1,163.0,128.0,2.2234694130287846,229.0
0,1.0,1,1,0,0,0,0,0,1,0,0,0,1.0,4.0,4.0,4.0,28.0,152,13,8,4.69,4.62,4.23,4.92,4.92,4.92,3.92,1,0.14,1,95.0,95.0,1.2182701809502636,326.33
0,3.0,1,1,0,0,0,1,0,0,0,0,0,1.0,1.0,1.0,4.0,1125.0,27,13,8,4.62,4.92,4.77,5.0,4.92,4.54,4.31,2,0.14,1,167.0,138.0,2.7903084212705798,245.5
0,1.0,1,1,0,0,0,1,0,0,0,0,0,1.0,1.0,1.0,4.0,1125.0,154,34,32,4.97,4.97,4.88,4.94,5.0,4.91,4.85,1,0.35,1,168.0,95.0,2.8149654863220244,302.25
0,1.0,1,1,0,0,0,1,0,0,0,0,0,1.0,1.0,1.0,2.0,5.0,15,22,16,4.73,4.64,4.77,4.64,4.91,4.91,4.59,1,0.23,1,134.0,95.0,2.160201504782928,148.5
0,1.0,1,1,0,0,0,0,0,1,0,0,0,2.0,3.0,4.0,5.0,21.0,196,12,10,4.67,4.75,4.58,5.0,4.83,4.92,4.58,1,0.13,1,145.0,95.0,4.016978912466675,277.2
0,2.0,1,1,0,0,0,1,0,0,0,0,0,1.0,1.0,1.0,2.0,1125.0,3,27,23,5.0,5.0,4.96,4.89,5.0,4.7,4.63,1,0.28,1,147.0,106.0,2.776142071656009,230.33
0,1.0,1,1,0,0,0,0,0,1,0,0,0,1.5,3.0,5.0,3.0,14.0,69,42,16,4.95,5.0,4.98,4.98,5.0,4.83,4.71,1,0.44,1,95.0,93.0,2.6152425102151517,352.0
0,1.0,1,1,0,0,0,0,0,1,0,0,0,1.0,3.0,5.0,1.0,112.0,7,25,31,5.0,5.0,4.92,4.92,5.0,4.84,4.68,1,0.26,1,162.0,162.0,3.5434992418651676,376.75
1,1.0,1,1,0,1,0,1,0,0,0,0,0,1.0,1.0,1.0,1.0,14.0,112,174,250,4.97,4.94,4.91,4.97,4.99,4.94,4.79,1,1.85,1,163.0,163.0,2.011244839804109,228.24
0,1.0,1,1,0,0,0,0,0,1,0,0,0,3.0,3.0,4.0,5.0,30.0,74,17,10,4.94,4.88,4.88,5.0,5.0,4.88,4.71,1,0.18,1,95.0,95.0,3.103511687472145,567.2
0,2.0,1,1,0,1,0,1,0,0,0,0,0,1.5,1.0,1.0,1.0,365.0,246,72,31,4.88,4.89,4.71,4.96,4.97,4.94,4.68,2,0.78,1,96.0,96.0,0.8047473338752084,157.4
1,1.0,1,1,0,1,0,1,0,0,0,0,0,1.5,1.0,1.0,1.0,1125.0,302,478,255,4.88,4.9,4.93,4.95,4.95,4.73,4.72,1,4.96,1,162.0,95.0,5.034798583547588,108.5
1,1.0,1,1,0,1,0,1,0,0,0,0,0,1.0,1.0,1.0,3.0,1125.0,237,365,255,4.89,4.88,4.76,4.95,4.96,4.97,4.79,1,3.8,1,95.0,95.0,0.8686160964731454,192.33
0,3.0,1,1,0,0,0,0,0,0,0,1,0,1.5,3.0,5.0,4.0,1125.0,167,30,8,4.83,4.8,4.6,4.9,4.83,5.0,4.7,3,0.31,1,96.0,96.0,0.9037726047070725,582.5
1,1.0,1,1,0,1,0,1,0,0,0,0,0,1.5,1.0,2.0,3.0,7.0,58,59,94,4.81,4.76,4.69,4.9,4.95,4.76,4.61,1,0.63,1,157.0,157.0,3.095633364561839,116.33
0,1.0,1,1,0,0,0,0,0,1,0,0,0,2.5,3.0,3.0,5.0,30.0,15,7,20,5.0,5.0,5.0,5.0,5.0,4.86,4.71,1,0.07,1,123.0,123.0,10.947757572305767,433.8
1,1.0,1,1,0,0,0,0,0,1,0,0,0,1.5,2.0,4.0,1.0,14.0,186,98,109,4.92,4.92,4.94,4.96,4.98,4.87,4.81,1,1.02,1,95.0,95.0,2.5027898099172243,456.5
0,1.0,1,1,0,0,0,0,0,1,0,0,0,1.5,3.0,4.0,7.0,20.0,64,15,0,4.8,4.8,4.73,4.87,4.8,4.67,4.6,1,0.16,1,95.0,95.0,2.8061712427471357,485.0
0,1.0,1,1,0,0,0,1,0,0,0,0,0,1.0,1.0,2.0,2.0,1125.0,139,22,39,4.64,4.68,4.05,4.73,4.95,4.68,4.41,1,0.24,1,100.0,89.0,7.867865874495915,214.5
0,1.0,1,1,0,0,0,0,0,1,0,0,0,1.0,3.0,3.0,2.0,1124.0,26,23,8,4.74,4.96,4.82,4.91,4.83,4.65,4.39,1,0.24,1,163.0,95.0,3.1288208165660794,282.0
1,1.0,1,1,0,1,0,0,0,1,0,0,0,1.0,2.0,4.0,3.0,30.0,345,128,133,4.83,4.89,4.82,4.96,5.0,4.91,4.55,1,1.36,1,157.0,157.0,2.528643622408536,319.53
1,2.0,1,1,0,0,0,1,0,0,0,0,0,1.5,1.0,2.0,1.0,365.0,177,108,255,4.99,4.95,4.98,4.98,4.99,4.96,4.85,2,1.13,1,104.0,104.0,0.8993071568914117,271.0
0,1.0,1,1,0,0,0,0,0,1,0,0,0,1.5,2.0,2.0,2.0,1125.0,164,23,23,4.78,4.78,4.61,4.74,4.83,4.78,4.61,1,0.26,1,148.0,146.0,6.721600498810196,462.0
0,1.0,1,1,0,0,0,1,0,0,0,0,0,1.0,1.0,1.0,5.0,730.0,32,11,0,4.91,5.0,4.82,4.82,5.0,4.82,4.64,1,0.11,1,152.0,94.0,2.001888411026207,273.72
0,23.0,1,1,0,1,0,1,0,0,0,0,0,1.0,1.0,1.0,1.0,7.0,235,104,55,4.74,4.81,4.83,4.73,4.86,4.87,4.43,23,1.1,1,94.0,94.0,2.825654815335285,147.0
0,1.0,1,1,0,0,0,1,0,0,0,0,0,1.0,1.0,1.0,1.0,365.0,8,6,16,5.0,4.83,4.83,4.83,5.0,4.83,4.83,1,0.24,1,153.0,26.0,2.5025963254851726,214.0
0,1.0,1,1,0,0,0,1,0,0,0,0,0,1.0,1.0,1.0,2.0,40.0,9,22,16,5.0,4.91,4.91,4.95,4.95,4.77,4.45,1,0.23,1,141.0,131.0,2.502773000109205,377.0
0,1.0,1,1,0,0,0,0,0,1,0,0,0,3.0,4.0,8.0,4.0,14.0,8,8,0,4.88,4.88,4.63,4.63,4.88,4.75,4.63,1,0.09,1,136.0,97.0,2.6127897042394514,542.25
1,1.0,1,1,0,0,0,1,0,0,0,0,0,1.0,1.0,1.0,2.0,21.0,271,452,255,4.92,4.92,4.96,4.93,4.96,4.52,4.77,1,4.74,1,153.0,94.0,3.7117225695489937,111.5
1,1.0,1,1,0,1,0,1,0,0,0,0,0,1.0,1.0,1.0,1.0,1125.0,71,270,255,4.76,4.81,4.85,4.91,4.83,4.38,4.55,1,2.86,1,132.0,93.0,6.216971346381048,160.91
0,1.0,1,1,0,0,0,0,0,1,0,0,0,1.5,3.0,3.0,3.0,10.0,16,36,62,4.97,4.97,4.75,4.86,4.92,4.81,4.64,1,0.38,1,118.0,94.0,5.10287659613798,316.0
1,1.0,1,1,0,0,0,0,0,1,0,0,0,1.5,2.0,2.0,2.0,1125.0,161,228,255,4.86,4.84,4.93,4.93,4.96,4.95,4.63,1,2.4,1,119.0,119.0,1.3137047310277108,568.5
1,1.0,1,0,0,1,0,1,0,0,0,0,0,1.0,1.0,1.0,2.0,1125.0,276,60,125,4.8,4.87,4.9,4.87,4.73,4.88,4.68,1,0.68,1,112.0,112.0,1.1558916665897343,238.45
0,1.0,1,1,0,0,0,0,0,1,0,0,0,1.5,3.0,3.0,2.0,20.0,14,12,39,5.0,5.0,5.0,5.0,5.0,5.0,4.75,1,0.13,1,156.0,156.0,2.559896302045186,418.67
0,1.0,1,1,0,0,0,1,0,0,0,0,0,2.0,1.0,1.0,4.0,15.0,87,5,0,4.8,4.8,4.8,4.8,5.0,4.4,4.8,1,0.06,1,159.0,127.0,2.3102081466802407,290.75
0,23.0,1,1,1,0,0,1,0,0,0,0,0,1.0,1.0,1.0,1.0,7.0,245,30,0,4.67,4.7,4.8,4.83,4.83,4.7,4.3,23,0.32,1,94.0,94.0,1.515935725570779,198.0
0,23.0,1,1,0,1,0,1,0,0,0,0,0,1.0,1.0,1.0,1.0,7.0,206,50,55,4.8,4.86,4.88,4.74,4.84,4.72,4.36,23,0.54,1,94.0,94.0,1.656812507847701,146.0
0,23.0,1,1,0,1,0,1,0,0,0,0,0,1.0,1.0,1.0,1.0,7.0,203,88,39,4.83,4.93,4.9,4.81,4.85,4.89,4.61,23,0.93,1,94.0,94.0,1.8189133089652578,164.0
0,23.0,1,1,1,0,0,1,0,0,0,0,0,1.0,1.0,1.0,1.0,7.0,198,111,125,4.78,4.86,4.88,4.91,4.9,4.69,4.63,23,1.18,1,94.0,94.0,1.7772292212655003,223.0
0,23.0,1,1,0,1,0,1,0,0,0,0,0,1.0,1.0,1.0,1.0,7.0,241,71,55,4.83,4.79,4.83,4.79,4.89,4.72,4.52,23,0.76,1,94.0,94.0,1.618574083720458,160.0
0,23.0,1,1,0,1,0,1,0,0,0,0,0,1.0,1.0,1.0,1.0,7.0,256,83,101,4.92,4.96,4.89,4.87,4.9,4.82,4.73,23,0.87,1,94.0,94.0,1.6996209013870232,154.0
0,23.0,1,1,1,0,0,1,0,0,0,0,0,1.0,1.0,1.0,1.0,7.0,226,64,31,4.81,4.83,4.77,4.84,4.73,4.64,4.52,23,0.68,1,94.0,94.0,2.018592559219498,149.0
0,1.0,1,1,0,0,0,0,0,1,0,0,0,1.0,2.0,2.0,4.0,30.0,10,21,24,4.81,4.86,4.52,4.9,4.95,4.62,4.67,1,0.24,1,155.0,151.0,2.752838646786201,356.75
1,1.0,1,1,0,0,0,0,0,1,0,0,0,2.0,2.0,2.0,2.0,730.0,229,51,148,4.71,4.59,4.76,4.86,4.8,4.43,4.37,1,1.56,1,142.0,33.0,6.208799331193618,289.5
0,1.0,1,1,0,0,0,0,0,1,0,0,0,1.5,2.0,2.0,3.0,30.0,13,27,47,4.93,4.85,4.74,4.81,4.93,4.63,4.7,1,0.3,1,107.0,93.0,3.8223001981403972,277.5
0,1.0,1,1,0,0,0,1,0,0,0,0,0,1.0,1.0,1.0,2.0,365.0,192,12,47,4.75,4.75,4.67,4.17,4.75,4.58,4.58,1,0.86,1,122.0,14.0,2.794031794184134,240.0
0,2.0,1,1,0,1,0,1,0,0,0,0,0,1.0,1.0,1.0,1.0,365.0,337,439,255,4.53,4.52,4.49,4.69,4.58,4.89,4.3,2,4.65,1,94.0,94.0,0.5341409547924354,132.24
0,2.0,1,1,0,1,0,1,0,0,0,0,0,1.0,1.0,1.0,1.0,365.0,334,440,255,4.58,4.66,4.56,4.71,4.57,4.91,4.48,2,4.64,1,94.0,94.0,0.5063712571247971,112.91
0,5.0,1,1,0,1,0,0,0,1,0,0,0,1.0,2.0,2.0,1.0,365.0,309,102,117,4.55,4.54,4.62,4.63,4.38,4.89,4.39,3,1.08,1,94.0,93.0,0.6039489238310687,260.0
0,5.0,1,1,0,1,0,0,1,0,0,0,0,1.0,1.0,1.0,1.0,1125.0,233,45,39,4.78,4.8,4.49,4.76,4.82,4.93,4.58,2,0.48,1,143.0,142.0,0.5041632635527298,742.0
0,2.0,1,1,0,1,0,1,0,0,0,0,0,1.0,1.0,1.0,1.0,1125.0,62,350,255,4.88,4.89,4.87,4.96,4.95,4.74,4.63,1,3.7,1,168.0,93.0,2.343025568141777,131.05
0,1.0,1,1,0,1,0,1,0,0,0,0,0,1.0,1.0,1.0,1.0,1125.0,38,83,78,4.81,4.89,4.95,4.8,4.84,4.63,4.71,1,0.88,1,176.0,93.0,4.896592278731625,154.5
0,2.0,1,1,0,1,0,1,0,0,0,0,0,1.5,1.0,1.0,2.0,180.0,155,95,47,4.72,4.77,4.62,4.88,4.83,4.75,4.57,2,1.15,1,157.0,157.0,3.2224932659844856,85.8
0,23.0,1,1,0,1,0,1,0,0,0,0,0,1.0,1.0,1.0,1.0,7.0,245,38,39,4.76,4.95,4.89,4.79,4.87,4.68,4.39,23,0.43,1,94.0,94.0,2.5553185402864624,177.0
1,1.0,1,1,0,0,0,0,0,1,0,0,0,1.0,1.0,2.0,1.0,1125.0,183,352,255,4.99,4.97,5.0,5.0,4.99,4.99,4.88,1,3.83,1,93.0,93.0,1.3725420358395977,320.67
1,2.0,1,1,0,1,0,1,0,0,0,0,0,1.0,1.0,1.0,1.0,1125.0,1,173,62,4.78,4.79,4.83,4.9,4.91,4.84,4.58,2,1.82,1,100.0,96.0,1.5184663927097897,153.0
0,6.0,1,1,0,0,0,0,0,1,0,0,0,1.0,2.0,2.0,2.0,730.0,91,22,23,4.73,4.68,4.41,4.91,4.77,5.0,4.41,1,0.23,1,93.0,93.0,1.5841165230553838,685.0
0,1.0,1,1,0,0,0,0,1,0,0,0,0,1.5,2.0,2.0,2.0,3.0,5,31,55,5.0,5.0,4.9,4.97,5.0,4.94,4.87,1,0.33,1,143.0,93.0,2.9508590999500792,362.5
0,1.0,1,1,0,0,0,1,0,0,0,0,0,1.0,1.0,1.0,3.0,14.0,10,39,23,4.85,4.77,4.69,4.9,4.9,4.92,4.69,1,0.42,1,93.0,93.0,1.1835921075433757,253.0
1,1.0,1,1,0,0,0,0,1,0,0,0,0,1.0,2.0,2.0,3.0,730.0,57,120,140,4.98,4.97,4.96,4.98,4.99,4.99,4.82,1,1.27,1,143.0,123.0,1.3254679543497452,531.67
1,1.0,1,1,0,1,0,1,0,0,0,0,0,1.0,1.0,2.0,1.0,1125.0,213,206,255,4.88,4.93,4.72,4.91,4.94,4.68,4.74,1,2.18,1,168.0,167.0,4.438736838200924,133.0
1,1.0,1,1,0,0,0,0,0,1,0,0,0,1.5,2.0,3.0,3.0,1125.0,95,180,218,4.99,4.98,4.99,4.99,4.99,4.99,4.91,1,1.92,1,132.0,93.0,1.294492528669417,510.75
0,4.0,1,1,0,0,0,0,0,1,0,0,0,2.0,2.0,2.0,4.0,1125.0,191,82,192,4.7,4.7,4.57,4.79,4.78,4.94,4.45,1,0.97,1,163.0,140.0,1.1947886888044772,412.6
1,3.0,1,1,0,1,0,0,0,1,0,0,0,2.0,2.0,2.0,2.0,30.0,296,71,86,4.96,4.9,4.89,4.97,4.99,4.86,4.82,3,0.76,1,118.0,93.0,3.636072045452332,362.5
0,2.0,1,1,0,1,0,0,0,1,0,0,0,1.5,2.0,2.0,1.0,77.0,31,101,218,4.76,4.78,4.81,4.87,4.88,4.91,4.58,1,1.08,1,93.0,93.0,1.209352009057246,305.27
0,1.0,1,1,0,0,0,1,0,0,0,0,0,1.0,1.0,1.0,2.0,1125.0,132,8,0,4.88,5.0,4.25,5.0,5.0,4.75,4.5,1,0.23,1,107.0,107.0,3.6422962101005854,285.5
0,1.0,1,1,0,0,0,1,0,0,0,0,0,1.5,1.0,1.0,3.0,15.0,22,12,31,4.83,4.67,4.83,4.92,4.92,4.92,4.33,1,0.26,1,128.0,45.0,1.2981552638635718,279.67
0,23.0,1,1,0,0,0,1,0,0,0,0,0,1.0,1.0,1.0,1.0,7.0,232,115,70,4.66,4.72,4.73,4.75,4.88,4.61,4.46,23,1.23,1,94.0,94.0,2.707957985322471,155.0
0,1.0,1,1,0,1,0,1,0,0,0,0,0,1.0,1.0,2.0,1.0,10.0,42,15,0,4.8,4.73,4.87,5.0,5.0,4.6,4.53,1,0.16,1,116.0,110.0,2.9781049564773854,240.0
1,1.0,1,1,0,0,0,1,0,0,0,0,0,1.0,1.0,1.0,2.0,4.0,3,54,47,4.91,4.87,4.76,4.96,4.96,4.87,4.78,1,0.57,1,131.0,93.0,2.0651057545606832,174.5
0,1.0,1,1,0,1,0,0,0,1,0,0,0,1.0,2.0,2.0,1.0,1125.0,274,189,156,4.68,4.64,4.6,4.62,4.74,4.95,4.42,1,2.08,1,93.0,93.0,1.574130108120841,304.31
0,1.0,1,1,0,0,0,0,0,1,0,0,0,1.0,2.0,3.0,2.0,30.0,13,56,55,4.93,4.95,4.91,4.88,4.95,4.8,4.73,1,0.6,1,121.0,92.0,2.5272406710322035,313.83
1,2.0,1,1,0,1,0,1,0,0,0,0,0,1.0,1.0,1.0,1.0,1125.0,317,178,242,4.91,4.94,4.93,4.97,4.98,4.93,4.74,2,1.89,1,93.0,92.0,1.7754788793896275,291.0
1,1.0,1,1,0,0,0,0,0,1,0,0,0,1.5,2.0,2.0,2.0,31.0,98,15,101,4.87,4.8,4.93,4.87,5.0,4.53,4.73,1,1.2,1,92.0,12.0,9.708752221704911,332.5
0,1.0,1,1,0,0,0,0,0,1,0,0,0,1.5,2.0,2.0,4.0,1125.0,13,32,16,4.78,4.78,4.63,4.91,5.0,4.72,4.44,1,0.34,1,133.0,92.0,2.70725284187812,439.0
0,23.0,1,1,0,1,0,1,0,0,0,0,0,1.0,1.0,1.0,2.0,7.0,262,10,8,4.9,5.0,5.0,4.8,4.8,4.9,4.9,23,0.12,1,94.0,94.0,8.020895241922222,153.0
0,1.0,1,1,0,0,0,1,0,0,0,0,0,1.0,1.0,1.0,5.0,730.0,6,37,20,4.97,5.0,4.97,5.0,4.97,5.0,4.81,1,0.4,1,132.0,93.0,0.6300981066100456,300.2
0,1.0,1,1,0,0,0,0,0,1,0,0,0,1.0,2.0,2.0,1.0,1.0,6,30,70,4.93,4.93,4.93,4.9,5.0,4.8,4.67,1,0.34,1,141.0,93.0,1.9100326287626865,457.0
0,5.0,1,1,0,1,0,1,0,0,0,0,0,1.0,1.0,1.0,1.0,365.0,326,366,255,4.58,4.7,4.58,4.82,4.66,4.92,4.43,3,3.95,1,94.0,93.0,0.5919629067728635,117.0
0,5.0,1,1,0,1,0,1,0,0,0,0,0,1.0,1.0,1.0,1.0,365.0,314,388,255,4.62,4.73,4.58,4.81,4.68,4.91,4.44,3,4.23,1,94.0,93.0,0.6124276738094061,117.0
0,1.0,1,1,0,0,0,0,0,1,0,0,0,1.5,3.0,4.0,2.0,30.0,209,36,16,4.92,4.83,4.81,4.89,4.86,4.89,4.42,1,0.39,1,93.0,92.0,2.0554335613322583,727.33
0,2.0,1,1,0,0,0,0,0,1,0,0,0,1.5,2.0,2.0,1.0,365.0,116,21,23,5.0,5.0,4.95,5.0,5.0,5.0,4.95,2,0.45,1,113.0,46.0,0.899355476341683,506.0
0,1.0,1,1,0,0,0,0,0,1,0,0,0,2.5,3.0,3.0,7.0,30.0,46,0,0,-1.0,-1.0,-1.0,-1.0,-1.0,-1.0,-1.0,1,0.0,0,161.0,137.0,7.695257582439817,420.0
0,1.0,1,1,0,1,0,0,0,1,0,0,0,1.0,2.0,2.0,2.0,1125.0,180,171,109,4.65,4.72,4.57,4.83,4.87,4.59,4.46,1,1.83,1,92.0,92.0,3.779453114312388,252.67
0,1.0,1,1,0,0,0,1,0,0,0,0,0,1.0,1.0,1.0,2.0,30.0,88,4,0,4.0,4.25,4.0,5.0,5.0,4.75,5.0,1,0.04,1,141.0,92.0,2.553838678556254,254.0
1,1.0,1,1,0,1,0,1,0,0,0,0,0,1.0,1.0,1.0,1.0,720.0,51,675,255,4.73,4.84,4.79,4.93,4.92,4.93,4.62,1,7.2,1,92.0,92.0,1.1796674188145253,133.52
0,1.0,1,1,0,0,0,0,0,1,0,0,0,1.5,2.0,2.0,3.0,30.0,9,6,23,4.83,5.0,4.83,5.0,5.0,4.83,5.0,1,0.07,1,131.0,83.0,5.153476749897726,349.5
0,1.0,1,1,0,0,0,1,0,0,0,0,0,1.0,1.0,1.0,2.0,1123.0,353,10,31,5.0,5.0,4.8,5.0,5.0,5.0,4.6,1,0.45,1,151.0,129.0,1.5700471917085608,425.5
1,2.0,1,1,0,1,0,0,1,0,0,0,0,1.0,1.0,2.0,3.0,10.0,233,284,255,4.83,4.8,4.89,4.92,4.93,4.91,4.56,2,3.04,1,184.0,154.0,1.054265257530993,211.33
0,1.0,1,1,0,0,0,1,0,0,0,0,0,1.5,1.0,1.0,2.0,30.0,185,49,39,4.9,4.94,4.73,4.98,4.98,4.78,4.65,1,0.53,1,92.0,92.0,2.0526329398665557,219.68
1,1.0,1,1,0,0,0,0,0,1,0,0,0,1.0,2.0,6.0,2.0,45.0,199,136,255,4.94,4.91,4.9,4.99,4.97,4.99,4.82,1,1.48,1,119.0,119.0,0.689263497931732,424.0
1,1.0,1,1,0,1,0,1,0,0,0,0,0,1.0,1.0,1.0,2.0,6.0,65,224,250,4.98,4.97,4.98,4.99,4.98,4.66,4.87,1,2.44,1,120.0,92.0,7.234075751999407,154.5
0,1.0,1,1,0,0,0,0,0,1,0,0,0,1.0,2.0,2.0,1.0,3.0,10,29,78,4.93,4.93,4.76,4.93,4.97,5.0,4.76,1,0.31,1,125.0,38.0,1.1855957390421332,475.67
1,1.0,1,1,0,1,0,1,0,0,0,0,0,1.0,1.0,2.0,1.0,1125.0,204,336,255,4.93,4.93,4.97,4.96,4.98,4.91,4.82,1,3.62,1,145.0,145.0,3.5098218605085343,159.0
0,1.0,1,1,0,0,0,1,0,0,0,0,0,1.0,1.0,1.0,1.0,30.0,6,227,255,4.89,4.87,4.91,4.93,4.97,4.82,4.75,1,2.46,1,117.0,92.0,1.6759417283137386,166.0
0,2.0,1,1,0,1,0,1,0,0,0,0,0,1.5,1.0,1.0,1.0,7.0,81,150,109,4.7,4.76,4.85,4.83,4.85,4.73,4.61,2,1.62,1,129.0,92.0,6.1130104065169135,90.5
0,1.0,1,1,0,0,0,0,0,1,0,0,0,2.5,3.0,3.0,5.0,30.0,26,20,10,5.0,4.95,4.85,4.85,5.0,4.6,4.75,1,0.22,1,151.0,148.0,4.842850475261536,411.0
0,1.0,1,1,0,0,0,1,0,0,0,0,0,1.5,1.0,1.0,3.0,1125.0,5,29,39,4.97,5.0,4.97,4.9,5.0,4.55,4.79,1,0.33,1,164.0,92.0,2.4664055825520674,154.33
1,1.0,1,1,0,1,0,1,0,0,0,0,0,1.0,1.0,1.0,1.0,365.0,274,265,255,4.8,4.83,4.77,4.96,4.95,4.82,4.59,1,2.84,1,169.0,169.0,1.8976630110270059,131.5
0,1.0,1,1,0,0,0,1,0,0,0,0,0,1.5,1.0,1.0,5.0,30.0,124,50,70,4.96,4.92,4.9,4.94,5.0,4.96,4.76,1,0.54,1,159.0,92.0,1.6971663280778488,411.0
1,2.0,1,1,0,1,0,1,0,0,0,0,0,1.0,1.0,1.0,3.0,1125.0,183,145,195,4.82,4.83,4.66,4.93,4.93,4.96,4.7,2,1.81,1,163.0,163.0,1.5598593646472585,171.33
0,1.0,1,1,0,0,0,0,0,1,0,0,0,1.0,3.0,3.0,1.0,60.0,19,4,0,5.0,5.0,5.0,5.0,5.0,4.5,5.0,1,0.1,1,200.0,39.0,5.840722401486971,434.0
0,1.0,1,1,0,0,0,0,0,1,0,0,0,1.5,3.0,3.0,6.0,1125.0,13,25,36,5.0,4.96,4.96,5.0,5.0,4.8,4.84,1,0.28,1,138.0,91.0,3.8388884908396554,240.17
0,1.0,1,1,0,0,0,0,0,1,0,0,0,1.5,2.0,2.0,4.0,1125.0,8,36,32,5.0,4.97,4.94,4.92,5.0,4.92,4.83,1,0.43,1,130.0,83.0,2.6799115988115747,360.5
0,1.0,1,1,0,0,0,0,0,1,0,0,0,1.0,3.0,4.0,4.0,30.0,228,3,0,5.0,5.0,5.0,5.0,5.0,5.0,5.0,1,0.13,1,187.0,24.0,3.614841975488472,451.0
1,1.0,1,1,0,1,0,1,0,0,0,0,0,1.5,1.0,1.0,1.0,1125.0,172,102,172,4.82,4.91,4.92,4.89,4.91,4.94,4.73,1,1.1,1,91.0,91.0,1.1411789318045389,251.5
1,1.0,1,1,0,0,0,0,0,1,0,0,0,1.5,2.0,3.0,2.0,14.0,64,121,255,4.85,4.9,4.89,4.93,4.95,4.74,4.7,1,2.36,1,144.0,53.0,5.131488096806551,227.67
0,1.0,1,1,0,0,0,1,0,0,0,0,0,1.0,1.0,1.0,3.0,30.0,58,10,31,4.8,4.9,4.8,4.8,5.0,4.7,4.6,1,0.49,1,119.0,22.0,1.8317169455936597,240.25
1,3.0,1,1,0,0,0,0,1,0,0,0,0,1.0,1.0,1.0,4.0,1125.0,26,60,104,4.98,4.97,4.98,4.98,5.0,4.75,4.85,2,0.69,1,121.0,121.0,4.05625327742678,281.02
0,1.0,1,1,0,0,0,0,0,1,0,0,0,1.0,3.0,2.0,2.0,1125.0,21,17,16,4.94,4.88,4.76,4.94,4.94,4.88,4.71,1,0.19,1,158.0,89.0,2.7561195861103847,367.0
1,1.0,1,1,0,1,0,0,0,1,0,0,0,1.0,1.0,2.0,1.0,1125.0,48,342,255,4.97,4.95,4.97,4.98,5.0,4.91,4.82,1,3.71,1,126.0,91.0,1.683197490711252,251.33
1,1.0,1,1,0,1,0,1,0,0,0,0,0,1.5,1.0,1.0,3.0,14.0,100,237,242,4.99,5.0,5.0,4.98,5.0,4.89,4.93,1,2.63,1,168.0,90.0,3.9765536129464767,171.67
0,1.0,1,1,0,0,0,0,0,1,0,0,0,1.0,4.0,2.0,5.0,20.0,202,9,0,5.0,4.89,4.89,4.89,5.0,4.67,4.56,1,0.1,1,151.0,91.0,3.238105017025483,320.8
1,2.0,1,1,0,1,0,1,0,0,0,0,0,1.0,1.0,1.0,1.0,31.0,63,757,255,4.9,4.89,4.75,4.95,4.95,4.9,4.77,2,8.19,1,91.0,91.0,0.7488116653068928,204.0
0,2.0,1,1,0,1,0,1,0,0,0,0,0,1.0,1.0,1.0,2.0,1125.0,195,0,0,-1.0,-1.0,-1.0,-1.0,-1.0,-1.0,-1.0,2,0.0,0,91.0,91.0,1.4352408188544377,248.0
0,2.0,1,1,0,1,0,1,0,0,0,0,0,1.0,1.0,2.0,3.0,1125.0,76,100,62,4.82,4.86,4.85,4.89,4.87,4.83,4.65,2,1.09,1,91.0,91.0,2.26601145028231,181.0
0,1.0,1,1,0,0,0,1,0,0,0,0,0,1.0,1.0,1.0,3.0,30.0,26,6,39,5.0,5.0,4.33,5.0,4.83,4.83,4.5,1,0.07,1,129.0,91.0,2.880800360106424,211.33
0,3.0,1,1,0,1,0,1,0,0,0,0,0,1.5,1.0,1.0,1.0,14.0,47,8,23,4.88,4.88,5.0,5.0,5.0,5.0,4.88,1,0.4,1,92.0,90.0,5.054662905686861,125.0
1,2.0,1,1,0,1,0,1,0,0,0,0,0,1.0,1.0,1.0,1.0,31.0,79,588,255,4.85,4.88,4.74,4.94,4.93,4.92,4.74,2,6.37,1,91.0,91.0,0.7488116653068928,134.66
0,1.0,1,1,0,0,0,1,0,0,0,0,0,1.0,1.0,1.0,2.0,30.0,227,36,39,4.89,4.89,4.83,4.94,4.94,4.94,4.69,1,0.4,1,60.0,2.0,1.927441352409522,242.5
1,3.0,1,1,0,1,0,1,0,0,0,0,0,1.0,1.0,2.0,2.0,30.0,311,116,148,4.97,4.92,4.91,5.0,5.0,4.94,4.87,3,1.28,1,118.0,93.0,3.6479890885930297,219.0
1,3.0,1,1,0,1,0,1,0,0,0,0,0,1.0,1.0,1.0,1.0,30.0,318,125,156,4.94,4.92,4.93,4.94,4.95,4.86,4.81,3,1.36,1,118.0,93.0,3.647512578546471,182.0
0,1.0,1,1,0,0,0,0,0,1,0,0,0,1.5,2.0,1.0,3.0,730.0,74,20,8,5.0,4.95,4.75,4.9,4.95,4.95,4.55,1,0.22,1,169.0,126.0,1.376083942050336,510.0
0,1.0,1,1,0,0,0,0,1,0,0,0,0,1.5,3.0,2.0,5.0,25.0,45,17,0,5.0,5.0,4.94,5.0,4.88,4.82,4.65,1,0.21,1,124.0,124.0,2.551893906193228,239.8
1,1.0,1,1,0,1,0,0,0,1,0,0,0,1.0,2.0,2.0,1.0,1125.0,27,245,101,4.8,4.85,4.71,4.94,4.88,4.67,4.59,1,2.68,1,153.0,91.0,2.4884049401062347,162.0
0,1.0,1,1,0,0,0,1,0,0,0,0,0,1.0,1.0,1.0,4.0,1125.0,11,8,24,5.0,5.0,4.75,5.0,5.0,4.88,4.63,1,0.09,1,161.0,90.0,2.177015529404812,204.6
1,3.0,1,1,0,1,0,0,0,0,0,0,0,1.5,1.0,1.0,2.0,1125.0,168,441,255,4.95,4.97,5.0,4.98,4.99,4.9,4.87,2,4.81,1,164.0,98.0,1.8717365520192968,138.5
0,1.0,1,1,0,0,0,0,0,1,0,0,0,2.0,2.0,3.0,3.0,30.0,16,35,0,4.97,5.0,5.0,4.94,4.97,4.89,4.69,1,0.39,1,109.0,90.0,5.383739379704038,349.33
0,1.0,1,1,0,0,0,1,0,0,0,0,0,1.0,2.0,1.0,3.0,30.0,7,18,23,5.0,4.89,4.89,5.0,5.0,5.0,4.78,1,0.2,1,122.0,122.0,1.1350278114846903,430.0
1,4.0,1,1,0,1,0,1,0,0,0,0,0,1.0,1.0,1.0,2.0,31.0,54,157,62,4.91,4.94,4.89,4.97,4.96,4.97,4.82,2,1.71,1,95.0,95.0,1.6878519372977674,202.0
1,4.0,1,1,0,1,0,1,0,0,0,0,0,1.0,1.0,1.0,2.0,31.0,154,193,255,4.94,4.91,4.91,4.93,4.95,4.95,4.8,2,2.1,1,95.0,95.0,1.5037012537299985,189.44
0,2.0,1,1,0,0,0,1,0,0,0,0,0,1.0,1.0,1.0,3.0,30.0,89,25,31,4.92,4.88,4.88,4.88,4.96,5.0,4.64,1,0.28,1,153.0,114.0,1.4464600469034359,625.33
1,2.0,1,1,0,1,0,1,0,0,0,0,0,1.0,1.0,1.0,1.0,150.0,16,138,255,4.88,4.76,4.81,4.88,4.93,4.94,4.74,3,1.54,1,188.0,185.0,1.541712241198401,160.0
1,1.0,1,1,0,1,0,1,0,0,0,0,0,1.5,1.0,2.0,1.0,7.0,108,314,255,4.91,4.92,4.88,4.96,4.94,4.87,4.82,1,3.42,1,90.0,90.0,2.0114306077577657,108.67
0,2.0,1,1,0,0,0,1,0,0,0,0,0,1.0,1.0,2.0,1.0,90.0,193,473,255,4.7,4.74,4.83,4.86,4.84,4.53,4.6,2,5.15,1,161.0,161.0,6.854426217074265,136.94
0,1.0,1,1,0,1,0,0,0,1,0,0,0,1.0,2.0,4.0,2.0,1125.0,165,309,255,4.46,4.48,4.5,4.75,4.81,4.75,4.25,1,3.38,1,115.0,90.0,1.5783445353646122,168.32
0,1.0,1,1,0,1,0,0,0,1,0,0,0,1.0,2.0,2.0,3.0,1125.0,258,214,148,4.68,4.71,4.75,4.94,4.93,4.79,4.46,1,2.34,1,113.0,112.0,1.8331049851236294,239.66
0,2.0,1,1,0,1,0,1,0,0,0,0,0,1.0,1.0,1.0,1.0,1125.0,70,490,255,4.74,4.84,4.69,4.89,4.8,4.88,4.57,2,5.4,1,118.0,118.0,0.7303740469669727,179.16
0,2.0,1,1,0,1,0,1,0,0,0,0,0,1.0,1.0,1.0,1.0,1125.0,64,413,255,4.74,4.78,4.74,4.88,4.79,4.9,4.56,2,4.57,1,118.0,118.0,0.7510561354650743,178.02
1,2.0,1,1,0,0,0,0,0,0,0,1,0,1.5,3.0,5.0,1.0,51.0,17,98,255,4.94,4.94,4.85,4.96,4.94,4.86,4.74,1,1.13,1,138.0,138.0,2.2503482609227374,457.0
0,4.0,1,1,0,1,0,1,0,0,0,0,0,1.0,1.0,1.0,1.0,1125.0,56,410,255,4.84,4.86,4.79,4.9,4.97,4.85,4.6,2,4.48,1,90.0,90.0,1.5547411510199405,133.52
0,1.0,1,1,0,0,0,1,0,0,0,0,0,1.0,1.0,1.0,2.0,1125.0,165,14,0,4.43,4.71,4.43,4.71,4.79,4.57,4.57,1,0.15,1,173.0,90.0,1.7892033899002022,348.0
1,1.0,1,1,0,1,0,1,0,0,0,0,0,1.5,1.0,1.0,2.0,90.0,146,204,62,4.95,4.94,4.92,4.95,4.94,4.95,4.83,1,2.23,1,90.0,90.0,2.141616300381483,210.55
0,1.0,1,1,0,0,0,0,0,1,0,0,0,1.0,1.0,1.0,2.0,30.0,30,32,31,4.88,4.91,4.72,4.94,4.97,4.66,4.72,1,0.35,1,172.0,90.0,3.6884849377892754,244.4
0,2.0,1,1,0,1,0,1,0,0,0,0,0,1.0,0.0,1.0,2.0,1125.0,195,0,0,-1.0,-1.0,-1.0,-1.0,-1.0,-1.0,-1.0,2,0.0,0,91.0,91.0,1.308920159984229,229.0
1,1.0,1,1,0,1,0,0,0,1,0,0,0,1.0,2.0,3.0,2.0,730.0,22,323,255,4.93,4.9,4.89,4.98,4.99,4.93,4.66,1,3.56,1,132.0,108.0,1.2587465419077648,508.0
0,1.0,1,1,0,0,0,0,1,0,0,0,0,1.5,2.0,2.0,3.0,28.0,17,13,16,5.0,5.0,5.0,5.0,5.0,4.92,4.69,1,0.14,1,148.0,90.0,2.579479377699421,283.2
0,3.0,1,1,0,1,0,1,0,0,0,0,0,1.0,1.0,2.0,1.0,30.0,15,0,0,-1.0,-1.0,-1.0,-1.0,-1.0,-1.0,-1.0,3,0.0,0,111.0,110.0,5.987394097083844,400.0
0,1.0,1,0,0,1,0,1,0,0,0,0,0,1.0,1.0,1.0,2.0,1125.0,83,187,133,4.72,4.81,4.53,4.89,4.75,4.95,4.61,1,2.06,1,90.0,90.0,1.6748073150986134,138.0
0,1.0,1,1,0,0,0,1,0,0,0,0,0,1.5,1.0,1.0,2.0,7.0,78,13,16,4.92,4.92,4.85,5.0,4.92,4.54,4.62,1,0.14,1,126.0,90.0,3.976207123396191,242.5
1,5.0,1,1,0,0,0,0,0,1,0,0,0,1.0,1.0,2.0,1.0,12.0,330,324,195,4.88,4.9,4.91,4.92,4.91,4.87,4.68,5,3.59,1,90.0,90.0,1.6529344796022651,326.0
1,5.0,1,1,0,0,0,0,0,0,0,1,0,1.0,2.0,3.0,1.0,12.0,343,1706,255,4.81,4.76,4.88,4.87,4.86,4.8,4.54,5,18.73,1,90.0,90.0,1.6529344796022651,389.0
0,23.0,1,1,0,1,0,1,0,0,0,0,0,1.0,1.0,1.0,1.0,7.0,232,65,39,4.82,4.86,4.89,4.86,4.91,4.77,4.55,23,0.73,1,94.0,94.0,3.0733410659521976,149.0
0,1.0,1,1,0,1,0,1,0,0,0,0,0,1.5,1.0,1.0,2.0,1125.0,78,165,255,4.5,4.5,4.42,4.85,4.62,4.84,4.26,1,2.9,1,91.0,88.0,0.8817616147650889,145.0
1,1.0,1,1,0,1,0,0,0,1,0,0,0,1.0,1.0,2.0,2.0,1125.0,7,530,255,4.94,4.96,4.97,4.98,4.98,4.8,4.8,1,5.83,1,143.0,89.0,2.90845497832273,173.5
1,48.0,1,1,0,0,0,1,0,0,0,0,0,1.0,1.0,1.0,4.0,1125.0,128,29,16,4.9,4.9,4.93,4.83,4.83,5.0,4.72,14,0.32,1,95.0,95.0,1.0200667868547377,364.36
0,4.0,1,1,0,1,0,1,0,0,0,0,0,1.0,1.0,1.0,1.0,1125.0,65,400,255,4.74,4.77,4.72,4.93,4.96,4.8,4.54,2,4.4,1,90.0,90.0,1.6054499476929285,165.47
0,1.0,1,1,0,0,0,1,0,0,0,0,0,1.0,1.0,2.0,2.0,7.0,3,26,55,4.85,4.81,4.77,4.92,5.0,5.0,4.62,1,0.29,1,132.0,90.0,1.838293525323648,165.5
1,1.0,1,1,0,0,0,0,0,1,0,0,0,1.0,2.0,2.0,1.0,14.0,79,163,255,4.94,4.92,4.96,4.97,4.98,4.82,4.77,1,1.84,1,165.0,165.0,2.2730724152542066,547.0
0,1.0,1,1,0,0,0,0,0,1,0,0,0,1.0,2.0,2.0,2.0,30.0,21,25,0,4.92,5.0,4.96,5.0,5.0,4.8,4.88,1,0.28,1,133.0,118.0,2.2017368437076854,479.33
1,2.0,1,1,0,0,0,0,0,1,0,0,0,1.5,2.0,2.0,3.0,21.0,203,19,62,4.95,5.0,4.89,5.0,5.0,4.95,4.74,1,0.21,1,118.0,89.0,2.7806185227126248,475.67
1,1.0,1,1,0,1,0,1,0,0,0,0,0,1.0,1.0,1.0,1.0,1125.0,141,412,255,4.96,4.92,4.98,4.95,4.97,4.92,4.79,1,4.53,1,165.0,89.0,1.2572190007842874,168.67
1,2.0,1,1,0,0,0,0,0,1,0,0,0,1.0,2.0,2.0,2.0,3.0,166,57,101,4.88,4.91,4.75,4.95,5.0,4.67,4.63,1,1.24,1,163.0,45.0,2.5374412953968153,405.69
1,1.0,1,1,0,1,0,1,0,0,0,0,0,1.0,1.0,2.0,2.0,1125.0,262,452,255,4.77,4.81,4.78,4.92,4.92,4.93,4.6,1,4.99,1,122.0,89.0,1.0159435318676957,154.5
0,1.0,1,1,0,0,0,0,0,1,0,0,0,1.0,3.0,4.0,3.0,30.0,17,15,8,5.0,5.0,5.0,4.87,5.0,4.8,4.73,1,0.17,1,153.0,89.0,3.8839433381574078,406.0
1,1.0,1,1,0,1,0,0,1,0,0,0,0,1.5,1.0,2.0,1.0,365.0,219,180,242,4.98,4.99,5.0,4.98,4.98,4.99,4.92,1,2.06,1,89.0,89.0,0.5671697550940747,399.0
1,1.0,1,1,0,0,0,0,0,1,0,0,0,1.0,2.0,2.0,3.0,1125.0,114,406,255,4.93,4.91,4.95,4.91,4.94,4.95,4.78,1,4.47,1,89.0,89.0,1.3289371911888077,380.33
1,1.0,1,1,0,0,0,0,0,1,0,0,0,1.0,2.0,2.0,2.0,1125.0,101,182,164,4.98,4.95,4.95,4.99,4.96,4.86,4.8,1,2.03,1,142.0,132.0,1.2040922900224047,460.33
0,1.0,1,1,0,0,0,1,0,0,0,0,0,1.5,1.0,1.0,3.0,30.0,153,20,0,4.95,4.95,4.85,5.0,4.95,5.0,4.7,1,0.23,1,146.0,97.0,2.541820572495793,239.67
0,8.0,1,1,0,1,0,1,0,0,0,0,0,1.5,1.0,1.0,1.0,365.0,323,450,255,4.62,4.74,4.69,4.78,4.54,4.92,4.46,2,4.98,1,92.0,92.0,1.553863950785364,123.0
1,2.0,1,1,0,1,0,1,0,0,0,0,0,1.0,1.0,1.0,1.0,1125.0,323,116,234,4.85,4.89,4.84,4.95,4.92,4.91,4.69,2,1.28,1,93.0,92.0,1.7754788793896275,206.78
1,2.0,1,1,0,1,0,1,0,0,0,0,0,1.0,1.0,1.0,1.0,1125.0,125,188,255,4.98,4.93,4.98,4.98,4.98,4.96,4.76,2,2.08,1,89.0,89.0,0.8432705654027796,165.47
0,1.0,1,1,0,0,0,1,0,0,0,0,0,1.0,1.0,1.0,2.0,730.0,2,18,8,5.0,4.94,4.83,5.0,5.0,5.0,4.94,1,0.21,1,152.0,89.0,1.8666633147821265,281.5
1,2.0,1,1,0,1,0,0,0,0,0,0,0,1.0,1.0,1.0,1.0,1125.0,155,181,203,4.96,4.97,4.97,4.99,4.99,4.99,4.86,2,2.0,1,89.0,89.0,0.8428780049479256,147.21
0,2.0,1,1,0,0,0,0,0,1,0,0,0,1.5,2.0,2.0,3.0,18.0,172,35,23,4.83,4.8,4.83,5.0,4.97,4.94,4.66,1,0.4,1,146.0,114.0,1.843194038747126,613.5
1,1.0,1,1,0,1,0,0,0,1,0,0,0,1.0,1.0,2.0,1.0,1125.0,254,533,255,4.89,4.88,4.91,4.94,4.96,4.94,4.7,1,5.92,1,106.0,106.0,1.3134908847844315,382.0
1,1.0,1,1,0,1,0,0,0,1,0,0,0,1.0,2.0,2.0,2.0,1125.0,86,107,218,4.69,4.66,4.79,4.58,4.67,4.92,4.49,1,1.2,1,131.0,119.0,1.1799343377249842,243.5
0,1.0,1,1,0,0,0,0,0,1,0,0,0,1.0,4.0,2.0,5.0,1125.0,187,21,0,4.62,4.76,4.0,4.95,5.0,5.0,4.67,1,0.25,1,163.0,85.0,2.021039189938659,351.6
0,2.0,1,1,0,0,0,0,0,1,0,0,0,1.0,2.0,5.0,2.0,1125.0,334,141,226,4.62,4.67,4.55,4.74,4.83,4.75,4.52,1,1.78,1,162.0,158.0,3.9651759224675276,313.83
1,2.0,1,1,0,1,0,0,0,1,0,0,0,1.5,2.0,2.0,3.0,500.0,39,179,242,4.94,4.89,4.88,4.95,4.95,4.95,4.68,2,2.0,1,145.0,145.0,1.1246202251166855,462.33
1,1.0,1,1,0,1,0,0,0,1,0,0,0,1.0,1.0,2.0,3.0,1125.0,118,171,255,4.9,4.95,4.84,4.96,4.98,4.77,4.65,1,1.91,1,89.0,88.0,5.368330345896367,168.33
1,2.0,1,1,0,1,0,1,0,0,0,0,0,1.0,1.0,1.0,1.0,1125.0,4,7,16,5.0,5.0,5.0,5.0,5.0,5.0,4.71,2,0.1,1,103.0,103.0,2.047612516449798,125.0
1,3.0,1,1,0,1,0,0,0,1,0,0,0,1.5,2.0,2.0,1.0,1125.0,260,356,255,4.95,4.95,4.88,4.97,4.93,4.84,4.74,2,4.01,1,106.0,88.0,3.655064409880193,443.0
1,1.0,1,1,0,1,0,0,0,1,0,0,0,1.0,2.0,2.0,2.0,1125.0,57,57,101,5.0,5.0,5.0,5.0,5.0,4.98,4.91,1,0.64,1,147.0,88.0,1.0428633765442754,314.0
1,1.0,1,1,0,0,0,1,0,0,0,0,0,1.0,1.0,1.0,1.0,1125.0,252,349,255,4.93,4.96,4.98,4.96,4.93,4.97,4.82,1,3.89,1,88.0,88.0,1.1884068092744957,252.0
1,2.0,1,1,1,0,0,1,0,0,0,0,0,1.0,1.0,1.0,1.0,365.0,229,337,255,4.93,4.93,4.95,4.94,4.9,4.96,4.83,2,3.97,1,88.0,88.0,0.2743123405845295,271.0
0,1.0,1,1,0,0,0,1,0,0,0,0,0,1.5,1.0,1.0,3.0,40.0,71,3,16,5.0,5.0,5.0,5.0,5.0,5.0,4.67,1,0.14,1,140.0,33.0,1.045736591613155,378.25
0,1.0,1,0,0,1,0,0,0,1,0,0,0,2.0,2.0,2.0,1.0,1125.0,92,415,255,4.59,4.65,4.51,4.72,4.67,4.94,4.47,1,4.66,1,107.0,106.0,0.9176601675526814,430.0
1,1.0,1,1,0,1,0,0,1,0,0,0,0,1.0,1.0,2.0,2.0,1125.0,179,210,255,4.81,4.79,4.79,4.96,4.97,4.96,4.63,1,2.34,1,144.0,88.0,1.2045111345574295,188.0
1,1.0,1,1,0,1,0,1,0,0,0,0,0,1.0,0.0,1.0,1.0,1125.0,145,109,255,4.9,4.79,4.7,4.94,4.95,4.94,4.7,1,1.22,1,88.0,88.0,1.5256735106719082,117.0
1,1.0,1,1,0,0,0,1,0,0,0,0,0,0.5,1.0,1.0,2.0,30.0,165,97,164,4.87,4.88,4.82,4.95,4.88,4.86,4.68,1,1.18,1,154.0,153.0,4.151290008867372,194.0
1,1.0,1,1,0,1,0,1,0,0,0,0,0,1.0,1.0,1.0,2.0,1125.0,105,101,255,4.87,4.89,4.96,4.91,4.97,4.93,4.7,1,1.13,1,129.0,129.0,3.5201229789178,148.5
1,1.0,1,1,0,0,0,1,0,0,0,0,0,1.0,1.0,2.0,2.0,1125.0,23,214,255,4.99,4.97,4.97,5.0,5.0,4.91,4.91,1,2.42,1,88.0,87.0,3.7745488401732987,196.0
0,1.0,1,1,0,1,0,0,0,1,0,0,0,1.0,2.0,1.0,2.0,1125.0,162,64,16,4.72,4.78,4.55,4.81,4.77,4.56,4.58,1,0.72,1,88.0,88.0,5.357598851939202,223.0
1,1.0,1,1,0,1,0,1,0,0,0,0,0,1.0,1.0,1.0,2.0,1125.0,66,312,255,4.91,4.94,4.89,4.95,4.93,4.97,4.81,1,3.49,1,98.0,89.0,0.5010621319712236,261.0
1,48.0,1,1,0,0,1,0,0,1,0,0,0,1.0,2.0,4.0,3.0,30.0,114,75,101,4.91,4.89,4.8,4.95,4.92,5.0,4.61,14,0.85,1,95.0,95.0,1.3070444641250782,680.79
1,1.0,1,1,0,0,0,0,0,1,0,0,0,1.5,1.0,2.0,2.0,21.0,110,313,255,4.99,4.98,5.0,5.0,4.99,4.99,4.88,1,3.57,1,137.0,87.0,1.0439003129640725,457.91
0,1.0,1,1,0,0,0,0,0,1,0,0,0,1.0,3.0,5.0,1.0,7.0,244,28,39,4.93,4.96,4.93,4.96,4.96,4.82,4.86,1,0.32,1,92.0,88.0,5.679566236537859,444.0
0,1.0,1,1,0,0,0,1,0,0,0,0,0,1.0,1.0,1.0,4.0,10.0,117,2,0,5.0,5.0,5.0,5.0,5.0,5.0,5.0,1,0.14,1,163.0,26.0,1.9446443212777274,225.5
1,1.0,1,1,0,1,0,1,0,0,0,0,0,1.0,1.0,1.0,2.0,3.0,117,115,117,4.94,4.94,4.97,4.97,5.0,4.98,4.79,1,1.34,1,120.0,120.0,1.5398795907473062,242.5
0,2.0,1,1,0,1,0,1,0,0,0,0,0,1.0,1.0,1.0,1.0,1125.0,219,382,255,4.8,4.76,4.69,4.79,4.92,4.92,4.64,2,4.28,1,88.0,88.0,1.0828943965787552,172.0
1,5.0,1,1,0,0,0,1,0,0,0,0,0,1.0,1.0,1.0,7.0,28.0,364,67,255,4.84,4.79,4.79,4.94,4.81,4.91,4.52,5,0.81,1,88.0,88.0,1.395893964633048,209.71
1,5.0,1,1,0,0,0,1,0,0,0,0,0,1.0,1.0,1.0,7.0,28.0,359,141,255,4.87,4.76,4.89,4.91,4.86,4.92,4.68,5,1.82,1,88.0,88.0,1.395893964633048,124.07
1,5.0,1,1,0,0,0,1,0,0,0,0,0,2.0,1.0,2.0,7.0,28.0,361,4,56,4.75,4.5,5.0,4.75,4.75,4.75,4.25,5,0.37,1,88.0,88.0,1.395893964633048,325.57
1,5.0,1,1,0,0,0,0,0,0,0,1,0,2.0,1.0,3.0,7.0,28.0,240,3,0,4.33,4.67,4.67,4.67,4.67,5.0,5.0,5,0.04,1,88.0,88.0,1.395893964633048,425.57
1,5.0,1,1,0,0,0,0,0,0,0,1,0,2.0,1.0,3.0,7.0,28.0,311,14,14,4.71,4.71,4.71,4.79,4.64,4.86,4.64,5,0.16,1,88.0,88.0,1.395893964633048,526.57
0,1.0,1,1,0,0,0,1,0,0,0,0,0,1.0,1.0,1.0,3.0,8.0,124,22,31,4.82,4.86,4.82,4.95,4.91,4.82,4.73,1,0.25,1,119.0,88.0,1.7579226995852524,245.67
0,2.0,1,1,0,0,0,0,0,1,0,0,0,1.0,1.0,2.0,1.0,31.0,47,98,234,4.66,4.69,4.62,4.77,4.68,4.88,4.36,2,1.11,1,88.0,88.0,1.0987345983584844,228.24
0,2.0,1,1,0,1,0,1,0,0,0,0,0,1.0,1.0,1.0,1.0,1000.0,178,1,0,5.0,5.0,4.0,5.0,4.0,5.0,5.0,2,0.02,1,88.0,87.0,0.7835863567515874,275.0
0,2.0,1,1,0,1,0,1,0,0,0,0,0,1.0,1.0,1.0,1.0,1000.0,155,9,0,5.0,5.0,5.0,5.0,4.89,5.0,4.89,2,0.14,1,88.0,87.0,0.6743961283298665,310.0
1,2.0,1,1,0,0,0,0,0,1,0,0,0,1.0,2.0,3.0,2.0,1125.0,153,112,133,4.81,4.81,4.91,4.97,4.97,4.91,4.55,2,1.26,1,88.0,88.0,1.3859051494892396,322.33
1,2.0,1,1,0,1,0,0,1,0,0,0,0,1.0,1.0,3.0,2.0,1125.0,179,62,148,4.85,4.82,4.85,4.95,4.97,4.85,4.63,2,0.72,1,88.0,88.0,1.3709055519892348,249.5
0,1.0,1,1,0,0,0,0,0,1,0,0,0,1.0,2.0,2.0,4.0,4.0,26,19,8,5.0,5.0,4.95,5.0,4.95,5.0,4.68,1,0.21,1,139.0,87.0,1.6350677256791792,383.75
1,2.0,1,1,0,0,0,0,0,1,0,0,0,1.0,2.0,4.0,2.0,1125.0,223,298,255,4.95,4.96,4.92,4.95,4.96,4.95,4.81,1,3.38,1,114.0,112.0,1.2029115889874797,485.0
1,1.0,1,1,0,0,0,0,0,1,0,0,0,1.0,2.0,2.0,2.0,730.0,18,80,117,4.86,4.88,4.98,4.94,4.89,4.8,4.71,1,0.99,1,87.0,81.0,2.4548572772687116,484.0
0,2.0,1,1,0,1,0,1,0,0,0,0,0,1.0,1.0,1.0,2.0,1125.0,335,46,39,4.63,4.61,4.78,4.65,4.7,4.91,4.57,2,0.52,1,91.0,87.0,1.631545967384836,136.5
0,2.0,1,1,0,1,0,1,0,0,0,0,0,1.0,1.0,1.0,2.0,1125.0,321,112,125,4.87,4.87,4.83,4.79,4.81,4.92,4.71,2,1.29,1,91.0,87.0,1.738608995086339,136.5
0,23.0,1,1,0,1,0,1,0,0,0,0,0,1.0,1.0,1.0,1.0,7.0,247,59,39,4.69,4.76,4.69,4.63,4.69,4.69,4.41,23,0.67,1,94.0,94.0,3.1834023197668206,166.0
0,1.0,1,1,0,0,0,0,1,0,0,0,0,1.0,1.0,2.0,7.0,1125.0,167,6,0,5.0,5.0,4.83,5.0,4.67,4.67,4.5,1,0.07,1,119.0,117.0,1.6939783472097638,315.17
1,1.0,1,1,0,1,0,1,0,0,0,0,0,1.0,1.0,1.0,3.0,10.0,113,161,255,4.95,4.96,4.96,4.99,5.0,4.89,4.84,1,1.82,1,105.0,105.0,3.465906372354228,150.67
0,1.0,1,1,0,0,0,0,0,1,0,0,0,1.5,2.0,3.0,1.0,6.0,50,13,0,5.0,5.0,4.92,5.0,4.92,4.46,4.62,1,0.15,1,166.0,87.0,3.017773926629722,271.5
1,2.0,1,1,0,1,0,1,0,0,0,0,0,1.5,1.0,1.0,3.0,14.0,247,18,0,4.89,4.94,4.94,4.94,5.0,4.56,4.72,2,0.21,1,148.0,87.0,3.6739046123430175,194.0
0,2.0,1,1,0,1,0,1,0,0,0,0,0,1.0,1.0,1.0,1.0,1125.0,170,13,0,4.92,5.0,5.0,4.77,4.85,5.0,5.0,2,0.15,1,132.0,130.0,0.779602809294278,418.0
0,1.0,1,1,0,0,0,0,0,1,0,0,0,2.0,4.0,5.0,1.0,10.0,15,0,0,-1.0,-1.0,-1.0,-1.0,-1.0,-1.0,-1.0,1,0.0,0,142.0,25.0,3.0508955102240116,329.17
0,2.0,1,1,0,1,0,1,0,0,0,0,0,1.0,1.0,2.0,1.0,1125.0,69,148,203,4.84,4.82,4.91,4.91,4.9,4.9,4.72,2,1.67,1,91.0,91.0,2.2776729864586547,201.33
0,1.0,1,1,0,0,0,0,0,1,0,0,0,1.5,2.0,2.0,3.0,14.0,145,21,31,4.9,4.9,4.95,4.95,4.95,4.81,4.67,1,0.37,1,103.0,57.0,2.2758093865893625,589.67
0,1.0,1,1,0,0,0,1,0,0,0,0,0,1.5,1.0,1.0,2.0,12.0,318,10,23,4.9,4.9,4.7,5.0,4.9,4.9,4.7,1,0.28,1,87.0,36.0,2.221988548391012,514.0
0,2.0,1,1,0,1,0,1,0,0,0,0,0,1.0,1.0,1.0,2.0,1125.0,168,479,255,4.81,4.87,4.68,4.92,4.96,4.91,4.71,2,5.48,1,87.0,86.0,1.228963969951301,171.18
0,23.0,1,1,1,0,0,1,0,0,0,0,0,1.0,1.0,1.0,1.0,7.0,283,2,0,5.0,5.0,5.0,5.0,5.0,5.0,3.0,23,0.02,1,94.0,94.0,1.03024454543948,700.0
0,1.0,1,1,0,0,0,0,0,1,0,0,0,2.0,4.0,4.0,3.0,365.0,182,9,23,4.89,5.0,5.0,5.0,5.0,4.78,4.89,1,0.45,1,146.0,108.0,7.104213032541851,512.67
0,1.0,1,1,0,0,0,1,0,0,0,0,0,1.5,3.0,3.0,3.0,1125.0,59,7,0,5.0,5.0,4.86,5.0,5.0,4.86,5.0,1,0.08,1,143.0,117.0,3.193608915180394,245.67
1,1.0,1,1,0,1,0,1,0,0,0,0,0,1.0,1.0,1.0,2.0,1125.0,63,526,255,4.92,4.96,4.94,4.95,4.98,4.8,4.78,1,5.95,1,153.0,107.0,2.1733803916909027,108.5
0,1.0,1,1,0,0,0,1,0,0,0,0,0,1.0,1.0,1.0,1.0,30.0,71,12,62,4.58,4.42,4.08,4.92,4.83,4.92,4.33,1,0.14,1,131.0,82.0,3.162685841237385,205.5
1,1.0,1,1,0,1,0,1,0,0,0,0,0,1.0,1.0,1.0,1.0,1125.0,273,198,70,4.96,4.94,4.87,4.96,4.96,4.73,4.81,1,2.26,1,132.0,86.0,4.093507259591836,206.0
0,1.0,1,1,0,0,0,0,0,1,0,0,0,2.0,5.0,5.0,1.0,1125.0,72,25,16,5.0,4.96,5.0,5.0,5.0,4.92,4.92,1,0.29,1,119.0,115.0,3.602454842285181,780.4
0,1.0,1,1,0,1,0,0,0,0,0,0,0,1.0,1.0,1.0,1.0,1125.0,44,100,203,4.95,4.91,4.84,4.98,4.96,4.87,4.77,1,2.21,1,150.0,150.0,1.755803085954486,99.33
0,1.0,1,1,0,0,0,1,0,0,0,0,0,1.0,1.0,1.0,3.0,30.0,10,13,47,4.92,5.0,4.85,5.0,4.92,4.62,4.62,1,0.17,1,143.0,81.0,3.2378690462464568,231.67
0,2.0,1,1,0,0,0,0,0,1,0,0,0,1.5,1.0,2.0,3.0,365.0,30,5,39,4.4,4.4,4.8,5.0,5.0,5.0,4.6,1,0.45,1,194.0,153.0,4.684608036250456,182.67
0,1.0,1,1,0,0,0,0,0,1,0,0,0,1.5,2.0,2.0,1.0,1125.0,20,27,0,5.0,5.0,4.96,5.0,5.0,4.96,4.74,1,0.31,1,142.0,110.0,1.5314711356884778,682.0
0,1.0,1,1,0,0,0,0,0,1,0,0,0,1.0,4.0,4.0,2.0,30.0,13,7,23,4.71,4.86,4.71,5.0,4.71,4.57,4.43,1,0.08,1,179.0,179.0,2.4786928745420775,403.33
0,2.0,1,1,0,0,0,1,0,0,0,0,0,1.0,1.0,1.0,4.0,60.0,38,28,24,5.0,4.96,4.93,4.93,5.0,4.93,4.86,2,0.32,1,126.0,120.0,1.466183030542542,239.75
0,1.0,1,1,0,0,0,1,0,0,0,0,0,1.0,1.0,1.0,4.0,250.0,350,4,0,5.0,5.0,5.0,5.0,5.0,5.0,4.5,1,0.09,1,115.0,45.0,1.680571738817253,548.0
0,1.0,1,1,0,0,0,0,0,1,0,0,0,1.5,2.0,3.0,4.0,30.0,303,12,8,4.83,4.92,4.92,5.0,5.0,4.92,4.58,1,0.14,1,132.0,132.0,2.2734468635700207,593.5
1,1.0,1,1,0,1,0,0,1,0,0,0,0,1.0,1.0,2.0,2.0,1125.0,59,207,218,4.91,4.92,4.92,4.99,4.99,4.82,4.76,1,2.39,1,138.0,86.0,3.1984093642357885,162.5
1,3.0,1,1,0,1,0,1,0,0,0,0,0,1.5,1.0,1.0,1.0,1125.0,340,96,117,4.81,4.77,4.7,4.88,4.88,4.8,4.59,3,1.1,1,167.0,117.0,2.6117671402715597,204.5
1,3.0,1,1,0,1,0,1,0,0,0,0,0,1.5,1.0,1.0,1.0,1125.0,338,108,255,4.84,4.81,4.81,4.9,4.86,4.8,4.61,3,1.23,1,167.0,117.0,2.6117671402715597,237.0
1,2.0,1,1,0,0,0,0,0,1,0,0,0,1.0,2.0,2.0,3.0,1125.0,163,74,23,4.86,4.82,4.88,4.89,4.93,4.9,4.66,2,0.85,1,154.0,154.0,0.734782279749897,468.0
0,1.0,1,1,0,0,0,1,0,0,0,0,0,1.0,1.0,1.0,3.0,14.0,48,9,16,4.33,4.78,4.0,4.78,4.89,4.44,3.67,1,0.43,1,117.0,31.0,3.6374492228964397,202.33
0,1.0,1,1,0,0,0,0,0,1,0,0,0,1.5,5.0,7.0,4.0,30.0,13,11,24,4.82,4.9,4.91,4.82,4.9,4.6,4.7,1,0.13,1,86.0,85.0,4.7141560095002655,276.2
0,5.0,1,1,1,0,0,0,0,1,0,0,0,1.0,1.0,3.0,1.0,1125.0,144,210,250,4.67,4.68,4.71,4.83,4.8,4.73,4.53,5,2.6,1,87.0,85.0,1.8236496948741576,179.0
0,1.0,1,1,0,1,0,0,0,1,0,0,0,1.0,2.0,4.0,2.0,1125.0,209,291,255,4.49,4.62,4.43,4.8,4.79,4.88,4.23,1,3.32,1,86.0,86.0,0.7838666949669895,176.31
1,1.0,1,1,0,0,0,1,0,0,0,0,0,1.0,1.0,1.0,2.0,1125.0,198,435,255,4.93,4.9,4.94,4.97,4.98,4.74,4.73,1,5.01,1,121.0,85.0,2.8083726021508393,136.94
1,1.0,1,1,0,1,0,1,0,0,0,0,0,1.5,1.0,1.0,1.0,1125.0,292,405,255,4.96,4.92,4.95,4.99,4.98,4.97,4.82,1,4.66,1,128.0,86.0,0.10137161082469809,170.04
0,1.0,1,1,0,0,0,0,0,1,0,0,0,1.0,2.0,2.0,4.0,730.0,132,8,0,4.88,4.88,4.63,4.63,4.88,4.88,4.25,1,0.09,1,162.0,162.0,7.292918543460541,326.75
1,1.0,1,1,0,1,0,1,0,0,0,0,0,1.0,1.0,2.0,1.0,7.0,26,120,125,4.98,4.98,4.98,4.99,4.99,4.98,4.83,1,1.38,1,86.0,86.0,0.4681981111292478,211.33
0,4.0,1,1,0,0,0,0,0,1,0,0,0,1.0,1.0,1.0,1.0,999.0,355,0,0,-1.0,-1.0,-1.0,-1.0,-1.0,-1.0,-1.0,4,0.0,0,86.0,86.0,3.3557950998516306,599.0
0,4.0,1,1,0,0,0,1,0,0,0,0,0,1.0,1.0,1.0,1.0,999.0,346,0,0,-1.0,-1.0,-1.0,-1.0,-1.0,-1.0,-1.0,4,0.0,0,86.0,86.0,3.5003743699082754,237.6
0,6.0,1,1,0,1,0,1,0,0,0,0,0,1.0,1.0,2.0,1.0,1125.0,346,563,255,4.54,4.65,4.65,4.72,4.65,4.77,4.35,6,6.69,1,99.0,99.0,0.5217771232713124,80.0
0,1.0,1,1,0,0,0,0,0,1,0,0,0,2.5,3.0,4.0,1.0,1125.0,25,17,31,4.88,4.82,4.82,4.82,4.88,4.76,4.82,1,0.34,1,128.0,48.0,5.303772502550719,325.25
0,1.0,1,1,0,0,0,0,0,0,1,0,0,3.5,4.0,5.0,3.0,20.0,18,3,0,5.0,5.0,5.0,5.0,5.0,5.0,5.0,1,0.03,1,86.0,85.0,7.452172725050232,327.14
1,3.0,1,1,0,0,0,0,0,1,0,0,0,2.0,2.0,2.0,1.0,1125.0,365,64,23,4.81,4.41,4.88,4.81,4.88,4.94,4.42,3,0.75,1,146.0,131.0,1.3112268345769718,656.0
0,5.0,1,1,0,1,0,0,1,0,0,0,0,1.0,1.0,2.0,1.0,365.0,340,231,218,4.62,4.68,4.71,4.79,4.73,4.66,4.43,5,2.8,1,87.0,85.0,1.80410462163474,147.0
1,1.0,1,1,0,1,0,1,0,0,0,0,0,1.0,1.0,1.0,1.0,1125.0,225,351,255,4.99,4.99,4.98,4.99,4.99,5.0,4.91,1,4.03,1,85.0,85.0,1.0856998292231017,179.16
0,3.0,1,1,0,1,0,1,0,0,0,0,0,1.0,1.0,1.0,1.0,1125.0,65,305,255,4.85,4.83,4.8,4.86,4.88,4.64,4.62,2,3.5,1,96.0,96.0,3.2591258881171066,99.28
0,1.0,1,1,0,0,0,0,0,1,0,0,0,1.5,3.0,2.0,2.0,19.0,35,32,47,5.0,5.0,4.91,5.0,5.0,4.72,4.69,1,0.37,1,86.0,85.0,3.100185929304353,564.0
0,5.0,1,1,0,1,0,1,0,0,0,0,0,1.0,1.0,1.0,1.0,1125.0,359,40,0,4.73,4.78,4.83,4.88,4.85,4.83,4.65,5,0.48,1,87.0,85.0,1.80410462163474,147.0
1,1.0,1,1,1,0,0,0,0,1,0,0,0,1.0,2.0,2.0,1.0,1125.0,255,334,255,4.85,4.89,4.8,4.94,4.93,4.82,4.66,1,3.9,1,147.0,85.0,2.9387759797431796,307.0
0,5.0,1,1,0,1,0,0,0,1,0,0,0,1.0,1.0,2.0,1.0,365.0,331,124,133,4.54,4.65,4.54,4.73,4.68,4.59,4.44,5,1.5,1,87.0,85.0,1.80410462163474,170.0
0,3.0,1,1,0,1,0,1,0,0,0,0,0,1.0,1.0,1.0,1.0,1125.0,54,240,255,4.78,4.81,4.76,4.9,4.79,4.59,4.59,2,2.76,1,96.0,96.0,3.310591435987948,110.69
0,1.0,1,1,0,0,0,0,0,1,0,0,0,1.0,2.0,2.0,4.0,1125.0,65,29,40,4.97,4.97,4.79,5.0,5.0,4.86,4.83,1,0.34,1,85.0,85.0,3.3689837631099375,348.5
0,1.0,1,1,0,0,0,0,1,0,0,0,0,1.0,2.0,2.0,1.0,4.0,101,33,62,4.39,4.45,4.24,4.82,4.88,4.39,4.06,1,0.39,1,146.0,85.0,3.109295150923198,229.0
0,1.0,1,1,0,0,0,0,1,0,0,0,0,1.0,2.0,2.0,3.0,15.0,54,9,31,4.78,4.89,5.0,5.0,5.0,4.22,4.22,1,0.23,1,142.0,38.0,2.3769645117451765,435.55
0,1.0,1,1,0,0,0,0,0,1,0,0,0,2.0,2.0,2.0,2.0,14.0,12,46,62,4.96,4.93,5.0,4.89,4.93,4.83,4.78,1,0.54,1,124.0,87.0,2.7677696422174067,525.0
1,1.0,1,1,0,1,0,1,0,0,0,0,0,1.0,1.0,1.0,1.0,7.0,6,39,55,4.95,4.97,4.97,5.0,4.97,4.97,4.85,1,1.2,1,141.0,131.0,0.3823175724852758,192.0
0,1.0,1,1,0,1,0,1,0,0,0,0,0,1.0,1.0,1.0,2.0,1125.0,97,357,255,4.71,4.74,4.69,4.69,4.71,4.97,4.61,1,4.14,1,85.0,85.0,0.468515901561543,184.0
0,1.0,1,1,0,0,0,0,1,0,0,0,0,1.0,1.0,1.0,3.0,14.0,9,19,47,4.95,4.95,4.68,5.0,5.0,4.95,4.74,1,0.22,1,164.0,156.0,2.1343865159056317,228.33
0,1.0,1,1,0,1,0,1,0,0,0,0,0,1.5,1.0,2.0,1.0,3.0,58,8,23,5.0,5.0,5.0,4.75,5.0,4.88,4.63,1,0.09,1,160.0,160.0,6.669474875076372,180.0
1,2.0,1,1,0,1,0,1,0,0,0,0,0,1.5,1.0,1.0,1.0,110.0,132,271,255,4.91,4.91,4.83,4.96,4.96,4.8,4.74,1,3.18,1,167.0,86.0,3.52720508197003,166.0
0,1.0,1,1,0,0,0,0,0,1,0,0,0,1.5,2.0,1.0,2.0,1125.0,16,16,16,5.0,4.88,4.81,4.94,4.94,4.81,4.75,1,0.43,1,125.0,37.0,1.9427567089241486,371.5
1,2.0,1,1,0,0,0,1,0,0,0,0,0,1.5,1.0,1.0,3.0,1125.0,98,46,55,4.98,4.91,4.87,4.91,4.98,4.76,4.72,2,0.53,1,148.0,87.0,3.5636286465408666,292.75
1,1.0,1,1,0,1,0,0,0,1,0,0,0,1.5,1.0,4.0,1.0,700.0,261,222,255,4.77,4.76,4.79,4.91,4.79,4.7,4.56,1,5.37,1,155.0,144.0,6.8703333865348295,173.46
1,2.0,1,1,0,1,0,1,0,0,0,0,0,1.0,1.0,1.0,2.0,1125.0,39,384,255,4.89,4.88,4.84,4.96,4.95,4.85,4.68,1,4.45,1,147.0,132.0,2.1540779963386316,249.67
1,3.0,1,1,0,0,0,1,0,0,0,0,0,1.0,1.0,1.0,1.0,1125.0,267,180,195,4.92,4.93,4.97,4.98,4.97,4.98,4.74,3,2.13,1,179.0,85.0,0.5796574198914984,281.24
1,1.0,1,1,0,0,0,0,0,1,0,0,0,2.0,2.0,3.0,2.0,180.0,301,353,255,4.85,4.82,4.9,4.91,4.94,4.87,4.65,1,4.12,1,141.0,141.0,1.1140338254600441,462.0
0,1.0,1,1,0,0,0,0,1,0,0,0,0,1.0,1.0,1.0,2.0,18.0,18,6,8,5.0,4.83,4.83,5.0,4.83,4.5,4.5,1,0.07,1,160.0,106.0,3.108744773297552,278.0
0,1.0,1,1,0,0,0,1,0,0,0,0,0,1.0,1.0,1.0,1.0,730.0,11,30,78,4.97,4.97,4.83,4.97,4.97,4.97,4.93,1,0.35,1,85.0,85.0,1.9458428363534168,262.6
1,1.0,1,1,0,1,0,0,0,1,0,0,0,1.0,2.0,3.0,2.0,730.0,24,274,255,4.87,4.86,4.86,4.92,4.96,4.91,4.67,1,3.25,1,85.0,84.0,1.0717298097417918,333.0
0,1.0,1,1,0,0,0,0,0,1,0,0,0,1.5,2.0,2.0,1.0,7.0,75,18,47,4.94,5.0,4.78,5.0,5.0,4.89,4.89,1,0.21,1,90.0,84.0,2.6922932536877373,285.5
0,1.0,1,1,0,0,0,1,0,0,0,0,0,1.0,1.0,1.0,7.0,31.0,243,3,0,5.0,4.67,4.0,5.0,5.0,4.67,4.33,1,0.04,1,84.0,84.0,1.841889920186484,237.86
0,1.0,1,1,0,0,0,0,1,0,0,0,0,1.0,2.0,1.0,2.0,17.0,8,9,23,5.0,5.0,4.89,5.0,5.0,4.89,5.0,1,0.11,1,145.0,142.0,1.893524761187951,451.0
0,1.0,1,1,0,0,0,0,0,1,0,0,0,2.5,3.0,3.0,7.0,1125.0,19,6,0,4.67,5.0,5.0,5.0,5.0,4.67,5.0,1,0.07,1,169.0,167.0,8.460640383806256,289.31
0,1.0,1,1,0,0,0,0,0,1,0,0,0,1.0,1.0,2.0,2.0,10.0,53,4,0,5.0,5.0,5.0,5.0,5.0,5.0,4.75,1,0.05,1,95.0,84.0,2.5249470534710605,273.0
0,2.0,1,1,0,0,0,0,0,1,0,0,0,1.0,2.0,2.0,2.0,7.0,132,42,0,4.79,4.9,4.95,4.86,4.93,4.93,4.64,2,0.52,1,113.0,81.0,0.6504422479646411,600.5
1,2.0,1,1,0,1,0,1,0,0,0,0,0,1.0,1.0,1.0,2.0,1125.0,31,233,255,4.92,4.95,4.96,4.96,4.96,4.85,4.79,1,2.73,1,84.0,84.0,4.16672230711756,154.5
0,1.0,1,1,0,0,0,0,0,0,0,1,0,1.5,4.0,5.0,3.0,1125.0,84,22,8,4.73,4.82,4.68,4.82,4.86,4.86,4.5,1,0.26,1,129.0,84.0,6.295551621786097,458.67
1,2.0,1,1,0,1,0,1,0,0,0,0,0,1.5,1.0,1.0,2.0,15.0,110,204,255,4.88,4.87,4.81,4.88,4.9,4.62,4.72,2,2.39,1,101.0,101.0,5.247660699462847,79.88
1,1.0,1,0,0,0,0,0,0,1,0,0,0,1.5,1.0,2.0,1.0,8.0,81,294,255,4.85,4.89,4.75,4.93,4.93,4.95,4.62,1,3.46,1,147.0,106.0,1.193841963039064,416.0
0,1.0,1,1,0,0,0,0,1,0,0,0,0,1.0,2.0,2.0,3.0,1125.0,20,10,8,4.9,4.9,4.8,5.0,5.0,4.8,4.7,1,0.12,1,182.0,118.0,3.6798204199701776,247.33
0,1.0,1,1,0,0,0,0,0,1,0,0,0,1.0,2.0,3.0,3.0,21.0,225,4,0,5.0,5.0,5.0,5.0,5.0,5.0,4.75,1,0.05,1,128.0,128.0,2.257595782223447,422.33
0,23.0,1,1,1,0,0,1,0,0,0,0,0,1.0,1.0,1.0,1.0,7.0,227,63,101,4.78,4.81,4.79,4.79,4.92,4.73,4.52,23,0.75,1,94.0,94.0,1.7263608966316732,162.0
0,1.0,1,1,0,0,0,1,0,0,0,0,0,1.0,1.0,1.0,3.0,9.0,3,30,8,4.77,4.93,4.8,5.0,4.97,4.87,4.6,1,0.35,1,117.0,117.0,2.321359411493379,247.33
0,1.0,1,1,0,0,0,0,0,0,0,1,0,1.5,4.0,2.0,3.0,365.0,30,3,8,5.0,5.0,5.0,5.0,5.0,4.67,5.0,1,0.11,1,147.0,147.0,8.016309310555283,361.0
0,1.0,1,1,0,0,0,0,0,0,1,0,0,2.5,4.0,4.0,5.0,21.0,16,13,10,5.0,5.0,5.0,4.92,5.0,5.0,4.85,1,0.15,1,84.0,84.0,1.2811956822964963,724.8
0,1.0,1,1,0,0,0,0,0,0,0,1,0,1.5,3.0,4.0,1.0,30.0,18,22,31,4.95,4.91,4.91,4.91,5.0,4.68,4.73,1,0.26,1,155.0,129.0,5.502923230502995,311.0
0,1.0,1,1,0,0,0,1,0,0,0,0,0,1.0,1.0,1.0,2.0,365.0,6,19,47,4.95,4.95,4.95,4.95,5.0,4.84,4.84,1,0.6,1,123.0,32.0,1.2319015278966503,368.5
0,1.0,1,1,0,0,0,0,0,1,0,0,0,1.0,1.0,2.0,1.0,32.0,4,7,0,5.0,4.71,4.57,4.86,5.0,4.57,4.57,1,0.08,1,86.0,84.0,2.4617800454365897,423.0
0,1.0,1,1,0,0,0,0,0,1,0,0,0,1.0,4.0,2.0,2.0,9.0,4,15,23,5.0,4.87,5.0,5.0,5.0,4.87,5.0,1,0.18,1,134.0,84.0,2.6660762508980005,593.5
1,2.0,1,1,0,1,0,1,0,0,0,0,0,1.0,1.0,2.0,2.0,10.0,36,161,125,4.89,4.92,4.93,4.93,4.93,4.87,4.76,2,1.89,1,84.0,84.0,3.283871939192662,139.0
0,24.0,1,1,0,1,0,1,0,0,0,0,0,1.0,1.0,1.0,1.0,10.0,246,87,8,4.38,4.56,4.51,4.61,4.63,4.55,4.23,24,1.1,1,86.0,85.0,2.1012845280320467,176.0
0,1.0,1,1,0,0,0,1,0,0,0,0,0,1.0,1.0,1.0,4.0,28.0,290,13,8,4.92,4.92,4.77,5.0,4.92,4.92,4.69,1,0.27,1,131.0,84.0,1.7895547983545799,355.25
0,1.0,1,1,0,0,0,1,0,0,0,0,0,1.0,1.0,1.0,3.0,1125.0,3,18,0,4.83,4.83,4.56,4.83,4.89,4.89,4.67,1,0.22,1,118.0,81.0,1.7451894570329443,274.0
0,1.0,1,1,0,0,0,0,0,1,0,0,0,1.5,2.0,6.0,2.0,1125.0,33,60,47,4.95,4.9,4.85,4.87,4.98,4.63,4.77,1,0.71,1,143.0,143.0,5.099634068435016,325.5
1,1.0,1,1,0,1,0,0,0,1,0,0,0,1.0,2.0,3.0,1.0,730.0,127,377,255,4.88,4.86,4.9,4.93,4.9,4.76,4.69,1,4.45,1,110.0,107.0,2.435864073877984,125.0
0,1.0,1,1,0,0,0,0,0,1,0,0,0,1.0,3.0,2.0,2.0,1125.0,3,26,39,4.81,4.92,4.77,5.0,5.0,4.88,4.65,1,0.31,1,133.0,83.0,1.5752902701061517,548.0
0,24.0,1,1,0,1,0,1,0,0,0,0,0,1.0,1.0,1.0,1.0,10.0,246,124,16,4.22,4.25,4.4,4.61,4.44,4.64,3.98,24,1.47,1,86.0,85.0,2.186747898316557,173.0
0,24.0,1,1,0,1,0,0,0,1,0,0,0,1.0,1.0,3.0,1.0,10.0,253,162,39,4.43,4.61,4.45,4.69,4.62,4.65,4.29,24,1.93,1,86.0,85.0,2.2105968125570112,218.0
1,2.0,1,1,0,0,0,0,0,1,0,0,0,1.5,2.0,2.0,2.0,730.0,10,55,78,4.84,4.87,4.53,4.93,5.0,4.93,4.69,1,0.66,1,91.0,84.0,1.6535445370812285,335.0
0,1.0,1,1,0,0,0,0,1,0,0,0,0,1.0,2.0,2.0,3.0,30.0,4,26,55,4.88,4.92,4.96,4.92,4.96,4.73,4.69,1,0.31,1,84.0,84.0,2.9783971415620254,255.0
0,1.0,1,1,0,0,0,1,0,0,0,0,0,1.0,1.0,1.0,4.0,1125.0,15,27,40,4.89,4.85,4.78,4.63,5.0,4.93,4.67,1,0.55,1,189.0,82.0,0.9099027757134249,399.5
1,1.0,1,1,0,1,0,0,0,0,0,0,0,1.0,1.0,1.0,1.0,1125.0,33,117,187,4.9,4.95,4.86,4.99,4.93,4.93,4.79,1,1.39,1,154.0,83.0,3.3468502134046507,166.0
0,1.0,1,1,0,0,0,0,0,1,0,0,0,2.0,3.0,3.0,3.0,14.0,163,21,16,4.95,4.9,4.86,4.9,5.0,4.67,4.81,1,0.25,1,146.0,83.0,4.782571764966433,280.67
0,24.0,1,1,0,0,1,0,0,0,0,0,0,1.0,1.0,1.0,1.0,10.0,207,1773,47,4.5,4.66,4.58,4.65,4.57,4.57,4.43,24,20.84,1,86.0,85.0,2.1733997327138432,46.0
0,1.0,1,1,0,0,0,1,0,0,0,0,0,1.5,2.0,2.0,7.0,1125.0,279,33,84,4.88,4.85,4.73,4.91,4.88,4.88,4.7,1,0.72,1,83.0,47.0,1.272898902536019,333.14
1,1.0,1,1,0,1,0,0,0,1,0,0,0,1.5,2.0,2.0,1.0,12.0,87,73,140,4.9,4.85,4.82,4.95,4.9,4.62,4.68,1,0.88,1,113.0,83.0,6.7381086702843325,82.99
0,1.0,1,1,0,0,0,1,0,0,0,0,0,1.0,1.0,2.0,4.0,30.0,88,0,0,-1.0,-1.0,-1.0,-1.0,-1.0,-1.0,-1.0,1,0.0,0,188.0,83.0,1.3077972332452465,373.75
0,1.0,1,1,0,0,0,1,0,0,0,0,0,1.0,1.0,1.0,5.0,12.0,9,6,0,5.0,5.0,5.0,5.0,5.0,5.0,4.83,1,0.07,1,148.0,83.0,2.8725777286853065,156.4
0,1.0,1,1,0,0,0,0,0,0,1,0,0,2.0,3.0,3.0,1.0,12.0,137,7,8,4.43,4.43,4.14,5.0,5.0,4.43,4.57,1,0.08,1,169.0,146.0,5.13035314174449,411.0
0,1.0,1,1,0,0,0,1,0,0,0,0,0,1.0,1.0,2.0,3.0,365.0,166,12,94,4.92,4.83,5.0,5.0,5.0,5.0,4.83,1,1.38,1,138.0,9.0,1.5105997498445622,262.67
0,2.0,1,1,0,0,0,0,0,1,0,0,0,1.5,3.0,4.0,5.0,20.0,16,5,10,5.0,4.8,5.0,5.0,5.0,5.0,5.0,2,0.06,1,153.0,83.0,1.6942173041347641,532.0
1,48.0,1,1,0,0,0,0,0,1,0,0,0,1.0,2.0,2.0,3.0,30.0,196,75,101,4.8,4.72,4.76,4.89,4.89,4.97,4.51,14,0.91,1,95.0,95.0,1.7381701445158935,607.24
0,1.0,1,1,0,0,0,0,0,1,0,0,0,1.0,2.0,2.0,3.0,30.0,20,19,8,4.79,4.84,4.53,4.84,4.95,4.84,4.58,1,0.23,1,164.0,83.0,2.408946433040367,292.0
1,2.0,1,1,0,1,0,0,0,0,0,0,0,1.0,1.0,1.0,2.0,45.0,66,87,78,4.98,4.97,4.97,4.94,4.99,4.98,4.71,2,1.03,1,167.0,145.0,1.4907496354379175,183.0
0,1.0,1,1,0,0,0,1,0,0,0,0,0,1.5,1.0,1.0,2.0,2.0,24,33,39,4.91,4.97,4.91,4.94,4.94,4.94,4.61,1,0.4,1,111.0,83.0,1.9167204929919721,217.0
0,1.0,1,1,0,0,0,0,0,1,0,0,0,1.0,2.0,3.0,6.0,28.0,10,2,0,4.5,5.0,5.0,4.5,4.5,4.0,4.0,1,0.02,1,185.0,130.0,4.963149765429235,239.67
1,3.0,1,1,0,0,0,1,0,0,0,0,0,1.0,1.0,1.0,4.0,300.0,351,75,112,4.64,4.81,4.76,4.8,4.88,4.84,4.39,1,1.34,1,94.0,93.0,0.5797659777524118,159.77
0,1.0,1,1,0,0,0,0,0,1,0,0,0,1.0,2.0,2.0,1.0,14.0,11,4,0,4.75,4.75,4.75,4.75,4.75,4.75,4.5,1,0.05,1,127.0,83.0,2.40186886368778,353.8
0,1.0,1,1,0,0,0,0,0,1,0,0,0,1.0,3.0,5.0,3.0,30.0,118,14,23,5.0,4.93,5.0,5.0,5.0,5.0,4.79,1,0.37,1,156.0,39.0,2.1291938111199014,751.33
1,2.0,1,1,0,0,0,0,0,1,0,0,0,1.5,1.0,2.0,1.0,730.0,181,321,255,4.79,4.74,4.85,4.81,4.86,4.94,4.63,2,3.81,1,127.0,127.0,0.7953591997780426,365.0
1,4.0,1,1,0,0,0,1,0,0,0,0,0,1.5,1.0,2.0,2.0,9.0,89,183,255,4.95,4.9,4.96,4.93,4.99,4.98,4.8,1,2.24,1,133.0,95.0,1.3678090724873742,239.0
1,2.0,1,1,0,1,0,1,0,0,0,0,0,1.0,1.0,1.0,1.0,365.0,220,226,255,4.91,4.92,4.96,4.97,4.93,4.99,4.78,2,2.76,1,88.0,88.0,0.2743123405845295,304.0
1,6.0,1,1,0,1,0,0,0,1,0,0,0,1.0,2.0,3.0,1.0,28.0,40,74,86,4.97,4.95,4.96,4.97,4.95,4.77,4.86,6,0.89,1,107.0,106.0,6.616345734525932,180.0
0,1.0,1,1,0,0,0,1,0,0,0,0,0,1.0,2.0,1.0,4.0,1125.0,26,6,16,4.83,5.0,4.67,5.0,5.0,4.83,4.67,1,0.07,1,154.0,83.0,3.7421843411677176,262.4
1,6.0,1,1,0,1,0,0,0,1,0,0,0,1.0,2.0,2.0,1.0,28.0,56,65,101,4.98,4.97,4.95,4.97,4.98,4.68,4.85,6,0.77,1,107.0,106.0,6.474677073867354,180.0
1,6.0,1,1,0,1,0,0,0,1,0,0,0,1.0,2.0,2.0,2.0,28.0,43,55,62,4.95,4.91,4.98,4.93,4.95,4.65,4.82,6,0.65,1,107.0,106.0,6.696543954184565,187.0
1,6.0,1,1,0,1,0,0,0,1,0,0,0,1.0,1.0,2.0,2.0,28.0,60,56,31,4.95,5.0,4.98,4.96,4.98,4.73,4.89,6,0.67,1,107.0,106.0,6.698257259547681,171.0
1,6.0,1,1,0,1,0,0,0,1,0,0,0,1.0,2.0,2.0,2.0,28.0,52,63,94,4.95,4.97,5.0,4.95,4.98,4.79,4.86,6,0.75,1,107.0,106.0,6.719599139446849,155.0
0,1.0,1,1,0,0,0,1,0,0,0,0,0,1.5,2.0,2.0,1.0,730.0,155,75,140,5.0,4.97,4.96,4.95,4.99,4.97,4.85,1,0.89,1,83.0,83.0,2.003304413283367,314.0
1,1.0,1,1,0,0,0,0,0,1,0,0,0,1.5,2.0,3.0,1.0,1125.0,100,316,255,4.83,4.83,4.84,4.94,4.9,4.86,4.63,1,3.81,1,117.0,83.0,2.472889712469096,417.0
1,1.0,1,1,0,0,0,1,0,0,0,0,0,1.0,1.0,1.0,3.0,179.0,118,137,218,4.89,4.85,4.84,4.93,4.93,4.8,4.67,1,1.65,1,150.0,83.0,5.102435545757015,163.25
0,1.0,1,1,0,0,0,1,0,0,0,0,0,1.0,1.0,1.0,3.0,1125.0,365,29,0,4.52,4.24,4.28,4.48,4.76,4.86,4.31,1,0.35,1,101.0,101.0,0.564909012557392,479.33
0,1.0,1,1,0,0,0,0,0,1,0,0,0,1.5,2.0,2.0,3.0,100.0,52,34,39,4.91,4.79,4.79,4.91,4.97,4.59,4.47,1,0.41,1,165.0,127.0,4.200580638131548,262.5
0,1.0,1,1,0,0,0,0,0,1,0,0,0,1.0,2.0,2.0,2.0,6.0,171,33,47,4.88,4.7,4.73,4.73,4.73,4.85,4.61,1,0.4,1,151.0,82.0,2.3632018179642813,433.5
0,1.0,1,1,0,0,0,0,0,1,0,0,0,1.0,3.0,2.0,2.0,30.0,28,18,47,4.94,4.94,4.94,4.94,4.94,4.89,4.72,1,0.22,1,134.0,82.0,5.626711462596067,254.5
0,1.0,1,1,0,1,0,0,0,1,0,0,0,1.5,3.0,4.0,2.0,1125.0,62,204,0,4.97,4.92,4.92,4.97,4.99,4.99,4.8,1,2.47,1,149.0,90.0,1.2057659008370953,428.0
1,1.0,1,1,0,0,0,0,0,1,0,0,0,1.0,1.0,2.0,2.0,1125.0,24,45,31,5.0,5.0,4.96,4.98,5.0,4.78,4.84,1,0.54,1,82.0,82.0,3.734123902110322,296.0
0,23.0,1,1,1,0,0,1,0,0,0,0,0,1.0,1.0,1.0,1.0,7.0,231,35,31,4.86,4.89,4.91,4.86,4.83,4.97,4.51,23,0.42,1,94.0,94.0,1.658405119348867,240.0
0,23.0,1,1,0,1,0,1,0,0,0,0,0,1.0,1.0,1.0,1.0,7.0,231,28,16,4.79,4.82,4.89,4.75,5.0,4.86,4.61,23,0.34,1,94.0,94.0,1.1672044948406743,308.0
1,3.0,1,1,0,1,0,1,0,0,0,0,0,1.5,1.0,1.0,1.0,1125.0,132,135,218,4.96,4.97,4.97,4.98,4.99,4.78,4.83,2,1.63,1,152.0,90.0,5.0033735372079,116.97
1,1.0,1,1,0,0,0,1,0,0,0,0,0,1.0,1.0,1.0,4.0,1125.0,85,159,224,4.99,4.96,4.97,4.99,4.97,4.89,4.87,1,1.94,1,161.0,87.0,7.276488335290521,221.75
1,1.0,1,1,0,1,0,1,0,0,0,0,0,1.0,1.0,1.0,3.0,14.0,169,191,255,4.99,4.98,5.0,4.99,4.99,5.0,4.91,1,2.28,1,137.0,82.0,1.3096937159594624,205.5
0,2.0,1,1,0,0,0,0,0,1,0,0,0,1.5,3.0,4.0,7.0,15.0,16,3,0,5.0,5.0,5.0,5.0,5.0,5.0,5.0,2,0.04,1,153.0,83.0,1.7056504608236827,469.29
0,1.0,1,1,0,0,0,1,0,0,0,0,0,1.0,1.0,1.0,1.0,24.0,31,20,31,4.85,4.9,4.85,4.95,4.95,4.5,4.5,1,0.25,1,123.0,81.0,4.0647016630841195,203.18
1,2.0,1,1,0,1,0,1,0,0,0,0,0,1.0,1.0,1.0,2.0,1125.0,98,282,255,4.91,4.94,4.86,4.91,4.91,4.68,4.78,2,3.37,1,101.0,101.0,5.247660699462847,68.47
0,1.0,1,1,0,0,0,1,0,0,0,0,0,1.0,1.0,1.0,1.0,30.0,4,15,23,4.8,4.93,4.6,5.0,4.93,4.67,4.6,1,0.18,1,119.0,82.0,4.61130817617761,177.0
0,2.0,1,1,0,1,0,0,0,0,0,0,0,1.0,1.0,1.0,2.0,365.0,308,84,140,4.87,4.89,4.85,4.93,4.89,4.86,4.58,2,1.0,1,147.0,82.0,2.516077718507315,114.5
0,1.0,1,1,0,0,0,0,0,1,0,0,0,1.0,2.0,2.0,2.0,30.0,88,46,0,4.89,4.96,4.78,4.96,5.0,4.54,4.65,1,0.56,1,131.0,86.0,3.385206779259347,320.0
0,1.0,1,1,0,0,0,0,0,1,0,0,0,2.0,2.0,2.0,4.0,180.0,30,5,32,5.0,5.0,5.0,5.0,5.0,4.8,5.0,1,0.19,1,162.0,162.0,2.0813539447855454,582.0
0,2.0,1,1,0,1,0,1,0,0,0,0,0,1.0,1.0,1.0,1.0,28.0,305,139,172,4.68,4.83,4.68,4.88,4.96,4.83,4.46,2,1.66,1,82.0,82.0,1.2650217559656767,184.0
0,1.0,1,1,0,0,0,1,0,0,0,0,0,1.5,1.0,1.0,2.0,1125.0,76,1,0,5.0,5.0,5.0,5.0,5.0,5.0,5.0,1,0.02,1,93.0,46.0,2.081941566134,251.5
0,2.0,1,1,0,1,0,1,0,0,0,0,0,1.0,1.0,1.0,1.0,28.0,315,164,255,4.65,4.76,4.59,4.8,4.91,4.8,4.43,2,1.97,1,82.0,82.0,1.337206347014539,184.0
0,1.0,1,1,0,0,0,1,0,0,0,0,0,1.0,1.0,1.0,2.0,6.0,19,15,31,4.87,4.87,4.27,5.0,4.87,4.67,4.67,1,0.18,1,212.0,82.0,3.5376535385926937,199.71
0,1.0,1,1,0,0,0,0,0,1,0,0,0,1.0,3.0,2.0,2.0,14.0,8,0,0,-1.0,-1.0,-1.0,-1.0,-1.0,-1.0,-1.0,1,0.0,0,82.0,33.0,5.191724711791355,316.11
1,1.0,1,1,0,0,0,0,0,1,0,0,0,1.0,1.0,2.0,1.0,5.0,81,157,242,4.97,4.96,4.97,4.96,4.99,4.98,4.79,1,1.95,1,148.0,124.0,0.5045750649592926,410.0
0,1.0,1,1,0,0,0,0,0,1,0,0,0,1.5,2.0,3.0,1.0,21.0,32,45,55,4.87,4.84,4.51,4.89,4.96,4.67,4.64,1,0.54,1,170.0,133.0,5.834065723104444,230.33
0,1.0,1,1,0,0,0,0,1,0,0,0,0,1.5,2.0,2.0,3.0,30.0,11,18,23,4.94,4.89,5.0,5.0,5.0,4.83,4.78,1,0.38,1,165.0,142.0,4.720841912592036,702.0
1,2.0,1,1,0,0,0,0,0,1,0,0,0,1.5,3.0,3.0,3.0,14.0,18,19,55,5.0,5.0,4.84,4.95,5.0,4.79,4.74,1,0.32,1,90.0,90.0,4.793158873533271,311.0
0,1.0,1,1,0,0,0,0,0,1,0,0,0,1.0,2.0,3.0,3.0,15.0,170,13,31,5.0,5.0,4.92,5.0,5.0,4.54,4.85,1,0.16,1,120.0,81.0,2.9728317217043676,351.67
0,1.0,1,1,0,0,0,0,0,0,0,1,0,1.5,3.0,4.0,3.0,1125.0,34,16,31,5.0,4.94,5.0,5.0,5.0,4.94,4.88,1,0.2,1,106.0,80.0,3.032764609453259,593.5
0,1.0,1,0,0,1,0,0,1,0,0,0,0,1.0,2.0,2.0,1.0,30.0,230,138,86,4.7,4.78,4.69,4.91,4.9,4.6,4.45,1,1.69,1,85.0,81.0,3.041773176247977,229.0
0,1.0,1,1,0,0,0,0,1,0,0,0,0,1.0,1.0,2.0,1.0,1125.0,99,22,23,4.95,4.86,4.68,4.77,4.91,4.82,4.73,1,0.27,1,128.0,124.0,3.032036946425439,457.0
0,3.0,1,1,0,0,0,1,0,0,0,0,0,1.5,2.0,3.0,2.0,1125.0,20,161,172,4.94,4.91,4.88,4.99,4.93,5.0,4.88,2,1.97,1,187.0,81.0,1.2716765862784674,200.0
1,4.0,1,1,0,0,0,0,0,1,0,0,0,1.0,1.0,1.0,1.0,999.0,363,24,47,4.79,4.79,4.71,4.79,4.75,4.5,4.54,4,0.29,1,82.0,81.0,3.1899633918095955,368.0
1,4.0,1,1,0,0,0,1,0,0,0,0,0,1.0,1.0,1.0,1.0,1125.0,362,118,255,4.97,4.93,4.95,4.92,4.93,4.59,4.74,4,1.45,1,82.0,81.0,2.938328999105408,257.4
1,4.0,1,1,0,0,0,0,0,0,0,1,0,2.0,2.0,4.0,1.0,999.0,345,37,101,4.95,4.89,4.92,4.89,4.86,4.73,4.84,4,0.46,1,82.0,81.0,3.1931242376551814,529.0
0,1.0,1,1,0,0,0,0,1,0,0,0,0,1.0,1.0,2.0,2.0,31.0,27,53,16,4.85,4.83,4.96,5.0,4.98,4.83,4.74,1,0.64,1,148.0,148.0,2.6319580515562317,182.0
0,3.0,1,1,0,0,0,0,0,1,0,0,0,1.5,2.0,2.0,1.0,1125.0,345,81,55,4.85,4.72,4.86,4.96,4.85,4.91,4.58,2,0.99,1,108.0,108.0,1.6100465985494923,757.0
0,1.0,1,1,0,0,0,1,0,0,0,0,0,1.5,1.0,1.0,2.0,1125.0,16,57,31,5.0,4.96,4.91,4.86,4.98,4.95,4.84,1,0.7,1,155.0,81.0,1.8640710232471993,251.5
0,4.0,1,1,1,0,0,0,0,1,0,0,0,1.0,1.0,6.0,1.0,1000.0,157,60,8,4.87,4.67,4.82,4.68,4.55,4.97,4.6,4,0.74,1,117.0,81.0,0.5422553320676201,448.0
0,1.0,1,1,0,0,0,0,0,1,0,0,0,1.5,2.0,2.0,1.0,30.0,227,2,0,4.5,5.0,4.0,5.0,5.0,5.0,4.5,1,0.14,1,109.0,15.0,2.028256189139243,457.0
0,1.0,1,1,0,0,0,0,0,1,0,0,0,1.0,2.0,2.0,3.0,10.0,27,33,16,4.94,4.91,4.79,4.97,5.0,4.97,4.67,1,0.41,1,123.0,80.0,0.9655577967801853,535.0
0,1.0,1,1,0,1,0,1,0,0,0,0,0,1.0,1.0,1.0,4.0,10.0,53,34,48,4.85,4.91,4.62,5.0,4.94,4.71,4.65,1,0.41,1,95.0,94.0,4.979678666693667,134.25
1,1.0,1,1,0,0,0,1,0,0,0,0,0,1.0,1.0,1.0,1.0,1125.0,229,173,255,4.92,4.95,4.91,4.91,4.95,4.66,4.82,1,2.1,1,131.0,81.0,3.640905120420643,171.5
0,1.0,1,1,0,0,0,0,0,1,0,0,0,1.5,2.0,3.0,1.0,730.0,66,4,16,5.0,5.0,5.0,5.0,5.0,5.0,5.0,1,0.05,1,156.0,155.0,5.434868566434795,377.0
1,3.0,1,1,0,0,0,1,0,0,0,0,0,1.0,1.0,1.0,2.0,1125.0,188,77,109,4.7,4.71,4.71,4.86,4.88,4.94,4.56,1,1.07,1,119.0,119.0,0.724741089085873,187.15
0,2.0,1,1,0,1,0,1,0,0,0,0,0,1.0,1.0,1.0,1.0,2.0,5,24,94,4.96,4.96,4.88,5.0,5.0,4.75,4.63,1,0.98,1,191.0,120.0,2.1768291234255654,143.0
0,1.0,1,1,0,0,0,1,0,0,0,0,0,1.0,1.0,1.0,2.0,730.0,291,5,8,5.0,5.0,4.8,5.0,5.0,5.0,5.0,1,0.06,1,168.0,145.0,2.9302363928127604,319.0
0,1.0,1,1,0,0,0,1,0,0,0,0,0,1.5,1.0,2.0,2.0,365.0,6,54,62,4.69,4.67,4.37,4.63,4.67,4.85,4.41,1,0.66,1,147.0,134.0,2.1147215715361973,285.5
0,1.0,1,1,0,1,0,0,0,0,0,0,0,1.0,1.0,2.0,3.0,1125.0,197,21,0,5.0,5.0,5.0,5.0,5.0,4.52,4.86,1,0.26,1,159.0,80.0,4.996869182984617,157.0
0,1.0,1,1,0,0,0,1,0,0,0,0,0,1.0,2.0,1.0,2.0,30.0,241,8,16,5.0,4.88,4.75,5.0,5.0,5.0,4.88,1,0.3,1,172.0,26.0,1.48071602364729,371.0
1,1.0,1,1,0,1,0,1,0,0,0,0,0,1.0,1.0,1.0,2.0,1125.0,106,129,164,5.0,4.99,4.99,4.97,4.99,4.9,4.9,1,1.57,1,155.0,81.0,2.6354172376552985,297.0
0,1.0,1,1,0,0,0,0,0,1,0,0,0,2.0,3.0,3.0,4.0,15.0,27,13,16,5.0,5.0,4.92,5.0,5.0,4.85,4.85,1,0.16,1,114.0,81.0,5.154918079965961,509.25
0,1.0,1,1,0,0,0,0,0,1,0,0,0,1.5,2.0,2.0,3.0,9.0,16,32,39,5.0,4.97,5.0,5.0,5.0,4.84,4.84,1,0.4,1,151.0,80.0,1.929808735686057,570.67
1,2.0,1,1,0,0,0,1,0,0,0,0,0,1.5,1.0,1.0,2.0,14.0,20,121,156,4.99,4.99,5.0,5.0,5.0,4.99,4.92,1,1.49,1,169.0,81.0,1.2377028934606022,350.0
1,5.0,1,1,0,1,0,0,0,0,0,0,0,1.5,1.0,1.0,1.0,1125.0,113,286,255,4.86,4.87,4.89,4.91,4.94,4.71,4.73,5,3.49,1,104.0,103.0,3.4865007537393553,115.0
1,5.0,1,1,0,1,0,0,0,0,0,0,0,1.5,1.0,1.0,1.0,1125.0,102,310,255,4.81,4.86,4.84,4.92,4.91,4.6,4.68,5,3.78,1,104.0,103.0,3.366221782736348,97.0
1,1.0,1,1,0,0,0,0,0,1,0,0,0,1.0,1.0,2.0,1.0,1125.0,152,165,255,4.89,4.82,4.87,4.96,4.9,4.83,4.77,1,2.05,1,151.0,80.0,2.1855855710613206,256.0
0,1.0,1,1,0,0,0,0,0,1,0,0,0,1.5,3.0,4.0,5.0,25.0,19,8,40,5.0,5.0,5.0,5.0,5.0,4.88,4.75,1,0.31,1,152.0,152.0,4.108435976806909,316.2
0,2.0,1,1,0,1,0,1,0,0,0,0,0,1.5,1.0,1.0,1.0,1125.0,250,234,255,4.69,4.69,4.85,4.83,4.85,4.74,4.6,2,3.95,1,129.0,92.0,6.170518701042144,94.5
0,1.0,1,1,0,0,0,0,0,1,0,0,0,1.0,2.0,2.0,3.0,24.0,16,17,16,5.0,5.0,5.0,5.0,5.0,4.82,4.94,1,0.36,1,131.0,131.0,3.516200342809432,420.33
1,1.0,1,1,0,0,0,0,0,1,0,0,0,1.0,3.0,2.0,1.0,1125.0,84,39,133,4.9,4.85,4.79,5.0,5.0,4.87,4.67,1,0.85,1,163.0,80.0,1.619204337620875,548.0
1,1.0,1,1,0,0,0,0,1,0,0,0,0,1.0,1.0,3.0,2.0,730.0,307,72,148,4.96,4.89,4.97,4.97,4.94,4.68,4.6,1,0.89,1,131.0,80.0,5.479237246515094,234.0
0,1.0,1,1,0,0,0,1,0,0,0,0,0,1.0,1.0,1.0,2.0,5.0,347,35,78,4.89,4.97,4.97,4.97,5.0,4.54,4.66,1,0.45,1,128.0,78.0,4.833431365426659,232.5
0,1.0,1,1,0,0,0,0,0,1,0,0,0,1.0,2.0,2.0,1.0,28.0,29,5,31,5.0,5.0,5.0,5.0,5.0,4.8,4.6,1,0.06,1,156.0,80.0,2.424071896429763,314.0
0,1.0,1,1,0,0,0,1,0,0,0,0,0,1.5,1.0,1.0,4.0,30.0,37,22,24,4.82,4.82,4.91,4.91,5.0,4.91,4.64,1,0.27,1,133.0,80.0,0.9156227152414325,466.75
0,1.0,1,1,0,1,0,1,0,0,0,0,0,1.5,1.0,1.0,1.0,1125.0,120,433,255,4.61,4.64,4.53,4.83,4.84,4.81,4.47,1,5.34,1,116.0,80.0,1.5904441948430896,124.39
0,1.0,1,1,0,1,0,0,0,1,0,0,0,1.5,2.0,2.0,1.0,730.0,47,227,255,4.67,4.68,4.8,4.78,4.78,4.43,4.46,1,2.79,1,80.0,80.0,5.966975063740524,179.0
1,1.0,1,1,0,0,0,1,0,0,0,0,0,1.0,1.0,1.0,1.0,1125.0,36,77,39,4.96,4.97,4.92,4.97,5.0,4.82,4.83,1,0.95,1,80.0,80.0,1.8813473991920193,343.0
0,1.0,1,1,0,0,0,1,0,0,0,0,0,1.0,1.0,1.0,1.0,1125.0,265,322,255,4.71,4.69,4.66,4.84,4.85,4.81,4.61,1,3.99,1,80.0,80.0,2.1594732479352103,206.0
1,1.0,1,1,0,0,0,0,0,1,0,0,0,1.0,2.0,2.0,1.0,1125.0,3,96,179,4.86,4.82,4.85,4.86,4.95,4.86,4.65,1,1.86,1,80.0,80.0,1.2022130881057287,423.0
0,1.0,1,1,0,0,0,0,0,1,0,0,0,1.0,2.0,2.0,3.0,1125.0,131,35,31,4.69,4.54,4.8,4.91,4.97,4.63,4.31,1,0.43,1,80.0,80.0,1.4339949454929748,589.67
0,1.0,1,1,0,0,0,1,0,0,0,0,0,1.0,1.0,1.0,1.0,1125.0,39,19,16,4.79,4.95,4.63,5.0,4.95,4.95,4.42,1,0.23,1,60.0,1.0,0.5472358677558603,456.0
1,1.0,1,1,0,1,0,1,0,0,0,0,0,1.0,1.0,1.0,1.0,2.0,3,48,39,4.92,4.81,4.79,4.83,5.0,4.6,4.48,1,0.59,1,116.0,80.0,3.932674926546643,124.0
0,1.0,1,1,0,0,0,1,0,0,0,0,0,1.5,1.0,1.0,3.0,30.0,365,22,8,5.0,4.91,4.86,5.0,4.95,4.82,4.82,1,0.27,1,157.0,79.0,2.603659963232636,472.0
1,1.0,1,1,0,0,0,0,0,1,0,0,0,1.0,2.0,2.0,1.0,1125.0,76,301,255,4.78,4.79,4.78,4.95,4.92,4.97,4.63,1,3.86,1,131.0,80.0,0.7499777027576416,447.34
1,3.0,1,1,0,0,0,0,0,1,0,0,0,1.0,1.0,2.0,2.0,1125.0,158,88,179,4.9,4.88,4.91,4.95,4.98,4.66,4.6,3,1.13,1,124.0,124.0,2.9355996145866037,242.5
0,1.0,1,1,0,0,0,1,0,0,0,0,0,1.5,1.0,2.0,2.0,10.0,112,5,0,4.8,4.8,4.8,5.0,4.8,4.8,4.8,1,0.14,1,129.0,40.0,1.143030794194043,405.5
0,1.0,1,1,0,0,0,1,0,0,0,0,0,1.5,1.0,1.0,5.0,30.0,22,0,0,-1.0,-1.0,-1.0,-1.0,-1.0,-1.0,-1.0,1,0.0,0,81.0,79.0,3.148348425685665,481.6
0,1.0,1,1,0,0,0,0,0,1,0,0,0,1.0,2.0,2.0,2.0,365.0,38,1,8,5.0,5.0,5.0,5.0,5.0,5.0,5.0,1,0.18,1,136.0,70.0,1.0331940644733262,542.5
0,19.0,1,1,0,0,0,0,0,0,0,1,0,1.5,2.0,3.0,2.0,1125.0,289,80,255,4.58,4.46,4.55,4.56,4.76,4.99,4.38,1,0.99,1,139.0,137.0,0.6529534980143091,552.33
0,2.0,1,1,0,1,0,1,0,0,0,0,0,1.0,1.0,1.0,1.0,2147483647.0,272,10,0,4.5,5.0,5.0,4.5,4.7,5.0,4.3,2,0.13,1,79.0,77.0,0.5360979325641241,409.0
0,2.0,1,1,0,1,0,1,0,0,0,0,0,1.0,1.0,1.0,1.0,2147483647.0,269,0,0,-1.0,-1.0,-1.0,-1.0,-1.0,-1.0,-1.0,2,0.0,0,79.0,77.0,0.6507975525192513,514.0
1,1.0,1,1,0,1,0,1,0,0,0,0,0,1.5,1.0,1.0,3.0,1125.0,48,91,255,4.86,4.87,4.84,4.95,4.91,4.79,4.66,1,1.71,1,121.0,54.0,2.7727659930820825,134.0
0,1.0,1,1,0,0,0,1,0,0,0,0,0,1.0,1.0,1.0,3.0,18.0,18,7,0,5.0,5.0,5.0,5.0,5.0,4.86,4.86,1,0.17,1,136.0,41.0,2.7110394964655717,229.75
0,1.0,1,1,0,0,0,1,0,0,0,0,0,1.5,1.0,1.0,2.0,30.0,6,23,39,4.96,4.91,4.96,4.96,5.0,4.83,4.87,1,0.29,1,143.0,94.0,4.487551458283158,317.5
1,2.0,1,1,0,1,0,1,0,0,0,0,0,1.0,1.0,1.0,3.0,1125.0,240,91,117,4.95,4.95,4.98,4.97,4.99,4.98,4.8,1,1.16,1,137.0,137.0,0.9362125771288996,211.33
1,5.0,1,1,0,1,0,0,0,0,0,0,0,1.5,1.0,1.0,1.0,1125.0,235,252,255,4.83,4.9,4.84,4.91,4.93,4.71,4.7,5,3.13,1,104.0,103.0,3.4275291838690207,97.0
0,2.0,1,1,0,0,0,1,0,0,0,0,0,1.5,1.0,1.0,2.0,1125.0,6,17,47,4.88,4.94,4.94,4.71,5.0,4.82,4.65,1,0.3,1,168.0,79.0,2.568500163408452,242.5
0,1.0,1,1,0,0,0,0,0,0,1,0,0,1.0,3.0,3.0,7.0,23.0,25,3,28,5.0,5.0,5.0,5.0,5.0,5.0,5.0,1,0.04,1,117.0,79.0,3.194263979443018,315.0
1,1.0,1,1,0,1,0,0,0,1,0,0,0,1.5,2.0,3.0,1.0,365.0,229,48,47,5.0,5.0,5.0,5.0,5.0,4.92,4.9,1,1.22,1,79.0,39.0,7.05846127314602,204.5
0,1.0,1,1,0,0,0,0,0,1,0,0,0,2.0,3.0,3.0,2.0,14.0,135,3,16,3.33,3.67,3.67,4.33,4.33,4.0,3.33,1,0.13,1,170.0,169.0,4.204425095967734,342.67
1,1.0,1,1,0,0,0,1,0,0,0,0,0,1.0,1.0,1.0,1.0,1125.0,34,168,250,4.95,4.9,4.96,4.98,4.97,4.77,4.85,1,2.1,1,79.0,79.0,4.6650846366689365,171.18
0,1.0,1,1,0,0,0,1,0,0,0,0,0,1.0,1.0,1.0,1.0,14.0,6,20,16,4.95,5.0,4.85,4.95,4.95,4.8,4.65,1,0.25,1,92.0,79.0,2.0301036903635494,247.33
0,1.0,1,1,0,0,0,0,0,1,0,0,0,1.5,2.0,2.0,2.0,7.0,13,17,47,4.82,4.94,4.53,4.82,5.0,4.88,4.53,1,0.21,1,130.0,93.0,1.7899606837356306,491.0
0,1.0,1,1,0,0,0,1,0,0,0,0,0,1.0,1.0,1.0,3.0,1125.0,118,113,255,4.96,4.96,4.94,4.94,4.96,4.92,4.8,1,1.43,1,132.0,106.0,1.1165789277882463,354.0
0,1.0,1,1,0,0,0,0,0,1,0,0,0,2.0,4.0,4.0,2.0,30.0,217,8,23,4.63,4.63,4.25,5.0,4.63,5.0,4.5,1,0.23,1,155.0,155.0,5.030122215446258,248.0
0,1.0,1,1,0,0,0,1,0,0,0,0,0,1.0,1.0,1.0,3.0,11.0,70,31,31,4.97,4.94,4.97,4.94,5.0,4.97,4.77,1,0.39,1,103.0,103.0,1.6326555811179406,378.67
0,1.0,1,1,0,0,0,1,0,0,0,0,0,1.0,1.0,1.0,4.0,15.0,83,9,16,4.22,4.33,3.89,4.89,4.89,4.56,4.11,1,0.18,1,128.0,79.0,2.4951436509989002,177.5
1,1.0,1,1,0,1,0,1,0,0,0,0,0,1.0,1.0,1.0,3.0,60.0,211,308,255,4.96,4.95,4.94,4.96,4.98,4.98,4.85,1,3.85,1,144.0,144.0,1.107824788251077,200.0
0,2.0,1,1,0,1,0,1,0,0,0,0,0,1.0,1.0,1.0,2.0,1125.0,267,1,0,5.0,5.0,5.0,5.0,5.0,4.0,4.0,2,0.01,1,78.0,78.0,7.151430199185896,178.0
0,1.0,1,1,0,0,0,1,0,0,0,0,0,1.0,1.0,1.0,1.0,7.0,68,3,0,5.0,5.0,5.0,5.0,5.0,5.0,5.0,1,0.13,1,79.0,30.0,1.5524369551522574,194.0
0,1.0,1,1,0,0,0,0,0,1,0,0,0,1.0,1.0,2.0,2.0,1125.0,5,31,31,4.77,4.68,4.9,4.84,4.81,4.32,4.42,1,0.39,1,78.0,78.0,5.147752374636132,160.0
1,1.0,1,1,0,0,0,0,1,0,0,0,0,1.0,2.0,3.0,3.0,1125.0,181,314,255,4.89,4.88,4.91,4.91,4.95,4.88,4.71,1,3.94,1,130.0,78.0,1.61683410683154,306.33
0,3.0,1,1,0,1,0,1,0,0,0,0,0,1.0,1.0,2.0,2.0,1125.0,267,152,156,4.84,4.89,4.95,4.93,4.66,4.93,4.63,3,1.94,1,79.0,77.0,1.0573781862282552,221.0
0,1.0,1,1,0,1,0,1,0,0,0,0,0,1.0,1.0,1.0,1.0,1125.0,325,158,179,4.7,4.69,4.48,4.77,4.81,4.94,4.58,1,1.99,1,79.0,78.0,0.8158863295339706,132.0
1,1.0,1,1,0,1,0,0,1,0,0,0,0,1.5,1.0,4.0,1.0,200.0,265,196,255,4.91,4.91,4.94,4.92,4.84,4.95,4.71,1,2.49,1,78.0,78.0,0.968183598170111,217.97
1,2.0,1,1,0,1,0,1,0,0,0,0,0,1.5,1.0,1.0,2.0,60.0,27,199,255,4.82,4.81,4.82,4.95,4.96,4.82,4.59,2,2.55,1,139.0,78.0,1.6311743699841368,248.5
0,1.0,1,1,0,0,0,0,0,1,0,0,0,1.0,2.0,2.0,3.0,30.0,138,34,39,4.82,4.74,4.53,4.85,4.91,4.88,4.59,1,0.43,1,116.0,100.0,3.2042628156319646,363.67
0,2.0,1,1,0,1,0,0,0,0,0,0,0,1.0,1.0,2.0,4.0,1125.0,209,18,24,4.94,4.94,4.89,5.0,5.0,5.0,4.78,1,0.25,1,120.0,88.0,0.3718413679848758,81.41
0,2.0,1,1,0,1,0,1,0,0,0,0,0,1.5,1.0,1.0,2.0,1125.0,281,0,0,-1.0,-1.0,-1.0,-1.0,-1.0,-1.0,-1.0,2,0.0,0,78.0,78.0,7.095776331276853,204.0
0,1.0,1,1,0,0,0,1,0,0,0,0,0,1.0,1.0,1.0,1.0,4.0,35,12,39,5.0,4.83,5.0,5.0,5.0,4.75,4.75,1,0.15,1,131.0,78.0,3.6764744179320195,215.0
1,3.0,1,1,0,0,0,1,0,0,0,0,0,1.0,1.0,1.0,1.0,1125.0,245,130,140,4.97,4.96,4.99,4.97,4.97,4.99,4.85,3,1.64,1,179.0,85.0,0.5828848773869492,416.0
0,4.0,1,1,0,0,0,0,0,1,0,0,0,2.0,2.0,2.0,7.0,1125.0,335,5,14,4.8,4.4,4.4,4.8,4.0,4.4,3.6,4,0.06,1,78.0,78.0,1.081629961800081,345.43
0,4.0,1,1,0,0,0,0,0,1,0,0,0,1.0,2.0,2.0,7.0,1125.0,347,50,56,4.72,4.66,4.74,4.76,4.64,4.9,4.5,4,0.9,1,78.0,78.0,1.0087498412772031,515.43
1,1.0,1,1,0,1,0,0,0,1,0,0,0,1.5,2.0,3.0,1.0,1125.0,166,465,255,4.82,4.79,4.81,4.92,4.93,4.84,4.55,1,5.84,1,114.0,78.0,0.999300656490664,342.35
0,2.0,1,1,0,1,0,1,0,0,0,0,0,1.0,1.0,1.0,1.0,1125.0,14,306,255,4.76,4.75,4.5,4.86,4.87,4.75,4.61,1,3.84,1,146.0,80.0,3.4886791504487884,80.0
0,1.0,1,1,0,0,0,1,0,0,0,0,0,1.0,1.0,1.0,2.0,1125.0,23,38,39,4.87,4.89,4.58,4.92,4.97,4.89,4.71,1,0.48,1,100.0,89.0,1.1137381575356313,228.0
1,2.0,1,1,0,1,0,0,0,1,0,0,0,1.0,2.0,4.0,2.0,60.0,54,101,140,4.72,4.66,4.51,4.87,4.94,4.57,4.39,2,1.28,1,110.0,110.0,4.610597960322756,296.0
1,1.0,1,1,0,0,0,0,0,1,0,0,0,1.0,2.0,2.0,2.0,1125.0,311,212,78,4.95,4.93,4.97,4.97,4.96,4.92,4.86,1,2.72,1,78.0,77.0,6.781786649047429,231.0
0,1.0,1,1,0,0,0,1,0,0,0,0,0,1.0,1.0,1.0,7.0,100.0,103,7,14,5.0,4.86,4.86,5.0,5.0,5.0,4.71,1,0.11,1,108.0,78.0,2.8087273715974943,209.86
0,1.0,1,1,0,0,0,0,0,1,0,0,0,1.5,1.0,1.0,2.0,1125.0,349,40,23,4.93,4.9,4.98,5.0,5.0,4.83,4.6,1,0.51,1,78.0,78.0,0.5213349688917077,673.3
0,1.0,1,1,0,0,0,0,0,1,0,0,0,1.0,3.0,2.0,5.0,10.0,12,7,0,5.0,4.86,4.71,5.0,5.0,5.0,4.71,1,0.14,1,163.0,95.0,1.717472955047681,584.4
0,4.0,1,1,0,0,0,0,0,1,0,0,0,3.0,3.0,4.0,7.0,1125.0,344,53,56,4.64,4.58,4.57,4.64,4.7,4.81,4.47,4,0.8,1,78.0,78.0,1.1589542836303441,552.0
0,2.0,1,1,0,1,0,1,0,0,0,0,0,1.0,1.0,1.0,1.0,1125.0,161,379,255,4.81,4.86,4.8,4.94,4.84,4.87,4.62,2,4.82,1,103.0,103.0,1.540313913728171,166.0
0,1.0,1,1,0,0,0,0,0,1,0,0,0,1.0,2.0,2.0,3.0,1125.0,5,21,39,4.62,4.62,4.52,4.9,4.86,4.43,4.33,1,0.34,1,147.0,98.0,2.6498190927492846,287.2
1,2.0,1,1,0,0,0,1,0,0,0,0,0,1.0,1.0,2.0,2.0,20.0,54,44,86,4.86,4.91,4.75,4.95,4.91,4.93,4.77,2,0.56,1,175.0,175.0,0.6972584112048965,228.24
0,1.0,1,1,0,0,0,0,0,1,0,0,0,1.0,2.0,2.0,4.0,30.0,10,4,8,5.0,5.0,5.0,5.0,4.75,4.5,4.75,1,0.05,1,150.0,114.0,4.69996333359675,264.0
0,1.0,1,1,0,0,0,0,0,1,0,0,0,1.0,2.0,3.0,1.0,30.0,81,8,16,4.88,5.0,4.75,5.0,5.0,5.0,4.63,1,0.32,1,126.0,126.0,2.921568834469876,559.33
1,1.0,1,1,0,0,0,1,0,0,0,0,0,1.5,1.0,1.0,2.0,1125.0,186,329,255,4.73,4.76,4.7,4.94,4.93,4.86,4.53,1,4.19,1,178.0,78.0,2.1961140490731696,168.67
1,2.0,1,0,0,0,0,1,0,0,0,0,0,1.0,1.0,1.0,1.0,1125.0,67,168,255,4.81,4.81,4.6,4.95,4.89,4.88,4.6,2,2.14,1,133.0,78.0,7.033481628323232,134.09
1,6.0,1,1,0,0,0,1,0,0,0,0,0,1.0,1.0,1.0,2.0,180.0,177,41,47,4.88,4.9,4.85,4.83,4.9,4.9,4.83,4,0.52,1,180.0,86.0,1.5495457156683206,268.5
0,1.0,1,1,0,0,0,0,0,1,0,0,0,1.0,1.0,4.0,4.0,15.0,159,10,48,4.7,4.7,4.6,4.8,4.6,4.8,4.5,1,0.5,1,143.0,80.0,2.352702626604369,399.5
0,2.0,1,1,0,0,0,0,0,1,0,0,0,2.0,3.0,3.0,3.0,1125.0,9,12,0,4.92,4.83,4.75,4.83,4.92,4.42,4.67,1,0.27,1,81.0,77.0,5.483834142436414,340.0
1,1.0,1,1,0,1,0,1,0,0,0,0,0,1.0,1.0,1.0,3.0,1125.0,95,265,255,4.94,4.92,4.95,4.97,5.0,4.98,4.81,1,3.37,1,78.0,77.0,1.0472049276457096,200.47
0,1.0,1,1,0,0,0,0,1,0,0,0,0,1.0,1.0,2.0,2.0,7.0,24,11,86,4.91,4.91,4.73,4.91,4.91,4.64,4.73,1,3.79,1,163.0,6.0,2.7737972986924677,354.0
0,1.0,1,1,0,1,0,1,0,0,0,0,0,1.0,1.0,2.0,2.0,21.0,272,0,0,-1.0,-1.0,-1.0,-1.0,-1.0,-1.0,-1.0,1,0.0,0,79.0,10.0,3.7104647716900745,177.0
1,1.0,1,1,0,0,0,1,0,0,0,0,0,1.5,1.0,2.0,2.0,30.0,57,100,203,4.99,4.96,4.98,4.98,4.99,4.77,4.81,1,1.28,1,77.0,77.0,2.6825466401708433,287.4
1,2.0,1,1,0,1,0,1,0,0,0,0,0,1.0,1.0,1.0,1.0,1125.0,132,351,255,4.82,4.85,4.88,4.84,4.83,4.94,4.6,2,6.25,1,144.0,116.0,1.0906310849169343,180.88
0,1.0,1,1,0,0,0,0,0,0,0,0,0,1.0,1.0,1.0,6.0,37.0,61,1,0,5.0,4.0,5.0,5.0,5.0,5.0,5.0,1,0.05,1,138.0,78.0,2.5298226697682695,96.5
1,2.0,1,1,0,1,0,1,0,0,0,0,0,1.5,1.0,1.0,1.0,1125.0,167,352,255,4.82,4.84,4.89,4.85,4.84,4.93,4.62,2,4.48,1,144.0,116.0,1.0871009970713268,180.31
0,1.0,1,1,0,0,0,0,0,1,0,0,0,1.0,3.0,2.0,2.0,1125.0,8,19,23,5.0,5.0,4.84,5.0,4.95,5.0,4.89,1,0.25,1,146.0,77.0,1.3109013657359325,528.0
0,1.0,1,1,0,0,0,1,0,0,0,0,0,1.0,1.0,1.0,1.0,30.0,231,6,47,5.0,4.83,5.0,5.0,5.0,4.83,5.0,1,0.56,1,77.0,15.0,1.392468106060236,231.5
0,1.0,1,1,0,0,0,0,0,1,0,0,0,1.5,4.0,4.0,4.0,28.0,26,14,8,4.93,4.93,4.86,5.0,5.0,4.86,4.71,1,0.19,1,112.0,76.0,6.791764749404872,378.25
0,2.0,1,1,0,1,0,1,0,0,0,0,0,1.5,1.0,1.0,1.0,14.0,28,11,47,4.73,4.64,4.55,4.73,5.0,4.73,4.45,1,0.22,1,162.0,83.0,3.4804174250261157,149.0
0,1.0,1,1,0,0,0,1,0,0,0,0,0,1.5,1.0,1.0,2.0,30.0,11,18,0,5.0,4.78,4.72,4.89,4.89,4.89,4.72,1,0.35,1,124.0,77.0,1.9911750980872667,428.0
1,5.0,1,1,0,1,0,0,0,1,0,0,0,1.0,2.0,2.0,1.0,365.0,6,176,156,4.73,4.77,4.79,4.88,4.9,4.58,4.58,5,2.3,1,77.0,77.0,8.09041356259704,246.67
0,1.0,1,1,0,0,0,0,0,1,0,0,0,1.0,1.0,2.0,1.0,10.0,11,20,47,4.8,4.8,4.45,5.0,4.85,4.65,4.35,1,0.57,1,148.0,35.0,2.255155291449884,273.75
1,1.0,1,1,0,1,0,1,0,0,0,0,0,1.5,1.0,1.0,1.0,1125.0,152,153,255,4.9,4.89,4.91,4.93,4.99,4.89,4.72,1,2.14,1,115.0,70.0,2.3425163698856846,211.0
0,2.0,1,1,0,0,0,0,0,0,1,0,0,1.0,3.0,3.0,3.0,700.0,184,17,0,5.0,4.94,4.94,5.0,5.0,4.82,4.71,1,0.36,1,165.0,164.0,3.9341496188207445,480.67
1,1.0,1,1,0,0,0,1,0,0,0,0,0,1.0,1.0,1.0,3.0,9.0,6,34,47,5.0,4.94,4.94,5.0,5.0,5.0,4.79,1,0.47,1,145.0,77.0,0.8798108351146599,314.67
1,2.0,1,1,0,0,0,0,0,1,0,0,0,1.5,2.0,2.0,1.0,1125.0,192,228,255,4.98,4.98,5.0,5.0,4.99,4.98,4.91,1,2.98,1,125.0,123.0,0.6693488221631124,715.0
0,1.0,1,1,0,0,0,1,0,0,0,0,0,1.0,1.0,1.0,3.0,30.0,3,49,62,4.76,4.73,4.61,4.86,4.84,4.69,4.59,1,0.81,1,167.0,167.0,3.2157994519847093,151.33
0,1.0,1,1,0,0,0,0,1,0,0,0,0,1.0,2.0,2.0,5.0,21.0,161,12,10,4.92,4.92,4.83,4.92,4.92,4.83,4.67,1,0.15,1,166.0,166.0,2.276483860839044,382.4
0,1.0,1,1,0,0,0,1,0,0,0,0,0,1.0,2.0,2.0,3.0,21.0,166,27,8,4.52,4.48,4.19,4.93,4.74,4.56,4.44,1,0.48,1,77.0,77.0,6.165194451429987,183.0
0,1.0,1,1,0,0,0,1,0,0,0,0,0,1.0,1.0,1.0,6.0,30.0,10,9,12,4.78,4.67,4.44,4.89,4.89,4.67,4.89,1,0.12,1,140.0,136.0,2.138428284094491,203.67
0,3.0,1,1,0,1,0,1,0,0,0,0,0,1.0,1.0,2.0,1.0,1125.0,293,94,86,4.66,4.78,4.94,4.9,4.48,4.94,4.46,3,1.2,1,79.0,77.0,1.0573781862282552,216.0
0,23.0,1,1,0,0,0,1,0,0,0,0,0,1.0,1.0,1.0,1.0,7.0,252,78,203,4.55,4.63,4.74,4.64,4.73,4.29,4.18,23,1.77,1,94.0,94.0,3.3651617355959296,129.0
0,23.0,1,1,0,0,0,1,0,0,0,0,0,1.0,1.0,1.0,1.0,7.0,232,107,156,4.69,4.75,4.82,4.73,4.79,4.72,4.35,23,1.39,1,94.0,94.0,2.068274014480537,267.0
0,3.0,1,1,0,1,0,0,0,1,0,0,0,2.0,2.0,4.0,1.0,1125.0,256,93,117,4.9,4.88,4.95,4.85,4.65,4.96,4.71,3,1.2,1,79.0,77.0,1.1378625209413413,485.0
0,1.0,1,1,0,0,0,0,1,0,0,0,0,1.0,1.0,3.0,1.0,1125.0,271,207,255,4.63,4.63,4.7,4.68,4.62,4.54,4.3,1,2.68,1,76.0,76.0,4.638033194306729,160.0
0,1.0,1,1,0,0,0,0,0,0,1,0,0,1.5,3.0,2.0,5.0,22.0,101,7,20,4.86,4.86,5.0,4.71,5.0,4.86,4.43,1,0.16,1,130.0,129.0,3.074487664267462,702.0
0,2.0,1,1,0,1,0,1,0,0,0,0,0,1.5,1.0,1.0,2.0,120.0,6,1,0,5.0,4.0,5.0,4.0,4.0,5.0,4.0,2,0.01,1,168.0,151.0,1.4563218500952255,228.5
0,23.0,1,1,0,0,0,1,0,0,0,0,0,1.0,1.0,1.0,1.0,7.0,241,74,255,4.76,4.84,4.78,4.8,4.86,4.34,4.49,23,1.31,1,94.0,94.0,4.824337316955442,135.0
1,3.0,1,1,0,0,0,1,0,0,0,0,0,1.0,1.0,1.0,1.0,1125.0,270,26,78,5.0,5.0,4.96,4.92,5.0,4.96,4.85,3,0.57,1,146.0,131.0,1.667699208162559,387.0
0,1.0,1,1,0,0,0,0,1,0,0,0,0,1.5,2.0,3.0,1.0,1125.0,27,20,8,4.95,4.95,4.85,4.9,4.85,4.9,4.75,1,0.36,1,81.0,76.0,3.012226175715898,314.0
0,1.0,1,1,0,0,0,0,1,0,0,0,0,1.5,2.0,2.0,7.0,10.0,87,6,0,5.0,5.0,5.0,5.0,5.0,5.0,5.0,1,0.08,1,168.0,76.0,5.633393227641745,281.12
0,1.0,1,1,0,0,0,1,0,0,0,0,0,1.0,1.0,1.0,1.0,365.0,361,1,8,5.0,5.0,5.0,5.0,5.0,5.0,5.0,1,0.18,1,162.0,20.0,2.953490205056906,388.0
0,1.0,1,1,0,0,0,0,0,1,0,0,0,1.0,2.0,2.0,3.0,1125.0,71,0,0,-1.0,-1.0,-1.0,-1.0,-1.0,-1.0,-1.0,1,0.0,0,152.0,152.0,2.4187431490907216,543.33
0,1.0,1,1,0,0,0,0,0,1,0,0,0,1.0,4.0,5.0,4.0,20.0,45,10,8,4.9,4.9,4.9,4.8,4.9,4.7,4.8,1,0.14,1,169.0,76.0,4.334940814331432,262.5
1,1.0,1,1,0,1,0,0,0,1,0,0,0,1.5,2.0,2.0,1.0,1125.0,320,192,255,4.86,4.89,4.91,4.87,4.92,4.54,4.68,1,2.49,1,93.0,76.0,7.013301906735486,168.18
0,1.0,1,1,0,1,0,1,0,0,0,0,0,1.0,1.0,1.0,1.0,1125.0,114,359,255,4.7,4.79,4.67,4.83,4.87,4.84,4.49,1,4.67,1,76.0,76.0,1.3145439223803526,199.5
0,2.0,1,1,0,1,0,1,0,0,0,0,0,1.0,1.0,1.0,2.0,1125.0,249,23,31,4.96,4.96,4.96,4.87,4.87,5.0,4.74,2,0.32,1,101.0,76.0,0.6632425100931231,247.5
0,2.0,1,1,0,0,0,0,0,1,0,0,0,1.0,3.0,3.0,3.0,1125.0,14,20,23,5.0,5.0,4.9,5.0,4.9,4.85,4.85,1,0.28,1,160.0,131.0,3.389413421034378,386.75
0,1.0,1,1,0,1,0,1,0,0,0,0,0,1.5,1.0,1.0,1.0,10.0,93,6,47,4.83,4.83,5.0,4.83,4.83,4.83,4.67,1,0.71,1,128.0,8.0,1.7211291427042616,206.0
0,5.0,1,1,0,1,0,0,0,1,0,0,0,1.0,2.0,2.0,2.0,1125.0,277,78,31,4.79,4.88,4.67,4.92,4.96,4.68,4.58,5,1.02,1,106.0,94.0,4.518731909165858,222.47
0,1.0,1,1,0,1,0,1,0,0,0,0,0,1.0,1.0,1.0,2.0,10.0,192,12,8,4.75,4.5,4.75,4.75,4.92,4.58,4.33,1,0.36,1,137.0,76.0,3.3405583542561352,302.5
1,1.0,1,1,0,1,0,1,0,0,0,0,0,1.0,1.0,1.0,4.0,1125.0,10,39,160,4.9,4.79,4.87,5.0,4.97,4.97,4.79,1,0.54,1,168.0,168.0,1.0503670713443194,218.0
1,1.0,1,1,0,1,0,1,0,0,0,0,0,1.0,1.0,1.0,2.0,28.0,76,217,255,4.88,4.88,4.72,4.98,4.96,4.92,4.73,1,3.04,1,129.0,75.0,2.4310805254407093,160.0
0,1.0,1,1,0,1,0,1,0,0,0,0,0,1.5,1.0,1.0,2.0,1125.0,248,197,255,4.66,4.65,4.46,4.82,4.92,4.77,4.54,1,3.42,1,121.0,85.0,3.5839745085836308,99.33
1,5.0,1,1,0,0,0,0,0,1,0,0,0,1.0,1.0,2.0,1.0,12.0,316,358,255,4.86,4.81,4.89,4.86,4.89,4.92,4.65,5,4.69,1,90.0,90.0,1.6491224627255985,350.0
1,5.0,1,1,0,0,0,0,0,0,1,0,0,1.0,2.0,3.0,1.0,12.0,335,146,179,4.77,4.75,4.87,4.84,4.84,4.78,4.38,5,1.91,1,90.0,90.0,1.6491224627255985,448.0
0,1.0,1,1,0,0,0,0,0,1,0,0,0,1.5,3.0,3.0,4.0,30.0,54,6,8,5.0,5.0,5.0,5.0,5.0,4.83,5.0,1,0.13,1,114.0,75.0,7.368210284094975,447.5
1,3.0,1,1,0,1,0,1,0,0,0,0,0,1.0,1.0,2.0,1.0,1125.0,80,323,255,4.98,4.97,4.98,4.99,5.0,4.99,4.92,3,4.21,1,120.0,75.0,0.5525099220979032,275.5
0,1.0,1,1,0,0,0,0,0,0,1,0,0,2.5,4.0,4.0,5.0,21.0,106,5,0,4.8,4.8,4.4,5.0,4.8,4.4,4.6,1,0.14,1,161.0,96.0,7.2325392908159545,251.2
0,1.0,1,1,0,0,0,1,0,0,0,0,0,1.0,1.0,1.0,1.0,365.0,287,5,31,4.6,4.8,4.6,4.8,4.8,5.0,4.6,1,0.35,1,125.0,25.0,1.5225184557352802,377.0
0,1.0,1,1,0,0,0,1,0,0,0,0,0,1.5,1.0,1.0,5.0,30.0,334,8,20,4.88,4.88,4.75,5.0,5.0,5.0,4.63,1,0.14,1,146.0,144.0,2.8971478980770358,285.4
1,1.0,1,1,0,1,0,1,0,0,0,0,0,1.0,1.0,1.0,3.0,35.0,37,21,125,4.9,4.9,4.86,4.9,4.95,4.67,4.71,1,1.47,1,102.0,102.0,3.178873772525862,186.67
1,1.0,1,1,0,1,0,1,0,0,0,0,0,1.0,1.0,1.0,1.0,1125.0,3,181,203,4.95,4.98,4.99,4.99,5.0,4.84,4.88,1,3.01,1,138.0,59.0,2.9768668420453754,126.0
0,1.0,1,1,0,0,0,0,0,1,0,0,0,1.0,3.0,3.0,4.0,730.0,49,45,0,4.98,4.91,4.93,5.0,5.0,5.0,4.69,1,0.62,1,149.0,149.0,0.9351069934061289,448.0
0,1.0,1,1,0,0,0,1,0,0,0,0,0,1.0,1.0,1.0,1.0,40.0,24,20,39,4.95,4.95,5.0,4.95,5.0,5.0,4.8,1,0.36,1,83.0,75.0,1.532718487798063,399.5
0,1.0,1,1,0,0,0,1,0,0,0,0,0,1.0,1.0,1.0,1.0,31.0,5,9,23,4.78,4.67,5.0,5.0,4.89,4.78,4.44,1,0.15,1,142.0,105.0,3.1414008868138685,208.67
0,2.0,1,1,0,1,0,1,0,0,0,0,0,1.0,1.0,1.0,1.0,1125.0,329,10,8,4.5,4.6,4.5,4.2,4.3,4.9,4.3,2,0.22,1,106.0,100.0,1.574815936493822,414.0
0,1.0,1,1,0,0,0,1,0,0,0,0,0,1.0,1.0,1.0,3.0,30.0,166,2,0,5.0,5.0,5.0,5.0,5.0,5.0,5.0,1,0.05,1,100.0,38.0,4.4806360271020775,214.67
1,1.0,1,1,0,0,0,1,0,0,0,0,0,1.0,1.0,1.0,3.0,14.0,239,62,101,4.89,4.9,5.0,5.0,4.98,4.97,4.77,1,0.82,1,75.0,75.0,1.1356950530268444,235.33
0,1.0,1,1,0,1,0,0,1,0,0,0,0,1.0,2.0,2.0,1.0,1125.0,77,98,255,4.73,4.78,4.69,4.89,4.8,4.79,4.54,1,1.33,1,94.0,94.0,1.3720289106205787,105.56
0,19.0,1,1,0,1,0,0,0,0,0,0,0,1.0,1.0,2.0,1.0,1000.0,301,23,0,4.3,4.3,4.35,4.26,4.04,4.0,4.26,10,0.32,1,74.0,74.0,4.25354864327954,136.0
0,19.0,1,1,0,1,0,1,0,0,0,0,0,1.0,1.0,1.0,1.0,1000.0,365,49,16,4.35,4.59,4.47,4.8,4.53,4.27,4.12,10,0.66,1,74.0,74.0,4.255266585348395,132.0
0,19.0,1,1,0,1,0,1,0,0,0,0,0,1.0,1.0,2.0,1.0,1000.0,356,168,39,4.35,4.57,4.14,4.8,4.53,4.46,4.43,10,2.27,1,74.0,74.0,4.258595196412641,120.0
1,4.0,1,1,0,1,0,0,1,0,0,0,0,1.0,2.0,2.0,1.0,1125.0,341,120,156,4.67,4.7,4.88,4.58,4.63,4.91,4.51,4,1.98,1,74.0,71.0,0.9045352886634469,453.0
0,19.0,1,1,0,1,0,0,0,0,1,0,0,1.0,1.0,8.0,1.0,1000.0,360,34,0,4.91,4.79,4.68,4.76,4.59,4.68,4.79,10,0.47,1,74.0,74.0,4.2288287249222325,376.0
0,19.0,1,1,0,1,0,0,0,0,0,1,0,1.0,1.0,8.0,1.0,1000.0,299,1,0,2.0,1.0,2.0,4.0,3.0,4.0,1.0,10,0.01,1,74.0,74.0,4.250446973822586,288.0
0,2.0,1,1,0,0,0,1,0,0,0,0,0,1.0,1.0,1.0,1.0,1125.0,308,46,255,4.78,4.67,4.7,4.96,4.93,4.96,4.43,2,4.11,1,132.0,33.0,1.1251674097777449,204.0
1,5.0,1,1,0,1,0,0,0,1,0,0,0,1.0,2.0,2.0,1.0,365.0,7,200,78,4.75,4.74,4.69,4.89,4.93,4.58,4.62,5,2.7,1,77.0,77.0,7.946871173630786,240.0
0,2.0,1,1,0,1,0,1,0,0,0,0,0,1.0,1.0,1.0,1.0,1125.0,277,27,16,4.89,4.89,4.93,4.81,4.81,4.93,4.56,2,0.48,1,106.0,100.0,1.5144625105010028,291.0
1,5.0,1,1,0,0,0,0,0,1,0,0,0,1.0,2.0,2.0,1.0,365.0,7,209,172,4.81,4.79,4.82,4.9,4.9,4.61,4.66,5,2.87,1,77.0,77.0,7.915716879036057,188.0
1,3.0,1,1,0,1,0,1,0,0,0,0,0,1.0,1.0,1.0,1.0,10.0,81,342,255,4.82,4.86,4.84,4.92,4.96,4.45,4.65,3,5.86,1,122.0,58.0,8.709029359400116,94.0
0,1.0,1,1,0,0,0,0,0,1,0,0,0,2.0,4.0,4.0,4.0,30.0,142,29,40,4.97,5.0,4.86,5.0,5.0,4.86,4.72,1,0.49,1,157.0,157.0,7.916360280565606,727.5
1,2.0,1,1,0,1,0,1,0,0,0,0,0,1.0,1.0,1.0,3.0,100.0,56,157,255,4.94,4.92,4.88,4.98,4.96,4.98,4.77,2,2.15,1,142.0,142.0,1.0645154549540494,220.63
1,2.0,1,1,0,1,0,1,0,0,0,0,0,1.0,1.0,1.0,5.0,100.0,53,138,210,4.91,4.89,4.86,4.93,4.96,4.95,4.68,2,1.9,1,142.0,142.0,1.0628934712317482,182.59
0,1.0,1,1,0,0,0,1,0,0,0,0,0,1.0,1.0,1.0,2.0,1125.0,268,11,8,4.91,5.0,4.45,4.82,4.91,5.0,4.82,1,0.15,1,125.0,72.0,1.3881086648476821,439.5
0,1.0,1,1,0,1,0,1,0,0,0,0,0,1.0,1.0,1.0,1.0,365.0,321,175,211,4.35,4.36,4.38,4.5,4.45,4.81,4.08,1,2.41,1,85.0,72.0,0.9060521402329466,153.0
1,1.0,1,1,0,1,0,0,1,0,0,0,0,1.0,1.0,2.0,1.0,365.0,230,259,255,4.93,4.93,4.96,4.94,4.97,4.76,4.76,1,3.59,1,140.0,72.0,3.911031587986778,156.0
1,1.0,1,1,0,1,0,1,0,0,0,0,0,1.0,1.0,2.0,2.0,1125.0,151,271,255,4.9,4.88,4.96,4.99,4.99,4.86,4.81,1,4.53,1,72.0,72.0,1.5205994666437541,165.5
1,3.0,1,1,0,0,0,0,0,1,0,0,0,1.0,2.0,2.0,1.0,1125.0,214,7,0,5.0,5.0,5.0,5.0,5.0,5.0,4.71,3,0.1,1,179.0,85.0,0.5719990520971852,729.25
0,2.0,1,1,0,0,0,0,0,1,0,0,0,2.0,3.0,5.0,1.0,9.0,21,6,0,5.0,5.0,5.0,5.0,5.0,4.83,4.83,1,0.1,1,175.0,72.0,3.604024093381641,386.86
1,7.0,1,1,0,1,0,1,0,0,0,0,0,1.0,1.0,1.0,1.0,999.0,348,0,0,-1.0,-1.0,-1.0,-1.0,-1.0,-1.0,-1.0,7,0.0,0,88.0,88.0,2.414693060429601,185.0
1,7.0,1,1,0,1,0,0,1,0,0,0,0,1.0,1.0,2.0,1.0,999.0,338,0,0,-1.0,-1.0,-1.0,-1.0,-1.0,-1.0,-1.0,7,0.0,0,88.0,88.0,2.503176370143419,241.0
1,7.0,1,1,0,1,0,1,0,0,0,0,0,1.0,1.0,1.0,1.0,999.0,289,0,0,-1.0,-1.0,-1.0,-1.0,-1.0,-1.0,-1.0,7,0.0,0,88.0,88.0,2.4435243869426198,232.0
1,7.0,1,1,0,1,0,1,0,0,0,0,0,1.0,1.0,1.0,1.0,999.0,276,0,0,-1.0,-1.0,-1.0,-1.0,-1.0,-1.0,-1.0,7,0.0,0,88.0,88.0,2.4425750911224657,172.0
1,2.0,1,1,0,1,0,1,0,0,0,0,0,1.0,1.0,1.0,1.0,1125.0,234,357,255,4.78,4.83,4.78,4.87,4.8,4.96,4.54,2,5.0,1,73.0,72.0,0.7674794404653936,275.0
1,2.0,1,1,0,1,0,1,0,0,0,0,0,1.0,1.0,1.0,1.0,1125.0,299,283,255,4.82,4.86,4.81,4.89,4.84,4.96,4.58,2,4.0,1,73.0,72.0,0.9532688577185732,295.0
1,3.0,1,1,0,1,0,0,0,1,0,0,0,2.0,2.0,2.0,1.0,1125.0,39,69,94,4.93,4.94,4.99,4.97,4.99,4.97,4.77,3,0.95,1,156.0,150.0,1.380847675447379,358.79
0,1.0,1,1,0,0,0,0,0,1,0,0,0,1.0,2.0,2.0,2.0,1125.0,11,29,39,5.0,4.97,4.9,4.97,5.0,4.93,4.9,1,0.41,1,135.0,85.0,1.6932294572489373,599.5
1,21.0,1,1,0,0,0,1,0,0,0,0,0,1.5,1.0,1.0,2.0,1125.0,325,52,218,4.83,4.88,4.65,4.98,4.88,4.87,4.62,9,0.72,1,161.0,103.0,1.2367332942598872,329.0
1,1.0,1,1,0,1,0,0,1,0,0,0,0,1.5,1.0,2.0,2.0,1125.0,123,241,255,4.88,4.84,4.91,4.96,4.98,4.88,4.77,1,3.32,1,140.0,71.0,1.2494293967532708,242.5
1,1.0,1,1,0,1,0,1,0,0,0,0,0,1.0,1.0,1.0,3.0,14.0,41,54,125,4.98,4.98,4.93,5.0,4.98,5.0,4.81,1,0.75,1,181.0,181.0,1.0391096473240597,269.0
1,1.0,1,1,0,0,0,0,0,0,0,1,0,2.5,5.0,10.0,1.0,1125.0,14,44,39,4.82,4.75,4.75,4.89,4.84,4.82,4.73,1,0.61,1,142.0,140.0,2.5276325967335427,544.0
0,3.0,1,1,0,0,0,0,0,0,0,1,0,1.0,2.0,6.0,2.0,1125.0,218,107,70,4.5,4.47,4.68,4.83,4.79,4.52,4.28,3,1.48,1,96.0,96.0,4.225202061910099,301.33
0,1.0,1,1,0,0,0,0,0,1,0,0,0,1.0,1.0,2.0,1.0,1125.0,292,385,255,4.79,4.81,4.78,4.91,4.88,4.91,4.58,1,5.33,1,141.0,71.0,1.1689242655962409,500.0
1,1.0,1,1,0,0,0,1,0,0,0,0,0,1.0,1.0,1.0,3.0,10.0,41,63,133,4.95,4.92,4.76,5.0,5.0,4.97,4.78,1,1.11,1,92.0,90.0,1.8693889866552749,241.67
1,6.0,1,1,0,1,0,1,0,0,0,0,0,1.0,1.0,2.0,2.0,14.0,13,121,86,4.86,4.9,4.89,4.89,4.9,4.94,4.78,6,1.88,1,138.0,138.0,0.723622960776252,177.0
0,2.0,1,1,0,0,0,0,0,1,0,0,0,2.0,3.0,2.0,3.0,30.0,15,15,39,4.93,5.0,4.87,5.0,5.0,4.93,4.67,1,0.3,1,141.0,71.0,2.2821001972366877,470.25
0,1.0,1,1,0,0,0,1,0,0,0,0,0,1.0,1.0,1.0,2.0,31.0,88,7,0,4.57,4.43,4.29,4.29,4.86,4.71,4.29,1,0.15,1,127.0,107.0,2.4654457100957274,422.5
1,1.0,1,1,0,1,0,0,0,1,0,0,0,1.0,2.0,3.0,1.0,1125.0,113,102,148,4.96,4.96,4.96,4.96,4.97,4.75,4.79,1,1.43,1,125.0,71.0,5.201728932519326,220.4
0,1.0,1,1,0,0,0,0,1,0,0,0,0,1.0,2.0,1.0,5.0,1125.0,35,16,40,5.0,4.94,5.0,4.94,5.0,4.75,4.94,1,0.22,1,130.0,71.0,2.4834325603078344,411.0
0,1.0,1,1,0,0,0,0,0,1,0,0,0,1.5,2.0,3.0,3.0,10.0,53,14,31,4.93,5.0,5.0,5.0,5.0,5.0,4.71,1,0.37,1,75.0,39.0,2.368196418501258,371.0
0,1.0,1,1,0,0,0,1,0,0,0,0,0,1.5,1.0,1.0,3.0,30.0,12,16,0,5.0,5.0,4.94,4.94,5.0,4.69,4.81,1,0.29,1,71.0,71.0,3.738589292072145,226.33
0,1.0,1,1,0,0,0,0,0,1,0,0,0,1.5,2.0,2.0,5.0,730.0,10,7,70,4.86,5.0,4.71,4.86,4.86,5.0,4.86,1,0.71,1,173.0,153.0,1.914539428142772,409.8
1,1.0,1,1,0,1,0,0,0,1,0,0,0,1.5,2.0,4.0,2.0,1125.0,87,213,255,4.9,4.87,4.88,4.97,4.97,4.96,4.68,1,2.97,1,98.0,95.0,0.9285716926566588,293.0
0,1.0,1,1,0,0,0,1,0,0,0,0,0,1.5,1.0,1.0,2.0,1125.0,19,6,47,5.0,5.0,5.0,5.0,5.0,5.0,5.0,1,0.69,1,132.0,71.0,3.0375742315250225,208.0
0,1.0,1,1,0,1,0,0,0,1,0,0,0,1.0,3.0,3.0,1.0,7.0,37,41,62,4.98,4.98,4.88,4.95,4.95,4.78,4.68,1,0.58,1,79.0,79.0,5.01177587265996,222.36
1,2.0,1,1,0,0,0,1,0,0,0,0,0,1.0,1.0,1.0,3.0,1125.0,34,89,101,5.0,5.0,5.0,4.99,5.0,4.83,4.92,1,1.26,1,155.0,155.0,4.086943227179416,190.33
0,1.0,1,1,0,0,0,0,0,1,0,0,0,1.0,2.0,2.0,5.0,30.0,157,30,40,5.0,5.0,4.9,5.0,5.0,4.87,4.6,1,0.42,1,136.0,96.0,2.4348129331399995,531.8
1,1.0,1,1,0,1,0,1,0,0,0,0,0,1.5,1.0,1.0,2.0,30.0,305,226,255,4.96,4.93,4.95,4.98,5.0,4.88,4.81,1,3.17,1,83.0,70.0,2.4223938663260802,471.0
1,3.0,1,1,0,0,0,0,0,1,0,0,0,2.5,3.0,6.0,2.0,1125.0,24,221,234,4.75,4.7,4.69,4.87,4.95,4.77,4.52,1,3.16,1,97.0,97.0,1.441773510376684,385.5
1,1.0,1,1,0,0,0,0,0,1,0,0,0,1.5,2.0,2.0,1.0,5.0,19,66,133,4.97,4.95,4.85,4.98,4.98,4.65,4.71,1,0.92,1,117.0,117.0,8.214793257580258,343.0
0,1.0,1,1,0,0,0,1,0,0,0,0,0,1.0,1.0,1.0,2.0,12.0,14,15,16,5.0,4.87,5.0,5.0,5.0,4.87,4.87,1,0.43,1,170.0,170.0,1.2573179830701156,317.0
1,4.0,1,1,0,1,0,1,0,0,0,0,0,1.0,1.0,1.0,1.0,1125.0,309,100,94,4.9,4.94,4.93,4.73,4.84,4.96,4.71,4,1.43,1,74.0,71.0,0.9045352886634469,352.0
1,4.0,1,1,0,1,0,1,0,0,0,0,0,1.0,1.0,2.0,1.0,1125.0,313,117,70,4.84,4.83,4.9,4.62,4.74,4.98,4.67,4,1.65,1,74.0,71.0,0.9045352886634469,352.0
0,5.0,1,1,0,0,0,0,0,1,0,0,0,1.0,2.0,1.0,2.0,1125.0,290,75,23,4.84,4.89,4.87,4.92,4.95,4.61,4.72,5,1.27,1,106.0,94.0,4.570977918122388,211.69
1,1.0,1,1,0,1,0,1,0,0,0,0,0,1.0,1.0,1.0,1.0,1125.0,263,491,255,4.84,4.83,4.9,4.93,4.73,4.93,4.64,1,7.1,1,84.0,84.0,1.1436074059525971,247.0
0,1.0,1,1,0,0,0,0,0,1,0,0,0,1.5,2.0,3.0,4.0,7.0,23,4,32,5.0,5.0,5.0,5.0,5.0,4.75,4.5,1,4.0,1,135.0,70.0,5.039943284349106,305.5
1,3.0,1,1,0,1,0,1,0,0,0,0,0,1.0,1.0,2.0,1.0,1125.0,89,333,255,4.99,4.97,4.99,4.99,4.99,4.99,4.93,3,4.7,1,120.0,75.0,0.6363988329096565,271.5
1,1.0,1,1,0,1,0,0,0,1,0,0,0,1.5,2.0,2.0,2.0,1125.0,276,239,255,4.85,4.88,4.85,4.92,4.9,4.75,4.67,1,3.35,1,142.0,142.0,3.810556633546261,216.0
0,1.0,1,1,0,0,0,1,0,0,0,0,0,1.0,1.0,2.0,4.0,365.0,166,2,16,5.0,4.5,5.0,4.5,5.0,4.5,4.5,1,0.18,1,153.0,153.0,2.415679911405547,235.75
1,2.0,1,1,0,0,0,1,0,0,0,0,0,1.0,1.0,1.0,2.0,1125.0,143,159,195,4.94,4.93,4.97,4.91,4.91,4.98,4.8,1,2.38,1,128.0,128.0,0.36152860348452603,442.5
1,3.0,1,1,0,1,0,1,0,0,0,0,0,1.0,1.0,1.0,1.0,1125.0,130,131,255,4.98,4.97,4.96,5.0,4.99,4.8,4.79,2,1.88,1,152.0,90.0,4.925942081491258,125.53
1,1.0,1,1,0,1,0,1,0,0,0,0,0,1.0,1.0,2.0,3.0,1125.0,64,209,234,4.93,4.94,4.86,4.94,4.89,4.83,4.83,1,2.97,1,131.0,70.0,2.1485024091595006,247.33
0,1.0,1,1,0,0,0,1,0,0,0,0,0,1.0,1.0,1.0,2.0,30.0,86,16,8,4.69,4.63,4.0,4.94,5.0,5.0,4.31,1,0.23,1,161.0,70.0,0.9742340485965425,422.5
0,1.0,1,1,0,0,0,0,1,0,0,0,0,1.0,2.0,2.0,2.0,1125.0,114,6,0,4.5,5.0,4.5,5.0,4.83,4.83,4.83,1,0.1,1,139.0,70.0,6.215079751839159,436.5
0,1.0,1,1,0,0,0,0,0,1,0,0,0,1.5,2.0,2.0,1.0,1125.0,8,18,0,4.56,4.39,4.33,4.61,4.78,4.78,4.44,1,0.25,1,106.0,70.0,3.980095462759558,240.5
1,7.0,1,1,0,1,0,1,0,0,0,0,0,1.0,1.0,1.0,1.0,999.0,348,25,0,4.64,4.72,4.76,4.72,4.68,4.84,4.6,7,0.35,1,88.0,88.0,2.4855081573829385,225.0
0,1.0,1,1,0,0,0,0,0,1,0,0,0,1.0,2.0,2.0,2.0,3.0,14,23,31,4.83,4.83,4.7,4.96,4.96,4.83,4.74,1,0.33,1,70.0,70.0,1.7084329202273418,404.0
0,4.0,1,1,0,1,0,1,0,0,0,0,0,1.0,1.0,1.0,1.0,999.0,319,3257,255,4.76,4.8,4.77,4.82,4.76,4.63,4.61,4,46.09,1,69.0,69.0,2.47958267576602,157.0
0,4.0,1,1,0,1,0,1,0,0,0,0,0,1.0,1.0,1.0,1.0,999.0,314,0,0,-1.0,-1.0,-1.0,-1.0,-1.0,-1.0,-1.0,4,0.0,0,69.0,69.0,2.574038609190157,139.0
1,3.0,1,1,0,1,0,1,0,0,0,0,0,1.0,1.0,1.0,1.0,999.0,317,0,0,-1.0,-1.0,-1.0,-1.0,-1.0,-1.0,-1.0,3,0.0,0,69.0,69.0,1.5122757134282871,202.0
1,3.0,1,1,0,1,0,0,1,0,0,0,0,1.0,1.0,2.0,1.0,999.0,284,0,0,-1.0,-1.0,-1.0,-1.0,-1.0,-1.0,-1.0,3,0.0,0,69.0,69.0,1.5980368861320202,441.0
1,3.0,1,1,0,1,0,1,0,0,0,0,0,1.0,1.0,1.0,1.0,999.0,258,10,8,4.4,4.3,4.7,4.3,4.3,4.7,4.3,3,0.14,1,69.0,69.0,1.5423134098468283,266.0
0,9.0,1,1,0,1,0,1,0,0,0,0,0,1.0,1.0,1.0,1.0,1125.0,104,0,0,-1.0,-1.0,-1.0,-1.0,-1.0,-1.0,-1.0,9,0.0,0,69.0,69.0,0.9939847310042716,337.0
0,1.0,1,1,0,0,0,0,0,1,0,0,0,1.0,1.0,6.0,3.0,14.0,136,14,62,5.0,5.0,5.0,5.0,4.93,5.0,5.0,1,0.28,1,69.0,69.0,0.3471602678680849,532.67
0,1.0,1,1,0,0,0,0,1,0,0,0,0,1.5,2.0,1.0,4.0,30.0,137,14,80,5.0,5.0,5.0,5.0,5.0,5.0,4.93,1,0.53,1,158.0,89.0,2.2149006494084666,442.25
0,9.0,1,1,0,1,0,0,1,0,0,0,0,1.0,1.0,2.0,1.0,1125.0,99,1,0,5.0,5.0,5.0,5.0,4.0,5.0,5.0,9,0.02,1,69.0,69.0,1.0834480929232013,490.0
1,23.0,1,1,0,1,0,1,0,0,0,0,0,1.0,1.0,1.0,1.0,1125.0,357,371,255,4.84,4.87,4.83,4.93,4.93,4.98,4.68,21,5.25,1,69.0,69.0,0.7402306929335031,256.77
1,23.0,1,1,0,1,0,1,0,0,0,0,0,1.0,1.0,1.0,1.0,1125.0,329,380,255,4.78,4.84,4.81,4.93,4.94,4.97,4.64,21,5.38,1,69.0,69.0,0.5966583880540289,199.71
1,1.0,1,1,0,1,0,1,0,0,0,0,0,1.0,1.0,1.0,2.0,31.0,122,245,255,4.93,4.91,4.92,4.97,4.97,4.84,4.8,1,3.53,1,69.0,68.0,3.967272138784944,205.5
0,1.0,1,1,0,0,0,0,0,1,0,0,0,3.5,3.0,6.0,1.0,7.0,39,3,23,5.0,5.0,5.0,5.0,5.0,5.0,5.0,1,0.38,1,158.0,147.0,1.524667707168961,450.8
1,1.0,1,1,0,1,0,1,0,0,0,0,0,1.5,1.0,1.0,2.0,7.0,150,149,255,4.91,4.89,4.95,4.93,4.95,4.85,4.72,1,2.12,1,151.0,69.0,6.85125638360702,157.26
0,4.0,1,1,0,0,0,1,0,0,0,0,0,1.0,1.0,1.0,2.0,1125.0,3,27,8,4.67,4.67,4.48,4.85,4.89,4.89,4.3,1,0.39,1,157.0,157.0,1.7646050661867054,182.59
1,5.0,1,1,0,1,0,0,0,1,0,0,0,2.0,2.0,2.0,2.0,30.0,35,252,255,4.91,4.92,4.92,4.92,4.94,4.95,4.82,5,4.12,1,77.0,77.0,1.4996011345093296,350.0
1,1.0,1,1,0,0,0,1,0,0,0,0,0,1.5,1.0,1.0,1.0,1125.0,7,42,70,4.93,4.95,4.93,5.0,4.98,4.88,4.79,1,0.72,1,145.0,145.0,1.9795431653955442,353.0
1,1.0,1,1,0,1,0,0,0,1,0,0,0,1.0,1.0,2.0,1.0,1125.0,68,181,140,4.88,4.89,4.86,4.88,4.87,4.94,4.75,1,2.6,1,129.0,69.0,0.8833505403370997,297.0
1,7.0,1,1,0,1,0,1,0,0,0,0,0,1.0,1.0,1.0,1.0,999.0,349,0,0,-1.0,-1.0,-1.0,-1.0,-1.0,-1.0,-1.0,7,0.0,0,88.0,88.0,2.4318856677856853,216.0
0,4.0,1,1,0,1,0,1,0,0,0,0,0,1.0,1.0,2.0,1.0,999.0,307,2,16,3.5,4.5,4.5,4.5,4.5,4.5,4.0,4,0.38,1,69.0,69.0,2.652091622722514,151.0
1,1.0,1,1,0,0,0,1,0,0,0,0,0,1.0,1.0,1.0,2.0,1125.0,83,194,255,4.96,4.95,4.96,4.99,4.98,4.91,4.83,1,3.92,1,69.0,69.0,4.288431950315159,179.0
0,4.0,1,1,0,1,0,0,1,0,0,0,0,1.0,1.0,3.0,1.0,999.0,291,13,101,4.77,4.85,4.77,4.77,4.77,4.54,4.69,4,2.2,1,69.0,69.0,2.5969093462877826,196.0
0,2.0,1,1,0,0,0,1,0,0,0,0,0,1.5,1.0,1.0,1.0,15.0,37,21,62,4.62,4.71,4.57,4.76,4.76,4.71,4.52,1,0.65,1,124.0,123.0,5.926342144397285,200.0
0,1.0,1,1,0,0,0,0,0,0,0,1,0,2.5,3.0,5.0,4.0,1125.0,71,116,144,4.73,4.72,4.82,4.79,4.6,4.7,4.53,1,1.94,1,69.0,69.0,2.4977408083561463,412.0
0,6.0,1,1,0,1,0,1,0,0,0,0,0,1.0,1.0,2.0,1.0,99.0,132,433,255,4.57,4.72,4.58,4.87,4.83,4.82,4.47,6,6.23,1,69.0,68.0,0.6629530592691969,92.7
0,6.0,1,1,0,1,0,1,0,0,0,0,0,1.0,1.0,1.0,1.0,99.0,137,688,255,4.5,4.61,4.47,4.84,4.8,4.77,4.39,6,10.0,1,69.0,68.0,0.6179420846661845,96.3
0,6.0,1,1,0,1,0,0,0,1,0,0,0,1.0,1.0,4.0,1.0,99.0,144,538,255,4.41,4.57,4.36,4.78,4.71,4.8,4.33,6,7.82,1,69.0,68.0,0.8036228392422071,89.0
1,1.0,1,1,0,0,0,0,1,0,0,0,0,1.0,2.0,2.0,1.0,7.0,226,64,179,4.89,4.91,4.73,4.88,4.98,4.94,4.81,1,1.07,1,119.0,67.0,2.2031985768086266,294.0
0,1.0,1,1,0,0,0,0,0,1,0,0,0,1.5,2.0,4.0,3.0,730.0,30,14,31,5.0,4.93,5.0,5.0,4.93,5.0,4.79,1,0.43,1,139.0,138.0,3.36522250029121,421.0
0,2.0,1,1,0,1,0,1,0,0,0,0,0,1.5,1.0,2.0,1.0,16.0,81,39,218,4.36,4.72,4.56,4.67,4.82,4.59,4.28,2,0.56,1,123.0,82.0,2.9779725877664656,123.0
1,12.0,1,1,0,0,1,0,0,0,0,0,0,1.0,1.0,1.0,1.0,365.0,288,1224,255,4.77,4.84,4.72,4.9,4.86,4.62,4.58,12,23.49,1,87.0,68.0,2.8718683776634215,37.0
1,12.0,1,1,0,1,0,1,0,0,0,0,0,1.0,1.0,1.0,1.0,365.0,281,725,255,4.74,4.71,4.86,4.91,4.82,4.64,4.53,12,13.88,1,87.0,68.0,2.8718683776634215,100.0
1,12.0,1,1,0,0,1,1,0,0,0,0,0,1.0,1.0,1.0,1.0,365.0,252,516,255,4.7,4.77,4.63,4.86,4.79,4.59,4.5,12,9.89,1,87.0,68.0,2.8718683776634215,58.0
1,12.0,1,1,0,1,0,0,0,1,0,0,0,1.0,1.0,3.0,1.0,365.0,217,28,23,4.5,4.54,4.86,4.64,4.68,4.39,4.29,12,0.55,1,87.0,68.0,2.8718683776634215,184.0
1,12.0,1,1,0,1,0,1,0,0,0,0,0,1.0,1.0,1.0,1.0,365.0,277,4,0,5.0,4.75,5.0,5.0,5.0,4.75,4.75,12,0.1,1,87.0,68.0,2.8718683776634215,152.0
1,12.0,1,1,0,1,0,1,0,0,0,0,0,1.0,1.0,1.0,1.0,365.0,289,729,255,4.74,4.73,4.85,4.9,4.84,4.64,4.47,12,14.11,1,87.0,68.0,2.8718683776634215,110.0
1,12.0,1,1,0,1,0,1,0,0,0,0,0,1.0,1.0,1.0,1.0,365.0,262,10,8,4.6,4.8,4.8,5.0,4.9,4.1,4.2,12,0.2,1,87.0,68.0,2.8718683776634215,189.0
1,12.0,1,1,0,1,0,1,0,0,0,0,0,1.0,1.0,1.0,1.0,365.0,276,4,0,4.25,4.0,5.0,4.75,4.5,4.5,4.0,12,0.09,1,87.0,68.0,2.8718683776634215,173.0
1,12.0,1,1,0,1,0,0,1,0,0,0,0,1.0,1.0,3.0,1.0,365.0,266,197,125,4.65,4.6,4.76,4.88,4.77,4.62,4.42,12,3.78,1,87.0,68.0,2.8718683776634215,163.0
1,12.0,1,1,0,1,0,0,0,0,1,0,0,1.0,1.0,5.0,1.0,365.0,178,240,255,4.75,4.82,4.81,4.94,4.81,4.58,4.55,12,4.6,1,87.0,68.0,2.8718683776634215,215.0
1,12.0,1,1,0,1,0,0,0,1,0,0,0,1.0,1.0,4.0,1.0,365.0,193,104,255,4.73,4.63,4.76,4.89,4.82,4.59,4.54,12,2.04,1,87.0,68.0,2.8718683776634215,194.0
0,8.0,1,1,0,1,0,1,0,0,0,0,0,1.0,1.0,1.0,1.0,1000.0,327,8,0,4.88,5.0,5.0,4.63,4.88,4.88,4.38,8,0.12,1,68.0,68.0,1.2876768066996178,333.0
0,8.0,1,1,0,1,0,1,0,0,0,0,0,1.0,1.0,1.0,1.0,1000.0,334,4,8,5.0,5.0,5.0,5.0,5.0,4.75,4.75,8,0.06,1,68.0,68.0,1.320310516262355,364.0
0,8.0,1,1,0,1,0,1,0,0,0,0,0,1.0,1.0,1.0,1.0,1000.0,317,1,0,5.0,5.0,5.0,5.0,5.0,5.0,4.0,8,0.01,1,68.0,68.0,1.278283671284675,330.0
0,8.0,1,1,0,1,0,1,0,0,0,0,0,1.0,1.0,1.0,1.0,1000.0,289,3,0,4.67,5.0,5.0,5.0,4.67,4.67,4.67,8,0.04,1,68.0,68.0,1.309587422347005,290.0
0,8.0,1,1,0,1,0,1,0,0,0,0,0,1.0,1.0,2.0,1.0,1000.0,323,3,0,4.67,5.0,5.0,5.0,5.0,5.0,5.0,8,0.05,1,68.0,68.0,1.3389052369228027,349.0
0,8.0,1,1,0,1,0,1,0,0,0,0,0,1.0,1.0,1.0,1.0,1000.0,264,1,8,4.0,5.0,5.0,4.0,4.0,5.0,4.0,8,0.1,1,68.0,68.0,1.2431228548896105,284.0
0,8.0,1,1,0,1,0,0,0,1,0,0,0,1.0,1.0,3.0,1.0,1000.0,280,3,0,4.33,4.67,5.0,5.0,4.67,4.67,4.33,8,0.04,1,68.0,68.0,1.3311369219286913,517.0
0,8.0,1,1,0,1,0,0,1,0,0,0,0,1.0,1.0,2.0,1.0,1000.0,285,2,0,5.0,5.0,5.0,5.0,5.0,5.0,4.5,8,0.05,1,68.0,68.0,1.3541252917572826,432.0
0,12.0,1,1,0,1,0,1,0,0,0,0,0,1.0,1.0,1.0,1.0,1000.0,259,134,255,4.34,4.38,4.25,4.77,4.59,4.53,4.28,12,1.97,1,145.0,145.0,2.1081108309757743,76.0
0,12.0,1,1,0,1,0,1,0,0,0,0,0,1.0,1.0,2.0,1.0,1000.0,324,70,125,4.19,4.41,4.2,4.59,4.47,4.41,4.11,12,1.17,1,145.0,145.0,2.105736632684331,72.0
0,12.0,1,1,0,1,0,1,0,0,0,0,0,1.0,1.0,2.0,1.0,1000.0,277,162,255,4.4,4.43,4.41,4.7,4.59,4.57,4.32,12,2.35,1,145.0,145.0,1.978185212998321,59.0
0,12.0,1,1,0,1,0,1,0,0,0,0,0,1.0,1.0,1.0,1.0,1000.0,292,34,101,4.53,4.44,4.24,4.74,4.53,4.53,4.29,12,0.59,1,145.0,145.0,2.1082851315000433,102.0
1,1.0,1,1,0,0,0,1,0,0,0,0,0,1.5,1.0,1.0,3.0,1125.0,44,35,156,4.89,4.89,5.0,4.94,4.91,5.0,4.83,1,0.75,1,96.0,93.0,0.9191487095484412,226.67
1,2.0,1,1,0,1,0,1,0,0,0,0,0,1.0,1.0,1.0,2.0,1125.0,354,235,255,4.79,4.76,4.72,4.74,4.87,4.86,4.46,2,3.46,1,68.0,68.0,1.3127138840560926,164.0
1,2.0,1,1,0,1,0,1,0,0,0,0,0,1.0,1.0,1.0,2.0,1125.0,304,229,255,4.82,4.83,4.8,4.7,4.89,4.97,4.63,2,3.78,1,68.0,68.0,1.3351921480979039,172.33
1,2.0,1,1,0,1,0,1,0,0,0,0,0,1.0,1.0,1.0,1.0,365.0,93,255,255,4.93,4.95,4.96,4.96,4.98,4.97,4.74,1,4.68,1,161.0,54.0,1.2708469619411231,238.51
0,6.0,1,1,0,1,0,0,1,0,0,0,0,1.0,1.0,3.0,1.0,99.0,141,1262,255,4.59,4.7,4.53,4.83,4.81,4.81,4.53,6,18.33,1,69.0,68.0,0.6647616829932973,83.0
0,6.0,1,1,0,1,0,0,0,0,1,0,0,1.0,1.0,5.0,1.0,99.0,129,237,255,4.43,4.55,4.37,4.76,4.74,4.78,4.38,6,3.56,1,69.0,68.0,0.6348107554315501,132.0
1,1.0,1,1,0,1,0,1,0,0,0,0,0,1.0,1.0,1.0,2.0,1125.0,54,199,179,4.86,4.84,4.73,4.9,4.93,4.97,4.74,1,2.93,1,135.0,134.0,0.39421051414172104,216.82
0,2.0,1,1,0,1,0,1,0,0,0,0,0,1.0,1.0,1.0,1.0,99.0,120,27,23,4.96,4.93,4.81,4.89,4.81,4.93,4.81,2,0.47,1,68.0,67.0,0.8149859213610335,222.0
0,2.0,1,1,0,1,0,1,0,0,0,0,0,1.0,1.0,1.0,1.0,99.0,130,22,8,4.73,4.82,4.91,4.82,4.64,4.91,4.59,2,0.38,1,68.0,67.0,0.8149859213610335,218.0
0,1.0,1,1,0,0,0,0,0,1,0,0,0,1.0,3.0,3.0,2.0,730.0,12,55,62,4.75,4.78,4.4,4.96,4.93,4.63,4.73,1,0.92,1,68.0,68.0,5.509670463857764,228.5
0,4.0,1,1,0,0,0,0,0,1,0,0,0,1.0,2.0,2.0,1.0,1125.0,322,9,8,4.78,4.56,4.89,4.56,4.67,5.0,4.56,4,0.2,1,78.0,78.0,0.9426912962939252,458.43
1,2.0,1,1,0,0,0,0,1,0,0,0,0,1.5,1.0,1.0,1.0,365.0,85,41,94,4.98,4.95,4.83,4.98,5.0,5.0,4.71,1,0.81,1,149.0,118.0,1.6729878595615264,334.37
0,1.0,1,1,0,0,0,1,0,0,0,0,0,1.5,1.0,1.0,2.0,14.0,46,10,0,4.7,4.7,4.6,5.0,5.0,4.9,4.8,1,0.22,1,119.0,45.0,1.7357625658324152,282.0
1,3.0,1,1,0,1,0,0,0,1,0,0,0,2.0,2.0,4.0,1.0,730.0,63,105,250,4.98,4.95,4.99,5.0,5.0,4.99,4.95,3,1.85,1,120.0,75.0,0.48784735686243336,637.33
0,1.0,1,1,0,1,0,1,0,0,0,0,0,1.0,1.0,1.0,2.0,1125.0,328,49,78,4.37,4.43,4.65,4.57,4.73,4.8,4.33,1,0.88,1,67.0,67.0,0.3694044048889379,130.0
0,2.0,1,1,0,1,0,1,0,0,0,0,0,1.0,1.0,1.0,2.0,1125.0,356,94,101,4.38,4.46,4.45,4.61,4.67,4.76,4.32,2,1.55,1,67.0,67.0,0.3507365616097777,151.0
0,12.0,1,1,0,1,0,0,0,1,0,0,0,1.0,1.0,3.0,1.0,1000.0,246,83,172,4.37,4.39,4.46,4.75,4.61,4.49,4.23,12,1.27,1,145.0,145.0,2.1211778192726323,151.0
0,12.0,1,1,0,1,0,1,0,0,0,0,0,1.0,1.0,1.0,1.0,1000.0,269,104,255,4.36,4.57,4.54,4.74,4.63,4.66,4.28,12,1.55,1,145.0,145.0,2.118126393993519,111.0
0,12.0,1,1,0,1,0,1,0,0,0,0,0,1.0,1.0,1.0,1.0,1000.0,285,92,125,4.32,4.28,4.36,4.7,4.6,4.55,4.17,12,1.4,1,145.0,145.0,2.1333756290180284,76.0
1,2.0,1,1,0,1,0,0,0,1,0,0,0,1.0,1.0,2.0,1.0,1125.0,203,172,55,4.87,4.85,4.84,4.95,4.99,4.9,4.6,1,2.82,1,144.0,67.0,1.4438597753056042,372.0
0,1.0,1,1,0,0,0,0,0,1,0,0,0,1.0,1.0,3.0,5.0,30.0,363,7,0,4.86,4.71,4.43,4.86,4.86,4.86,4.57,1,0.14,1,125.0,89.0,2.9433618695555275,303.8
1,11.0,1,1,0,0,0,0,0,1,0,0,0,1.0,1.0,2.0,1.0,999.0,147,82,39,4.74,4.7,4.74,4.8,4.7,4.45,4.61,11,1.23,1,66.0,66.0,3.1428532947415455,686.0
0,1.0,1,1,0,0,0,0,1,0,0,0,0,1.0,2.0,2.0,4.0,50.0,7,7,0,5.0,4.86,5.0,4.71,4.71,4.71,4.43,1,0.13,1,154.0,145.0,2.3636453674924844,304.0
0,2.0,1,1,0,1,0,0,0,1,0,0,0,1.5,2.0,2.0,1.0,1125.0,257,465,255,4.69,4.7,4.71,4.83,4.82,4.93,4.5,1,7.75,1,158.0,122.0,1.144702478992671,171.18
1,2.0,1,1,0,1,0,1,0,0,0,0,0,1.0,1.0,1.0,1.0,999.0,317,4,31,4.75,5.0,5.0,5.0,5.0,5.0,5.0,2,0.67,1,66.0,66.0,2.5012665712078066,161.0
1,2.0,1,1,0,1,0,1,0,0,0,0,0,1.0,1.0,2.0,1.0,999.0,319,1,8,5.0,5.0,5.0,5.0,5.0,5.0,5.0,2,0.22,1,66.0,66.0,2.5386315902381127,161.0
1,11.0,1,1,0,0,0,1,0,0,0,0,0,1.0,1.0,1.0,1.0,999.0,275,63,94,4.62,4.6,4.71,4.68,4.7,4.44,4.4,11,0.93,1,66.0,66.0,3.3179399610594387,205.2
1,11.0,1,1,0,0,0,0,0,1,0,0,0,1.0,1.0,2.0,1.0,999.0,283,1304,255,4.73,4.74,4.69,4.78,4.77,4.42,4.49,11,19.59,1,66.0,66.0,3.3545446203050946,162.0
1,11.0,1,1,0,0,0,0,0,1,0,0,0,1.0,1.0,2.0,1.0,999.0,277,70,101,4.59,4.59,4.53,4.67,4.71,4.4,4.41,11,1.13,1,66.0,66.0,3.167853572306037,225.0
1,11.0,1,1,0,0,0,0,0,0,0,1,0,1.5,1.0,4.0,1.0,999.0,280,452,255,4.71,4.75,4.71,4.77,4.8,4.44,4.5,11,7.01,1,66.0,66.0,3.2965647967357112,249.0
1,11.0,1,1,0,0,0,0,0,0,0,1,0,1.5,1.0,4.0,1.0,999.0,281,927,255,4.73,4.73,4.75,4.8,4.79,4.44,4.52,11,14.52,1,66.0,66.0,3.159195325200984,260.0
1,11.0,1,1,0,0,0,0,0,0,0,1,0,1.5,1.0,4.0,1.0,999.0,274,60,94,4.67,4.57,4.6,4.67,4.7,4.38,4.25,11,0.9,1,66.0,66.0,3.2210425448610387,270.9
1,6.0,1,1,0,0,0,1,0,0,0,0,0,1.0,1.0,1.0,1.0,720.0,202,19,31,4.84,4.84,4.89,4.89,4.89,4.95,4.63,4,0.33,1,180.0,86.0,1.6794637043130316,240.0
0,2.0,1,1,0,0,0,0,1,0,0,0,0,1.0,1.0,1.0,1.0,730.0,27,13,0,4.54,4.69,4.15,4.77,4.85,4.69,4.31,1,0.22,1,143.0,79.0,1.5783231513807423,371.0
0,1.0,1,1,0,0,0,0,0,1,0,0,0,1.0,2.0,3.0,3.0,365.0,117,2,16,5.0,5.0,5.0,5.0,5.0,5.0,5.0,1,2.0,1,130.0,2.0,3.863411318276059,342.67
0,5.0,1,1,0,1,0,0,0,0,0,0,0,1.0,1.0,1.0,1.0,365.0,351,124,255,4.68,4.75,4.69,4.84,4.81,4.81,4.52,5,2.54,1,87.0,85.0,1.907205583273367,101.0
1,9.0,1,1,0,0,0,1,0,0,0,0,0,1.0,1.0,1.0,1.0,6.0,280,85,62,4.8,4.85,4.81,4.73,4.65,4.84,4.51,7,1.38,1,134.0,122.0,1.230858492438244,256.0
1,1.0,1,1,0,1,0,1,0,0,0,0,0,1.0,1.0,1.0,2.0,1125.0,17,128,255,4.89,4.87,4.94,4.98,4.87,4.65,4.66,1,2.12,1,103.0,65.0,3.4253916770772275,103.5
0,1.0,1,1,0,0,0,0,0,0,0,1,0,1.0,2.0,3.0,1.0,365.0,98,0,0,-1.0,-1.0,-1.0,-1.0,-1.0,-1.0,-1.0,1,0.0,0,65.0,0.0,3.5824578730565504,633.58
0,1.0,1,1,0,0,0,0,0,1,0,0,0,2.5,4.0,4.0,2.0,30.0,275,12,8,4.83,4.75,4.83,4.92,5.0,4.58,4.67,1,0.24,1,178.0,158.0,5.294075695374843,592.5
0,1.0,1,1,0,0,0,1,0,0,0,0,0,2.0,1.0,1.0,2.0,30.0,29,6,0,5.0,5.0,4.83,5.0,5.0,5.0,4.83,1,0.11,1,116.0,97.0,2.020405216207935,320.0
1,9.0,1,1,0,0,0,1,0,0,0,0,0,1.0,1.0,1.0,7.0,27.0,363,32,28,4.63,4.75,4.78,4.75,4.66,4.63,4.41,7,0.52,1,134.0,122.0,1.2170235294434142,209.0
1,9.0,1,1,0,0,0,1,0,0,0,0,0,1.0,1.0,1.0,7.0,27.0,359,35,56,4.89,4.86,4.8,4.89,4.83,4.8,4.57,7,0.57,1,134.0,122.0,1.3052214397323874,240.43
0,1.0,1,1,0,0,0,1,0,0,0,0,0,1.0,1.0,1.0,1.0,365.0,70,45,78,4.64,4.51,4.4,4.82,4.78,4.78,4.38,1,0.69,1,133.0,122.0,2.319313305267927,337.0
1,2.0,1,1,0,1,0,1,0,0,0,0,0,12.0,1.0,1.0,1.0,365.0,213,156,47,4.7,4.7,4.72,4.85,4.77,4.92,4.54,2,2.39,1,182.0,181.0,0.23872995400372052,268.18
1,1.0,1,1,0,1,0,1,0,0,0,0,0,1.0,1.0,1.0,2.0,14.0,106,135,203,4.89,4.85,4.84,4.9,4.9,4.85,4.7,1,2.37,1,64.0,64.0,2.134830608083618,228.5
0,2.0,1,1,0,0,0,0,0,1,0,0,0,1.0,2.0,2.0,3.0,60.0,14,17,16,5.0,4.94,4.76,5.0,4.94,4.76,4.88,1,0.41,1,169.0,41.0,3.794339579373956,287.33
0,1.0,1,1,0,0,0,1,0,0,0,0,0,1.0,1.0,1.0,2.0,30.0,71,20,47,4.9,4.95,4.95,4.65,5.0,5.0,4.35,1,0.54,1,153.0,36.0,2.024646423878704,294.0
1,2.0,1,1,0,1,0,0,1,0,0,0,0,1.0,1.0,2.0,2.0,365.0,198,152,148,4.74,4.74,4.71,4.81,4.82,4.89,4.52,2,2.37,1,182.0,181.0,0.4211704609179544,283.39
0,6.0,1,1,0,1,0,1,0,0,0,0,0,1.0,1.0,3.0,1.0,365.0,338,528,255,4.69,4.79,4.78,4.86,4.8,4.9,4.52,6,8.43,1,99.0,99.0,0.9309792328250065,75.0
1,2.0,1,1,0,0,0,1,0,0,0,0,0,1.5,1.0,1.0,1.0,730.0,63,311,255,4.99,4.99,5.0,4.98,4.99,4.99,4.9,2,4.82,1,117.0,63.0,1.2259372957990027,242.5
0,1.0,1,1,0,0,0,0,0,1,0,0,0,2.0,4.0,4.0,7.0,60.0,21,4,0,4.75,4.75,4.75,4.5,4.75,5.0,4.75,1,0.08,1,142.0,142.0,1.2102091352645228,517.71
1,3.0,1,1,0,0,0,0,0,1,0,0,0,1.5,1.0,2.0,1.0,1125.0,224,37,133,4.84,4.76,4.84,4.92,4.97,4.7,4.38,3,0.61,1,120.0,120.0,4.868182039879415,309.0
0,1.0,1,1,0,0,0,1,0,0,0,0,0,1.0,1.0,1.0,1.0,14.0,16,17,47,4.82,4.88,4.88,4.76,4.94,4.71,4.65,1,0.49,1,140.0,34.0,2.492302533824259,224.5
0,1.0,1,1,0,0,0,0,0,1,0,0,0,1.0,2.0,2.0,3.0,1125.0,11,4,8,4.75,4.75,5.0,4.75,4.5,4.5,4.75,1,0.08,1,63.0,60.0,4.4734225445357385,348.33
0,1.0,1,1,0,0,0,0,0,0,1,0,0,2.0,4.0,3.0,1.0,23.0,126,24,47,4.88,4.88,4.63,5.0,5.0,4.88,4.75,1,0.41,1,176.0,82.0,4.7871511711992865,336.0
1,4.0,1,1,0,1,0,0,0,1,0,0,0,1.0,2.0,3.0,1.0,1125.0,81,161,172,4.85,4.89,4.75,4.87,4.96,4.71,4.7,4,2.75,1,63.0,63.0,2.753704046840873,347.5
1,4.0,1,1,0,1,0,0,0,1,0,0,0,1.0,2.0,3.0,1.0,1125.0,81,202,255,4.77,4.8,4.68,4.86,4.93,4.75,4.6,4,3.38,1,63.0,63.0,2.7202685055870415,377.5
1,4.0,1,1,0,1,0,0,0,1,0,0,0,1.0,2.0,3.0,1.0,1125.0,89,283,255,4.84,4.84,4.77,4.86,4.94,4.82,4.71,4,4.73,1,63.0,63.0,2.748953531394678,257.5
1,1.0,1,1,0,1,0,1,0,0,0,0,0,1.0,1.0,1.0,3.0,1125.0,44,113,164,4.98,4.98,4.98,4.97,4.99,4.73,4.88,1,2.3,1,163.0,48.0,6.271879875640675,108.33
1,1.0,1,1,0,0,0,1,0,0,0,0,0,1.0,1.0,1.0,2.0,30.0,19,43,86,4.95,4.95,4.91,4.93,4.95,4.81,4.84,1,0.72,1,113.0,110.0,3.067936688860131,313.83
0,4.0,1,1,0,0,0,0,0,1,0,0,0,1.5,2.0,3.0,1.0,365.0,28,17,47,5.0,5.0,5.0,5.0,5.0,4.82,4.88,1,0.29,1,130.0,109.0,2.2980299980462737,373.75
1,4.0,1,1,0,1,0,1,0,0,0,0,0,1.0,1.0,2.0,3.0,30.0,109,11,0,4.55,4.73,4.73,4.64,4.91,4.82,4.45,4,0.19,1,106.0,106.0,0.8645636151124255,188.33
1,4.0,1,1,0,1,0,1,0,0,0,0,0,1.0,1.0,2.0,3.0,30.0,120,97,55,4.76,4.74,4.8,4.88,4.84,4.86,4.54,4,1.56,1,106.0,106.0,0.888333141937786,182.67
1,4.0,1,1,0,0,0,0,0,1,0,0,0,1.0,2.0,4.0,1.0,30.0,213,215,242,4.84,4.87,4.76,4.82,4.72,4.98,4.6,4,3.52,1,106.0,106.0,1.1387864886524153,502.5
1,1.0,1,1,0,0,0,0,0,1,0,0,0,1.0,1.0,2.0,1.0,1125.0,260,185,203,4.9,4.84,4.92,4.93,4.9,4.77,4.56,1,3.14,1,87.0,82.0,3.942704601949858,262.67
0,2.0,1,1,0,1,0,0,0,0,0,0,0,1.5,1.0,1.0,1.0,1125.0,197,55,78,4.91,4.91,4.93,4.93,4.98,4.75,4.71,2,1.0,1,62.0,61.0,3.092516386571763,93.8
0,2.0,1,1,0,1,0,0,0,0,0,0,0,1.5,1.0,1.0,1.0,1125.0,273,61,86,4.89,4.89,4.87,4.93,4.95,4.82,4.66,2,1.05,1,62.0,61.0,3.064378344634901,99.07
0,8.0,1,1,0,1,0,1,0,0,0,0,0,1.5,1.0,1.0,1.0,365.0,280,161,255,4.74,4.76,4.72,4.83,4.66,4.94,4.62,2,7.08,1,92.0,92.0,1.4362480161102225,152.62
0,1.0,1,1,0,0,0,0,0,1,0,0,0,2.0,4.0,6.0,1.0,25.0,17,9,16,4.89,4.89,4.67,5.0,5.0,5.0,4.78,1,0.14,1,156.0,62.0,7.567069589967491,257.0
0,1.0,1,1,0,0,0,0,0,0,0,0,0,1.0,1.0,1.0,3.0,8.0,197,0,0,-1.0,-1.0,-1.0,-1.0,-1.0,-1.0,-1.0,1,0.0,0,126.0,126.0,0.8646655247065013,177.0
1,1.0,1,1,0,0,0,1,0,0,0,0,0,1.0,1.0,3.0,1.0,1125.0,268,253,255,4.95,4.94,4.95,4.99,4.99,5.0,4.82,1,4.28,1,101.0,101.0,0.503782913584144,262.47
1,1.0,1,1,0,1,0,0,1,0,0,0,0,1.0,1.0,2.0,1.0,1125.0,103,309,255,4.94,4.94,4.86,4.97,4.99,4.94,4.82,1,5.25,1,144.0,144.0,1.4341394292724583,160.0
1,8.0,1,1,0,1,0,1,0,0,0,0,0,1.0,1.0,1.0,1.0,1000.0,301,311,255,4.76,4.78,4.78,4.93,4.89,4.95,4.62,8,5.0,1,61.0,61.0,1.121331182477532,126.0
1,8.0,1,1,0,1,0,1,0,0,0,0,0,1.0,1.0,1.0,1.0,1000.0,353,317,255,4.71,4.73,4.73,4.89,4.82,4.91,4.51,8,5.26,1,61.0,61.0,1.3092888323796437,201.5
1,8.0,1,1,0,1,0,1,0,0,0,0,0,1.0,1.0,1.0,1.0,1000.0,322,155,187,4.83,4.83,4.85,4.92,4.88,4.95,4.75,8,2.49,1,61.0,61.0,1.1023312294778531,180.0
1,8.0,1,1,0,1,0,1,0,0,0,0,0,1.0,1.0,2.0,1.0,1000.0,270,67,31,4.66,4.6,4.7,4.85,4.76,4.94,4.31,8,1.08,1,61.0,61.0,1.124312372305676,108.0
1,8.0,1,1,0,1,0,1,0,0,0,0,0,1.0,1.0,2.0,1.0,1000.0,347,841,255,4.71,4.72,4.76,4.91,4.86,4.92,4.58,8,13.48,1,61.0,61.0,1.2659722562049425,213.5
1,8.0,1,1,0,1,0,1,0,0,0,0,0,1.0,1.0,2.0,1.0,1000.0,338,55,8,4.58,4.65,4.69,4.8,4.84,4.8,4.27,8,0.89,1,61.0,61.0,1.277531722866052,150.0
1,8.0,1,1,0,1,0,0,1,0,0,0,0,1.0,1.0,3.0,1.0,1000.0,322,492,255,4.75,4.78,4.79,4.88,4.86,4.92,4.57,8,7.88,1,61.0,61.0,1.123456838591666,160.0
0,2.0,1,1,0,0,0,0,0,1,0,0,0,1.0,2.0,2.0,1.0,730.0,167,49,8,4.92,4.86,4.86,5.0,4.98,4.98,4.67,1,0.81,1,132.0,119.0,1.142396451012646,514.0
0,1.0,1,1,0,0,0,0,0,0,0,1,0,2.0,4.0,3.0,5.0,21.0,9,21,20,4.81,4.67,4.62,4.95,5.0,5.0,4.62,1,0.35,1,177.0,61.0,1.3230585971285909,586.6
1,2.0,1,1,0,1,0,0,0,1,0,0,0,1.0,2.0,4.0,4.0,365.0,173,7,0,4.57,4.86,4.86,4.86,5.0,5.0,4.57,2,0.12,1,61.0,61.0,2.057837600797662,419.5
0,1.0,1,1,0,0,0,1,0,0,0,0,0,1.0,1.0,1.0,2.0,14.0,268,0,0,-1.0,-1.0,-1.0,-1.0,-1.0,-1.0,-1.0,1,0.0,0,135.0,126.0,1.937373917459548,211.33
0,1.0,1,1,0,0,0,1,0,0,0,0,0,1.0,1.0,1.0,2.0,10.0,2,14,31,5.0,5.0,5.0,4.93,5.0,4.93,4.86,1,0.25,1,164.0,61.0,2.1581216554503504,408.0
0,2.0,1,1,0,0,0,0,0,1,0,0,0,2.0,3.0,4.0,1.0,100.0,37,3,0,5.0,5.0,4.67,5.0,5.0,5.0,4.67,1,0.1,1,164.0,154.0,2.16758590762701,571.0
1,2.0,1,1,0,0,0,0,0,1,0,0,0,1.0,2.0,3.0,7.0,30.0,72,8,42,5.0,5.0,5.0,5.0,5.0,5.0,5.0,1,0.3,1,147.0,147.0,1.594186177124053,340.86
1,8.0,1,1,0,1,0,0,0,0,0,0,0,1.0,1.0,1.0,1.0,1000.0,260,132,140,4.83,4.88,4.87,4.95,4.9,4.91,4.59,8,2.14,1,61.0,61.0,1.0879506599225628,211.5
0,1.0,1,1,0,1,0,1,0,0,0,0,0,1.0,1.0,2.0,5.0,7.0,87,0,0,-1.0,-1.0,-1.0,-1.0,-1.0,-1.0,-1.0,1,0.0,0,96.0,38.0,1.1490478395242747,310.4
1,1.0,1,1,0,1,0,1,0,0,0,0,0,1.0,1.0,1.0,2.0,7.0,132,162,255,4.93,4.95,4.95,4.98,4.99,4.62,4.81,1,2.64,1,150.0,132.0,8.670794219962305,92.5
0,2.0,1,1,0,1,0,1,0,0,0,0,0,1.0,1.0,1.0,2.0,2.0,17,34,0,4.71,4.71,4.68,4.88,4.91,4.32,4.47,1,0.56,1,118.0,59.0,5.7850666066834675,137.0
0,1.0,1,1,0,0,0,0,0,1,0,0,0,1.5,3.0,3.0,3.0,15.0,37,7,16,5.0,4.57,4.57,4.86,5.0,4.86,4.57,1,0.2,1,174.0,130.0,3.401346084776782,346.33
1,2.0,1,1,0,1,0,1,0,0,0,0,0,1.0,1.0,1.0,1.0,1125.0,267,286,255,4.66,4.76,4.62,4.75,4.5,4.93,4.52,2,4.97,1,98.0,98.0,0.4357167368398393,167.0
0,1.0,1,1,0,0,0,0,0,1,0,0,0,1.0,1.0,2.0,1.0,1125.0,37,44,55,4.89,4.89,4.84,4.91,4.98,4.66,4.57,1,0.88,1,170.0,50.0,2.241974826545695,377.0
1,2.0,1,1,0,0,0,0,0,1,0,0,0,1.0,2.0,2.0,3.0,1125.0,8,7,16,5.0,5.0,4.57,4.86,5.0,5.0,4.29,1,0.12,1,61.0,60.0,0.26069109045104477,479.33
0,2.0,1,1,0,1,0,0,0,0,0,0,0,1.0,1.0,1.0,1.0,1125.0,242,179,255,4.65,4.68,4.7,4.78,4.74,4.63,4.44,2,2.95,1,182.0,160.0,4.042777221493703,113.0
0,1.0,1,1,0,0,0,0,0,0,0,1,0,1.5,3.0,4.0,2.0,14.0,36,7,16,4.71,4.86,4.14,5.0,5.0,5.0,4.71,1,0.31,1,144.0,23.0,5.091840342371024,300.0
0,1.0,1,1,0,0,0,1,0,0,0,0,0,1.5,1.0,1.0,1.0,50.0,230,32,86,4.94,5.0,4.72,4.94,4.97,4.94,4.75,1,0.53,1,125.0,60.0,1.1924145863936424,480.0
0,2.0,0,1,0,1,0,1,0,0,0,0,0,1.5,1.0,2.0,2.0,30.0,24,0,0,-1.0,-1.0,-1.0,-1.0,-1.0,-1.0,-1.0,2,0.0,0,60.0,46.0,5.462634427464241,194.0
0,1.0,1,1,0,0,0,0,0,1,0,0,0,2.0,3.0,3.0,1.0,1125.0,18,23,39,4.83,4.87,4.7,4.91,4.91,4.7,4.65,1,0.4,1,73.0,59.0,3.4630347874987875,482.0
0,1.0,1,1,0,0,0,0,0,1,0,0,0,1.5,2.0,4.0,1.0,1125.0,245,47,164,4.3,4.19,4.21,4.49,4.64,4.53,3.96,1,0.98,1,60.0,60.0,0.5427886043574314,341.44
1,1.0,1,1,0,1,0,0,0,1,0,0,0,1.0,2.0,2.0,1.0,1125.0,220,290,255,4.92,4.92,4.96,4.93,4.95,4.98,4.75,1,4.74,1,133.0,133.0,1.1969435847420566,296.0
0,1.0,1,1,0,0,0,0,1,0,0,0,0,1.0,2.0,2.0,2.0,1125.0,70,23,16,4.87,4.91,4.52,4.91,5.0,4.83,4.61,1,0.39,1,151.0,143.0,1.766647971811139,556.5
0,1.0,1,1,0,0,0,1,0,0,0,0,0,1.0,1.0,1.0,3.0,730.0,20,9,0,4.67,4.67,4.33,4.78,4.89,4.78,4.56,1,0.15,1,130.0,128.0,2.4568420498979107,228.33
0,1.0,1,1,0,0,0,0,0,1,0,0,0,1.5,3.0,3.0,3.0,30.0,241,18,8,4.67,4.67,4.94,4.67,4.72,4.78,4.33,1,0.32,1,152.0,139.0,1.9096171981308265,479.33
0,2.0,1,1,0,1,0,1,0,0,0,0,0,1.0,1.0,3.0,2.0,1125.0,126,270,255,4.83,4.86,4.82,4.9,4.93,4.93,4.69,1,4.53,1,60.0,59.0,1.2003546738839048,157.48
1,2.0,1,1,0,1,0,1,0,0,0,0,0,1.0,1.0,1.0,1.0,7.0,303,97,164,4.77,4.76,4.77,4.88,4.91,4.94,4.47,2,1.66,1,91.0,91.0,0.9628138916798067,250.0
1,2.0,1,1,0,1,0,1,0,0,0,0,0,1.0,1.0,1.0,1.0,7.0,309,113,179,4.83,4.85,4.73,4.95,4.94,4.83,4.64,2,1.93,1,91.0,91.0,0.9628138916798067,242.0
0,1.0,1,1,0,0,0,0,0,1,0,0,0,2.5,5.0,5.0,1.0,19.0,21,13,16,5.0,4.92,4.85,5.0,5.0,4.85,4.77,1,0.22,1,162.0,162.0,2.413675671899696,575.15
0,1.0,1,1,0,0,0,0,0,1,0,0,0,1.5,2.0,3.0,3.0,1125.0,18,22,39,4.91,4.91,4.95,5.0,5.0,4.95,4.86,1,0.37,1,129.0,82.0,1.72326274736113,612.67
1,1.0,1,1,0,0,0,1,0,0,0,0,0,1.5,1.0,1.0,2.0,7.0,10,38,62,4.89,4.95,4.89,4.95,4.95,4.84,4.63,1,0.66,1,123.0,95.0,2.1163519239605892,245.5
0,5.0,1,1,0,1,0,1,0,0,0,0,0,1.0,1.0,1.0,1.0,7.0,362,5603,255,4.68,4.68,4.68,4.84,4.83,4.44,4.48,5,92.56,1,60.0,59.0,5.944732382058175,69.3
0,1.0,1,1,0,0,0,1,0,0,0,0,0,1.0,1.0,1.0,3.0,20.0,34,32,39,4.97,4.97,4.94,4.84,5.0,4.97,4.78,1,0.54,1,182.0,60.0,0.4145156443810487,271.67
0,5.0,1,1,0,1,0,1,0,0,0,0,0,1.0,1.0,1.0,1.0,7.0,245,752,255,4.68,4.7,4.73,4.87,4.82,4.48,4.56,5,12.38,1,60.0,59.0,5.818247971587954,68.0
0,5.0,1,1,0,1,0,1,0,0,0,0,0,1.0,1.0,2.0,1.0,7.0,364,1993,255,4.73,4.77,4.72,4.85,4.86,4.46,4.59,5,32.89,1,60.0,59.0,5.814422557046659,81.0
0,5.0,1,1,0,1,0,0,1,0,0,0,0,1.0,1.0,2.0,1.0,7.0,330,512,255,4.64,4.69,4.63,4.81,4.85,4.47,4.51,5,8.42,1,60.0,59.0,5.815609405402703,119.7
0,5.0,1,1,0,1,0,0,0,1,0,0,0,1.0,1.0,2.0,1.0,7.0,315,568,255,4.66,4.69,4.71,4.86,4.86,4.55,4.52,5,9.38,1,60.0,59.0,5.9479681437695655,180.0
0,1.0,1,1,0,0,0,0,0,1,0,0,0,1.0,3.0,2.0,3.0,29.0,16,21,39,4.95,4.9,4.71,5.0,5.0,4.95,4.62,1,0.35,1,122.0,60.0,1.1654602398709726,411.0
0,1.0,1,1,0,0,0,0,0,1,0,0,0,1.5,3.0,3.0,2.0,1125.0,11,15,16,5.0,5.0,4.93,5.0,5.0,4.8,4.8,1,0.25,1,59.0,59.0,5.69139197570396,275.0
1,2.0,1,1,0,1,0,1,0,0,0,0,0,1.0,1.0,1.0,3.0,10.0,128,98,78,4.92,4.98,4.98,4.95,4.94,4.65,4.74,2,1.69,1,87.0,59.0,4.686253984012369,118.0
0,1.0,1,1,0,0,0,0,0,1,0,0,0,2.5,3.0,3.0,3.0,30.0,7,18,31,5.0,5.0,5.0,5.0,4.94,5.0,4.83,1,0.36,1,98.0,59.0,2.808434365966239,365.25
0,1.0,1,1,0,0,0,0,0,1,0,0,0,1.0,2.0,2.0,1.0,30.0,11,27,16,4.93,4.89,4.89,4.93,5.0,4.93,4.7,1,0.45,1,138.0,118.0,1.0014860957771474,687.0
1,2.0,1,1,0,1,0,1,0,0,0,0,0,1.0,1.0,1.0,3.0,10.0,139,101,117,4.98,4.97,5.0,4.99,5.0,4.64,4.86,2,1.73,1,87.0,59.0,4.733083683884321,118.0
1,3.0,1,1,0,1,0,0,0,1,0,0,0,2.5,2.0,3.0,2.0,1125.0,127,85,203,5.0,4.98,5.0,5.0,5.0,5.0,4.94,3,1.67,1,117.0,104.0,1.347416735052547,526.5
0,1.0,1,1,0,0,0,1,0,0,0,0,0,1.0,1.0,1.0,3.0,3.0,356,11,86,5.0,5.0,4.91,5.0,5.0,4.64,4.73,1,1.02,1,113.0,12.0,5.1865030380150055,291.0
0,1.0,1,1,0,0,0,1,0,0,0,0,0,1.0,1.0,1.0,4.0,365.0,9,12,24,4.83,4.83,4.67,4.92,5.0,4.92,4.75,1,0.23,1,120.0,59.0,1.9525281486456,222.75
1,13.0,1,1,0,1,0,0,0,0,1,0,0,1.0,2.0,3.0,2.0,999.0,155,62,101,4.69,4.69,4.6,4.84,4.76,4.61,4.45,13,1.04,1,59.0,59.0,7.599481309090191,295.0
0,1.0,1,1,0,0,0,1,0,0,0,0,0,1.0,1.0,2.0,4.0,30.0,9,14,32,5.0,5.0,4.93,5.0,5.0,5.0,4.71,1,0.24,1,85.0,71.0,1.9337082428450256,215.5
0,1.0,1,1,0,0,0,1,0,0,0,0,0,1.0,1.0,1.0,7.0,14.0,177,3,0,5.0,5.0,5.0,5.0,5.0,4.33,4.0,1,0.06,1,147.0,145.0,2.6868759419075396,581.57
1,1.0,1,1,0,1,0,0,1,0,0,0,0,1.5,1.0,3.0,1.0,1125.0,64,116,195,4.96,4.96,4.97,4.97,4.98,4.72,4.8,1,2.21,1,106.0,103.0,4.1230355554494516,186.67
1,1.0,1,1,0,0,0,1,0,0,0,0,0,1.0,1.0,1.0,3.0,365.0,20,20,16,4.85,5.0,4.8,4.95,4.95,4.85,4.55,1,0.35,1,142.0,141.0,1.7344096052856153,260.2
1,2.0,1,1,0,1,0,0,0,1,0,0,0,1.0,2.0,5.0,1.0,1125.0,259,285,255,4.92,4.87,4.86,4.96,4.98,4.91,4.68,2,4.8,1,61.0,61.0,2.0770038557150756,245.48
1,13.0,1,1,0,1,0,1,0,0,0,0,0,1.0,1.0,1.0,2.0,999.0,185,30,86,4.83,4.73,4.87,4.93,4.83,4.8,4.5,13,0.5,1,59.0,59.0,7.756161397801664,136.0
0,1.0,1,1,0,0,0,1,0,0,0,0,0,1.5,1.0,1.0,3.0,30.0,358,21,23,4.95,4.95,4.71,5.0,5.0,5.0,4.9,1,0.36,1,153.0,117.0,2.376421084901389,658.33
0,1.0,1,1,0,0,0,1,0,0,0,0,0,1.5,2.0,1.0,1.0,28.0,21,20,16,4.85,4.9,4.95,5.0,4.9,4.95,4.75,1,0.34,1,93.0,59.0,1.6873288642660957,326.0
1,13.0,1,1,0,0,0,0,0,1,0,0,0,1.0,1.0,2.0,2.0,999.0,181,28,78,4.57,4.71,4.61,4.79,4.89,4.5,4.5,13,0.54,1,59.0,59.0,7.747859032608632,211.0
0,1.0,1,1,0,0,0,0,0,0,1,0,0,1.5,2.0,3.0,3.0,365.0,30,23,16,4.91,4.91,4.87,5.0,5.0,4.74,4.65,1,0.56,1,148.0,148.0,4.450142919537307,363.75
1,13.0,1,1,0,0,0,1,0,0,0,0,0,1.0,1.0,1.0,2.0,999.0,184,99,255,4.75,4.68,4.66,4.78,4.71,4.46,4.43,13,1.96,1,59.0,59.0,7.73114180424211,194.5
1,13.0,1,1,0,0,0,0,0,1,0,0,0,1.0,2.0,2.0,2.0,999.0,167,79,234,4.71,4.62,4.56,4.7,4.72,4.52,4.43,13,1.35,1,59.0,59.0,7.694699262891623,265.5
1,1.0,1,1,0,0,0,0,1,0,0,0,0,1.0,1.0,2.0,1.0,365.0,261,207,255,4.94,4.92,4.97,4.91,4.91,4.74,4.76,1,3.57,1,130.0,59.0,4.058901829676153,165.5
0,1.0,1,1,0,0,0,0,0,1,0,0,0,1.5,3.0,3.0,7.0,28.0,51,2,0,5.0,5.0,4.5,5.0,5.0,5.0,4.5,1,0.04,1,60.0,59.0,2.7136407434565926,291.86
0,2.0,1,1,0,1,0,0,1,0,0,0,0,1.5,1.0,3.0,1.0,35.0,68,114,255,4.64,4.63,4.54,4.73,4.76,4.6,4.41,2,2.48,1,123.0,82.0,3.08418480014151,148.36
0,1.0,1,1,0,0,0,0,1,0,0,0,0,1.0,1.0,1.0,1.0,30.0,85,13,31,4.38,4.69,4.69,4.31,4.54,3.85,4.23,1,0.5,1,60.0,28.0,5.867096683514781,257.0
0,1.0,1,1,0,0,0,0,1,0,0,0,0,1.0,2.0,1.0,3.0,14.0,33,16,0,4.75,4.94,4.5,4.94,5.0,5.0,4.5,1,0.27,1,129.0,59.0,1.0675304463087913,723.0
1,2.0,1,1,0,1,0,1,0,0,0,0,0,1.5,1.0,1.0,1.0,30.0,294,55,250,4.73,4.67,4.76,4.76,4.82,4.8,4.49,2,1.29,1,133.0,59.0,1.3164616803951483,156.5
0,1.0,1,1,0,0,0,1,0,0,0,0,0,1.5,1.0,1.0,4.0,28.0,73,11,8,4.64,4.73,4.73,4.73,4.82,4.73,4.36,1,0.24,1,167.0,59.0,3.1319645088203623,335.25
0,1.0,1,1,0,0,0,0,0,1,0,0,0,1.5,2.0,2.0,3.0,22.0,29,20,8,4.8,4.95,4.8,4.7,4.9,4.85,4.75,1,0.41,1,104.0,59.0,3.817102346385873,335.0
0,1.0,1,1,0,0,0,1,0,0,0,0,0,1.0,1.0,1.0,1.0,365.0,30,13,31,5.0,4.92,5.0,5.0,4.92,4.92,4.92,1,0.22,1,162.0,130.0,2.9018314040855806,125.75
0,2.0,1,1,0,0,0,0,1,0,0,0,0,1.0,1.0,1.0,1.0,1125.0,107,17,8,4.82,4.65,4.53,4.94,5.0,5.0,4.53,1,0.42,1,140.0,128.0,0.4464181958481058,586.0
0,1.0,1,1,0,0,0,1,0,0,0,0,0,1.0,1.0,1.0,3.0,31.0,20,16,8,5.0,4.94,4.94,4.88,5.0,5.0,5.0,1,0.27,1,140.0,59.0,2.3200537716264678,255.8
0,1.0,1,1,0,0,0,1,0,0,0,0,0,1.0,1.0,1.0,3.0,3.0,18,36,47,4.81,4.94,4.44,4.97,4.97,4.92,4.58,1,0.62,1,130.0,58.0,1.6271835977929063,224.67
0,1.0,1,1,0,0,0,1,0,0,0,0,0,1.0,1.0,1.0,3.0,30.0,26,7,8,5.0,4.86,4.29,5.0,5.0,4.86,4.57,1,0.12,1,58.0,58.0,2.161861466116479,265.33
0,1.0,1,1,0,1,0,0,1,0,0,0,0,1.0,1.0,2.0,3.0,56.0,46,210,255,4.75,4.75,4.59,4.92,4.94,4.89,4.66,1,3.53,1,122.0,58.0,1.457938194014483,108.0
0,1.0,1,1,0,0,0,1,0,0,0,0,0,1.5,1.0,2.0,5.0,21.0,344,10,30,5.0,5.0,5.0,4.9,5.0,5.0,4.9,1,0.17,1,157.0,58.0,2.033486440284608,236.22
1,1.0,1,1,0,0,0,1,0,0,0,0,0,1.0,1.0,1.0,3.0,7.0,4,9,55,4.89,5.0,4.67,5.0,5.0,4.78,4.67,1,0.68,1,82.0,46.0,2.6418520731936193,207.33
0,2.0,1,1,0,1,0,1,0,0,0,0,0,1.5,1.0,1.0,2.0,1125.0,154,343,255,4.69,4.78,4.63,4.78,4.84,4.5,4.63,2,5.84,1,58.0,58.0,8.841959345712663,69.5
1,7.0,1,1,0,1,0,1,0,0,0,0,0,1.0,1.0,1.0,1.0,999.0,348,1,8,5.0,5.0,5.0,5.0,5.0,5.0,5.0,7,0.17,1,88.0,88.0,2.272498063895267,185.0
0,1.0,1,1,0,0,0,1,0,0,0,0,0,1.0,2.0,1.0,3.0,30.0,58,5,0,4.8,4.6,4.8,5.0,5.0,4.8,4.4,1,0.09,1,126.0,58.0,2.362703362246713,375.75
0,1.0,1,1,0,0,0,0,0,1,0,0,0,1.5,2.0,2.0,2.0,365.0,62,10,23,4.7,4.7,4.6,5.0,5.0,4.7,4.4,1,0.17,1,168.0,102.0,2.2537006961030706,428.0
0,8.0,1,1,0,1,0,1,0,0,0,0,0,1.0,1.0,2.0,2.0,30.0,133,99,255,4.6,4.76,4.72,4.63,4.79,4.8,4.47,4,1.93,1,109.0,109.0,1.0476465190580615,160.91
0,1.0,1,1,0,0,0,0,0,1,0,0,0,1.0,2.0,2.0,2.0,15.0,45,21,47,4.57,4.62,4.52,4.71,4.86,4.62,4.24,1,0.38,1,129.0,119.0,2.5945607792208216,341.0
1,2.0,1,1,0,1,0,1,0,0,0,0,0,1.0,1.0,2.0,1.0,30.0,278,1,0,5.0,5.0,5.0,5.0,5.0,5.0,5.0,2,0.03,1,133.0,59.0,1.3856603827237848,205.0
0,1.0,1,1,0,0,0,1,0,0,0,0,0,1.0,1.0,1.0,1.0,40.0,40,26,47,4.81,4.77,4.65,4.96,4.77,4.73,4.58,1,0.44,1,122.0,58.0,1.768007846253219,388.0
0,1.0,1,1,0,0,0,0,0,1,0,0,0,1.0,3.0,4.0,1.0,365.0,117,5,0,5.0,4.8,4.8,4.6,5.0,5.0,4.6,1,0.22,1,113.0,29.0,7.952224929547865,442.5
0,2.0,1,1,0,0,0,0,0,0,0,1,0,1.5,4.0,4.0,1.0,21.0,2,59,94,4.97,4.9,4.9,4.93,4.95,4.68,4.8,1,1.01,1,90.0,58.0,7.895000704902903,337.0
0,470.0,1,1,0,1,0,1,0,0,0,0,0,1.0,1.0,1.0,1.0,1125.0,310,86,164,4.49,4.34,4.35,4.62,4.64,4.87,4.34,1,1.46,1,181.0,181.0,0.695095558337313,227.0
0,1.0,1,1,0,0,0,1,0,0,0,0,0,1.0,1.0,1.0,2.0,30.0,364,9,0,5.0,4.67,5.0,5.0,5.0,4.44,4.33,1,0.19,1,124.0,47.0,1.1405684994792147,388.0
0,2.0,1,1,0,0,0,1,0,0,0,0,0,1.5,1.0,1.0,1.0,30.0,79,13,0,4.54,4.85,4.23,5.0,5.0,5.0,4.31,1,0.23,1,91.0,56.0,1.0068398010411608,463.0
0,1.0,1,1,0,0,0,1,0,0,0,0,0,1.5,1.0,1.0,1.0,7.0,243,13,0,4.92,5.0,4.85,5.0,5.0,4.85,4.69,1,0.23,1,156.0,57.0,2.68407361744471,291.0
1,2.0,1,1,0,1,0,1,0,0,0,0,0,1.0,1.0,1.0,1.0,365.0,316,136,255,4.93,4.96,4.82,4.93,4.84,4.96,4.74,2,2.36,1,57.0,57.0,1.8621079005283692,259.0
1,1.0,1,1,0,0,0,1,0,0,0,0,0,1.0,1.0,1.0,3.0,30.0,49,13,62,5.0,5.0,5.0,4.92,5.0,4.92,4.85,1,0.75,1,130.0,19.0,1.5863836953715795,247.33
1,1.0,1,1,0,1,0,1,0,0,0,0,0,1.0,1.0,1.0,3.0,1125.0,60,145,211,4.93,4.92,4.98,4.97,4.98,4.72,4.76,1,2.48,1,153.0,57.0,3.8508396582172373,166.88
0,1.0,1,1,0,0,0,0,0,1,0,0,0,1.0,3.0,3.0,1.0,20.0,10,21,31,4.9,4.86,4.9,4.81,4.9,4.95,4.71,1,0.44,1,166.0,142.0,4.4531520892585394,349.0
0,1.0,1,1,0,0,0,1,0,0,0,0,0,1.0,1.0,1.0,1.0,365.0,42,19,8,4.89,4.79,4.89,5.0,5.0,4.89,4.84,1,0.33,1,149.0,57.0,1.7719273732246958,219.75
0,1.0,1,1,0,0,0,0,0,1,0,0,0,1.0,3.0,5.0,2.0,30.0,138,6,16,4.83,5.0,4.67,4.67,4.83,4.67,4.5,1,0.23,1,165.0,114.0,4.003235872595895,394.0
0,1.0,1,1,0,0,0,0,0,1,0,0,0,1.5,3.0,3.0,4.0,365.0,15,4,16,5.0,5.0,5.0,5.0,5.0,5.0,5.0,1,0.18,1,122.0,22.0,2.246685352520795,499.5
0,2.0,1,1,0,0,0,0,1,0,0,0,0,1.5,2.0,1.0,3.0,315.0,25,26,39,4.88,4.85,4.88,4.96,4.92,4.88,4.69,1,0.45,1,130.0,98.0,1.3573602840275656,439.5
1,1.0,1,1,0,0,0,0,0,1,0,0,0,1.5,2.0,4.0,1.0,30.0,85,36,62,4.97,4.97,4.92,4.89,5.0,4.92,4.72,1,0.79,1,133.0,99.0,1.500263339816348,628.0
1,3.0,1,1,0,1,0,1,0,0,0,0,0,1.0,1.0,1.0,3.0,1125.0,162,23,16,4.91,4.83,4.96,4.83,4.83,4.78,4.61,3,0.4,1,57.0,57.0,2.381119254702138,220.33
1,3.0,1,1,0,1,0,1,0,0,0,0,0,1.0,1.0,2.0,3.0,1125.0,175,43,23,4.72,4.58,4.84,4.81,4.81,4.53,4.56,3,0.77,1,57.0,57.0,2.231727284454548,220.33
0,2.0,1,1,0,1,0,0,0,1,0,0,0,1.5,2.0,2.0,1.0,365.0,15,9,0,5.0,4.78,4.67,5.0,5.0,5.0,4.67,2,0.17,1,124.0,124.0,0.5035595985390249,719.0
0,1.0,1,1,0,0,0,1,0,0,0,0,0,1.0,2.0,2.0,4.0,365.0,41,11,72,4.82,4.64,4.91,5.0,5.0,4.82,4.73,1,0.55,1,139.0,21.0,3.4953411614869196,298.5
1,3.0,1,1,0,1,0,0,0,1,0,0,0,2.0,2.0,3.0,3.0,7.0,149,23,55,4.91,5.0,4.96,5.0,5.0,4.87,4.65,3,0.45,1,57.0,57.0,2.1001606973564217,405.33
1,2.0,1,1,0,1,0,1,0,0,0,0,0,1.0,1.0,1.0,1.0,365.0,48,159,255,4.8,4.74,4.82,4.87,4.86,4.74,4.52,2,2.77,1,93.0,57.0,4.190756534465035,160.0
1,13.0,1,1,0,0,0,0,0,1,0,0,0,1.0,1.0,2.0,2.0,999.0,180,63,101,4.65,4.6,4.67,4.56,4.59,4.7,4.43,13,1.13,1,59.0,59.0,7.699737554116755,190.5
0,2.0,1,1,0,0,0,0,0,1,0,0,0,1.0,1.0,2.0,3.0,365.0,59,19,0,5.0,5.0,4.84,4.95,5.0,4.89,4.74,2,0.33,1,57.0,57.0,6.323983778290384,262.67
0,1.0,1,1,0,0,0,1,0,0,0,0,0,1.0,1.0,1.0,1.0,40.0,223,11,8,4.82,4.82,4.82,4.82,4.91,4.82,4.55,1,0.19,1,143.0,56.0,2.009493944725203,337.0
0,1.0,1,1,0,0,0,1,0,0,0,0,0,2.0,2.0,2.0,7.0,365.0,147,2,0,5.0,5.0,5.0,5.0,5.0,5.0,5.0,1,0.05,1,172.0,46.0,3.1586176004489337,274.71
0,1.0,0,1,0,0,0,1,0,0,0,0,0,1.0,1.0,1.0,4.0,30.0,336,18,32,4.83,4.78,4.83,4.94,4.89,4.94,4.72,1,0.36,1,56.0,49.0,1.3545666311786075,371.0
0,1.0,1,1,0,0,0,1,0,0,0,0,0,1.0,1.0,1.0,5.0,14.0,9,11,30,5.0,4.82,5.0,4.82,5.0,4.82,4.82,1,0.24,1,94.0,48.0,1.5102607746984211,243.2
1,1.0,1,1,0,1,0,1,0,0,0,0,0,1.5,1.0,1.0,3.0,1125.0,242,289,255,4.88,4.9,4.79,4.92,4.89,4.9,4.73,1,5.05,1,158.0,56.0,1.733995864377696,142.67
0,2.0,1,1,0,0,0,1,0,0,0,0,0,1.0,2.0,1.0,3.0,1125.0,167,10,23,5.0,5.0,4.9,5.0,5.0,5.0,5.0,2,0.18,1,177.0,177.0,1.5265298974368706,494.67
0,1.0,1,1,0,0,0,1,0,0,0,0,0,1.5,1.0,1.0,4.0,30.0,360,14,0,4.93,4.93,4.93,5.0,5.0,4.93,4.79,1,0.25,1,154.0,56.0,3.6176762007252092,315.5
0,1.0,1,1,0,0,0,1,0,0,0,0,0,1.0,1.0,1.0,3.0,365.0,41,7,0,5.0,5.0,5.0,5.0,5.0,5.0,4.86,1,0.13,1,113.0,54.0,1.489653828327641,243.67
0,1.0,0,1,0,1,0,1,0,0,0,0,0,1.0,1.0,2.0,3.0,15.0,296,61,101,4.85,4.89,4.9,4.95,4.9,4.98,4.89,1,1.08,1,56.0,55.0,0.23549157491644343,205.67
0,1.0,1,1,0,0,0,0,0,1,0,0,0,1.0,2.0,2.0,2.0,18.0,33,30,47,4.93,4.87,4.87,5.0,4.97,4.8,4.6,1,0.53,1,143.0,131.0,2.431810302760163,472.0
0,1.0,1,1,0,0,0,0,0,1,0,0,0,1.5,3.0,4.0,3.0,30.0,330,23,55,5.0,5.0,4.83,5.0,5.0,5.0,4.78,1,0.49,1,161.0,56.0,3.1293921808922462,448.0
0,1.0,1,1,0,0,0,1,0,0,0,0,0,1.5,1.0,1.0,2.0,365.0,281,11,0,5.0,5.0,5.0,5.0,5.0,4.91,4.91,1,0.23,1,143.0,46.0,3.548911281969409,342.5
1,2.0,1,1,0,1,0,1,0,0,0,0,0,1.0,1.0,1.0,1.0,1125.0,302,222,255,4.94,4.91,4.93,4.96,4.98,4.96,4.75,2,3.91,1,141.0,56.0,1.420651453724918,207.31
0,2.0,1,1,0,0,0,0,0,1,0,0,0,1.0,2.0,2.0,3.0,365.0,185,9,8,4.78,4.89,4.67,5.0,5.0,5.0,4.78,2,0.18,1,57.0,57.0,6.28210081753454,285.33
1,21.0,1,1,0,0,0,1,0,0,0,0,0,1.5,1.0,1.0,2.0,1125.0,325,16,23,4.94,5.0,4.94,4.94,5.0,4.94,4.75,9,0.31,1,161.0,103.0,1.2367580217543166,434.0
1,2.0,1,1,0,1,0,1,0,0,0,0,0,1.0,1.0,1.0,2.0,15.0,33,169,255,4.88,4.86,4.89,4.99,4.95,4.96,4.72,2,2.97,1,139.0,78.0,1.6497999324398196,248.5
1,1.0,1,1,0,1,0,1,0,0,0,0,0,1.5,1.0,2.0,1.0,365.0,208,121,156,4.76,4.82,4.74,4.7,4.71,4.93,4.44,1,2.12,1,162.0,56.0,0.6153969393469814,220.63
0,1.0,1,1,0,0,0,0,0,1,0,0,0,1.0,3.0,1.0,7.0,30.0,197,1,0,5.0,5.0,5.0,5.0,5.0,5.0,5.0,1,0.02,1,117.0,85.0,1.6413869162486296,335.86
0,1.0,1,1,0,0,0,1,0,0,0,0,0,1.5,1.0,1.0,4.0,25.0,73,11,0,4.91,4.91,4.91,4.91,4.91,4.73,4.55,1,0.22,1,135.0,56.0,1.921648949381159,302.5
0,1.0,1,1,0,0,0,0,0,0,1,0,0,1.5,4.0,4.0,5.0,120.0,267,2,0,4.5,4.5,3.5,5.0,5.0,4.0,5.0,1,0.04,1,142.0,56.0,5.911837000482581,377.8
1,2.0,1,1,0,1,0,1,0,0,0,0,0,1.0,1.0,1.0,2.0,1125.0,260,284,255,4.98,4.96,4.9,4.97,4.98,4.97,4.86,2,5.0,1,141.0,56.0,1.4213685832958136,285.5
0,1.0,1,1,0,1,0,0,0,1,0,0,0,1.5,2.0,2.0,2.0,365.0,140,355,255,4.59,4.6,4.72,4.81,4.48,4.88,4.42,1,6.25,1,131.0,77.0,0.9899461076257258,292.5
0,1.0,1,1,0,0,0,1,0,0,0,0,0,1.0,2.0,2.0,3.0,30.0,255,15,23,4.67,4.87,4.93,5.0,5.0,4.8,4.4,1,0.29,1,89.0,56.0,2.0238724492391715,546.0
0,2.0,1,1,0,0,0,0,1,0,0,0,0,1.5,2.0,2.0,5.0,50.0,153,27,70,4.96,4.93,4.93,4.96,5.0,4.89,4.81,2,0.53,1,132.0,132.0,1.6058108015842718,353.8
0,2.0,1,1,0,0,0,0,0,0,1,0,0,1.0,2.0,2.0,1.0,30.0,17,15,31,4.6,4.67,4.6,4.73,4.67,4.73,4.53,2,0.31,1,176.0,130.0,2.751882885155482,554.0
0,1.0,1,1,0,0,0,1,0,0,0,0,0,1.0,1.0,2.0,7.0,21.0,290,2,0,5.0,5.0,5.0,5.0,5.0,5.0,5.0,1,0.14,1,166.0,19.0,2.6529969544685175,180.47
0,1.0,1,1,0,0,0,1,0,0,0,0,0,1.0,1.0,1.0,3.0,1125.0,35,42,70,4.79,4.71,4.67,4.83,4.95,4.71,4.5,1,0.75,1,134.0,55.0,1.6413805413271714,193.33
0,1.0,1,1,0,0,0,1,0,0,0,0,0,1.5,1.0,1.0,4.0,14.0,315,14,8,5.0,5.0,5.0,5.0,5.0,4.86,4.79,1,0.36,1,155.0,54.0,4.301833709147088,262.5
1,1.0,1,1,0,0,0,1,0,0,0,0,0,1.0,1.0,1.0,1.0,365.0,3,61,94,4.95,4.97,4.98,4.95,4.95,4.95,4.74,1,1.1,1,55.0,55.0,0.8709432226490639,400.0
1,2.0,1,1,0,1,0,1,0,0,0,0,0,1.0,1.0,1.0,1.0,1125.0,325,87,164,4.83,4.95,4.8,4.91,4.71,4.94,4.64,2,1.56,1,57.0,57.0,1.9157894127639152,287.0
0,1.0,1,1,0,0,0,1,0,0,0,0,0,1.0,1.0,1.0,2.0,1125.0,8,15,8,5.0,5.0,5.0,4.93,5.0,5.0,4.8,1,0.3,1,120.0,50.0,1.7923116265942967,419.0
0,1.0,1,1,0,1,0,1,0,0,0,0,0,1.5,1.0,1.0,4.0,1125.0,213,37,32,4.78,4.84,4.84,4.57,4.78,4.92,4.68,1,0.66,1,112.0,55.0,1.0973131954694868,202.75
0,2.0,1,1,0,0,0,1,0,0,0,0,0,1.5,1.0,1.0,6.0,1125.0,181,10,0,5.0,5.0,5.0,5.0,5.0,4.9,4.8,1,0.19,1,105.0,55.0,2.927710562477912,294.83
0,1.0,1,1,0,0,0,0,1,0,0,0,0,1.0,1.0,2.0,3.0,10.0,133,6,23,4.17,3.83,3.5,4.33,4.83,4.83,3.83,1,0.12,1,115.0,51.0,2.757378670263667,285.33
0,1.0,1,1,0,0,0,0,0,1,0,0,0,1.5,2.0,2.0,3.0,21.0,12,6,8,4.67,4.83,4.0,5.0,5.0,4.83,4.5,1,0.13,1,137.0,49.0,2.5305811520505963,343.67
0,1.0,1,1,0,0,0,1,0,0,0,0,0,1.0,1.0,1.0,2.0,1125.0,22,14,8,4.93,5.0,4.64,5.0,5.0,4.86,4.79,1,0.26,1,119.0,119.0,4.838114568512203,133.0
0,1.0,1,1,0,0,0,1,0,0,0,0,0,1.0,1.0,1.0,2.0,30.0,168,13,0,4.85,4.85,4.85,4.92,4.92,4.92,4.77,1,0.26,1,57.0,54.0,1.8451152988543784,268.5
1,8.0,1,1,0,1,0,0,0,1,0,0,0,1.0,2.0,3.0,1.0,1125.0,309,17,16,4.71,4.88,4.88,4.71,4.65,4.88,4.41,8,0.33,1,55.0,55.0,0.9342892523840651,604.0
1,3.0,1,1,0,0,0,1,0,0,0,0,0,1.0,1.0,1.0,1.0,1125.0,199,1,0,5.0,5.0,5.0,5.0,5.0,5.0,5.0,3,0.02,1,120.0,120.0,4.8373192881926945,450.0
0,1.0,1,1,0,0,0,1,0,0,0,0,0,1.0,1.0,1.0,2.0,30.0,3,27,47,4.96,4.93,4.96,4.85,4.96,4.85,4.78,1,0.5,1,68.0,55.0,1.4286607595143594,314.0
0,1.0,1,1,0,0,0,1,0,0,0,0,0,1.0,1.0,1.0,3.0,12.0,9,27,55,5.0,5.0,4.96,4.96,4.96,4.96,4.81,1,0.53,1,123.0,106.0,1.7257331157455913,298.67
1,2.0,1,1,0,1,0,1,0,0,0,0,0,1.0,1.0,1.0,1.0,175.0,260,265,255,4.89,4.91,4.85,4.97,4.96,4.92,4.79,2,5.55,1,137.0,47.0,0.22574773082406907,152.92
0,1.0,1,1,0,0,0,0,0,1,0,0,0,1.0,2.0,2.0,2.0,30.0,43,24,23,5.0,5.0,4.92,5.0,5.0,4.92,4.75,1,0.43,1,130.0,55.0,2.544479181810712,616.5
0,1.0,1,1,0,0,0,1,0,0,0,0,0,1.0,1.0,1.0,3.0,1125.0,52,1,0,5.0,5.0,5.0,5.0,5.0,5.0,5.0,1,0.04,1,119.0,52.0,1.7731724089059109,350.0
1,3.0,1,1,0,0,0,0,0,1,0,0,0,1.5,2.0,3.0,1.0,1125.0,186,45,0,4.87,4.64,4.78,4.98,4.98,4.67,4.53,3,0.87,1,120.0,120.0,4.881750069041293,450.0
0,1.0,1,1,0,0,0,0,0,1,0,0,0,1.5,3.0,1.0,2.0,14.0,345,23,16,4.96,4.91,4.87,4.96,4.96,4.78,4.78,1,0.46,1,156.0,49.0,3.10800281574703,536.5
0,2.0,1,1,0,1,0,1,0,0,0,0,0,1.0,1.0,1.0,3.0,28.0,306,0,0,-1.0,-1.0,-1.0,-1.0,-1.0,-1.0,-1.0,2,0.0,0,110.0,97.0,0.06033664552403855,249.33
1,1.0,1,1,0,1,0,0,0,1,0,0,0,2.0,2.0,2.0,2.0,1125.0,97,167,255,4.96,4.96,4.94,4.99,4.98,4.78,4.83,1,3.28,1,55.0,51.0,3.897677302142092,329.8
1,1.0,1,1,0,0,0,0,0,1,0,0,0,1.0,2.0,2.0,2.0,30.0,6,37,101,5.0,5.0,5.0,4.97,5.0,4.92,4.89,1,0.67,1,158.0,157.0,1.3076069064374454,588.0
0,2.0,1,1,0,1,0,1,0,0,0,0,0,1.0,1.0,1.0,4.0,28.0,292,19,8,4.95,4.89,4.79,5.0,4.95,5.0,4.79,2,0.37,1,110.0,97.0,0.20683876686073002,243.5
0,1.0,1,1,0,0,0,1,0,0,0,0,0,1.0,1.0,1.0,3.0,30.0,13,6,8,5.0,5.0,5.0,5.0,5.0,5.0,4.83,1,0.11,1,108.0,55.0,1.6175060473051885,500.33
1,3.0,1,1,0,0,0,0,0,1,0,0,0,3.0,2.0,2.0,2.0,1125.0,216,172,255,4.88,4.86,4.85,4.94,4.96,4.74,4.72,3,3.13,1,163.0,163.0,5.04401582445103,229.0
0,1.0,1,1,0,1,0,1,0,0,0,0,0,1.0,1.0,1.0,1.0,1125.0,53,91,0,4.49,4.58,4.58,4.69,4.51,4.9,4.22,1,1.65,1,55.0,55.0,1.1653553488615267,215.0
0,1.0,1,1,0,0,0,1,0,0,0,0,0,1.5,1.0,1.0,2.0,365.0,24,11,23,5.0,5.0,5.0,5.0,5.0,4.91,4.73,1,0.29,1,123.0,115.0,2.774690354587841,248.5
0,1.0,1,1,0,0,0,0,0,0,1,0,0,1.5,3.0,1.0,1.0,365.0,135,0,0,-1.0,-1.0,-1.0,-1.0,-1.0,-1.0,-1.0,1,0.0,0,160.0,160.0,4.466003989411235,233.0
0,2.0,1,1,0,0,0,1,0,0,0,0,0,1.5,1.0,1.0,5.0,15.0,330,17,40,5.0,4.94,5.0,5.0,4.94,4.88,4.71,1,0.32,1,144.0,55.0,2.0406999079668644,527.4
0,1.0,1,1,0,0,0,0,0,1,0,0,0,1.5,2.0,2.0,3.0,1125.0,23,21,39,4.95,4.9,4.95,5.0,5.0,4.81,4.86,1,0.4,1,133.0,55.0,2.824589192311383,458.0
0,1.0,1,1,0,0,0,0,1,0,0,0,0,1.0,2.0,2.0,3.0,3.0,165,27,31,4.96,4.96,4.93,4.93,5.0,4.85,4.74,1,0.52,1,150.0,138.0,2.7534849492215607,323.33
0,1.0,1,1,0,0,0,1,0,0,0,0,0,1.5,1.0,1.0,2.0,20.0,166,22,16,4.86,4.86,4.77,4.95,5.0,4.68,4.55,1,0.42,1,131.0,115.0,2.522296619704817,365.5
0,1.0,1,1,0,0,0,0,0,1,0,0,0,1.5,2.0,2.0,3.0,730.0,349,29,39,4.9,4.72,4.55,4.97,4.93,4.97,4.62,1,0.69,1,139.0,54.0,1.5366354285808712,608.67
1,8.0,1,1,0,1,0,1,0,0,0,0,0,1.0,1.0,1.0,1.0,1125.0,350,58,8,4.57,4.64,4.72,4.76,4.71,4.67,4.34,8,1.13,1,55.0,55.0,0.8495110594400305,221.0
1,8.0,1,1,0,1,0,0,1,0,0,0,0,1.0,1.0,1.0,1.0,1125.0,295,46,23,4.54,4.63,4.57,4.76,4.59,4.87,4.28,8,0.87,1,55.0,55.0,0.9512623003259987,252.0
0,1.0,1,1,0,0,0,1,0,0,0,0,0,1.5,1.0,1.0,3.0,365.0,359,14,16,4.93,4.86,4.86,5.0,5.0,4.93,4.86,1,0.27,1,130.0,54.0,1.8094066746343045,468.67
0,1.0,1,1,0,0,0,0,0,1,0,0,0,1.5,2.0,2.0,2.0,30.0,12,27,55,4.93,4.93,4.96,5.0,5.0,4.85,4.52,1,0.5,1,149.0,54.0,2.34853084099698,453.2
0,1.0,1,1,0,0,0,0,0,1,0,0,0,1.5,2.0,2.0,1.0,27.0,105,29,47,4.97,4.9,4.9,4.9,4.97,4.9,4.83,1,0.52,1,108.0,81.0,0.8393798532736714,399.5
0,1.0,1,1,0,0,0,1,0,0,0,0,0,1.0,1.0,1.0,2.0,30.0,3,19,16,4.95,4.95,4.95,4.95,4.95,4.89,4.79,1,0.38,1,113.0,50.0,2.345568054977085,274.0
0,1.0,1,1,0,0,0,1,0,0,0,0,0,1.5,1.0,1.0,2.0,30.0,17,19,23,4.89,4.89,4.89,4.89,4.95,5.0,4.89,1,0.37,1,149.0,54.0,2.2497890410641994,274.0
0,1.0,1,1,0,0,0,0,0,1,0,0,0,1.5,2.0,3.0,1.0,10.0,30,14,16,4.93,4.93,4.71,4.93,5.0,5.0,4.86,1,0.27,1,144.0,54.0,4.017417393752387,320.8
0,1.0,1,1,0,0,0,0,0,1,0,0,0,1.5,3.0,4.0,2.0,7.0,105,18,39,4.78,4.83,4.78,4.94,5.0,4.41,4.61,1,0.48,1,155.0,47.0,5.32975943745111,361.5
0,1.0,1,1,0,0,0,1,0,0,0,0,0,1.0,1.0,1.0,3.0,1125.0,161,12,8,5.0,5.0,5.0,5.0,5.0,5.0,4.92,1,0.25,1,131.0,47.0,0.8559404705208652,278.33
0,2.0,1,1,0,0,0,0,0,1,0,0,0,1.0,2.0,1.0,2.0,31.0,70,227,255,4.58,4.66,4.63,4.76,4.73,4.85,4.42,2,4.17,1,88.0,88.0,0.9950049060358581,252.77
0,1.0,1,1,0,0,0,0,0,1,0,0,0,1.0,1.0,3.0,4.0,365.0,60,101,136,4.7,4.69,4.73,4.87,4.78,4.93,4.47,1,1.95,1,54.0,54.0,1.2562972972598476,281.59
0,1.0,1,1,0,0,0,1,0,0,0,0,0,1.0,1.0,1.0,5.0,35.0,49,9,0,5.0,5.0,5.0,5.0,5.0,5.0,4.56,1,0.25,1,121.0,36.0,1.6013885062212772,336.8
1,1.0,0,1,0,0,0,0,0,1,0,0,0,1.0,1.0,3.0,2.0,2.0,61,27,47,4.85,4.74,4.78,4.89,5.0,4.85,4.41,1,0.77,1,60.0,34.0,2.060666484988622,456.5
0,1.0,1,1,0,0,0,1,0,0,0,0,0,1.0,3.0,1.0,3.0,365.0,19,12,8,5.0,5.0,5.0,5.0,5.0,5.0,4.92,1,0.22,1,149.0,117.0,2.553530848607562,426.33
1,3.0,1,1,0,0,0,1,0,0,0,0,0,1.0,1.0,1.0,3.0,1125.0,263,177,255,4.93,4.84,4.97,4.9,4.94,4.95,4.82,3,3.27,1,110.0,53.0,1.5831673561444588,283.33
0,1.0,1,1,0,0,0,0,0,1,0,0,0,1.5,2.0,2.0,4.0,1125.0,316,14,0,4.93,4.93,4.93,5.0,4.93,4.64,4.79,1,0.36,1,90.0,81.0,3.1107049467462966,428.0
0,1.0,1,1,0,0,0,1,0,0,0,0,0,1.0,1.0,1.0,5.0,30.0,29,1,0,5.0,5.0,5.0,5.0,5.0,4.0,5.0,1,0.02,1,116.0,54.0,2.579526535444454,235.2
1,4.0,1,1,0,0,0,0,0,1,0,0,0,1.0,2.0,2.0,1.0,730.0,294,68,211,4.97,5.0,4.9,5.0,5.0,4.97,4.76,2,1.38,1,169.0,137.0,1.5240355956912477,753.18
0,1.0,1,1,0,0,0,1,0,0,0,0,0,1.5,1.0,1.0,3.0,28.0,8,18,23,4.94,4.89,5.0,5.0,5.0,4.94,4.67,1,0.35,1,146.0,54.0,1.7471602348583828,633.35
0,1.0,1,1,0,0,0,1,0,0,0,0,0,1.0,1.0,1.0,2.0,30.0,5,1,8,5.0,5.0,5.0,5.0,5.0,5.0,5.0,1,1.0,1,136.0,37.0,4.875919863340692,200.0
1,1.0,1,1,0,0,0,1,0,0,0,0,0,1.0,1.0,1.0,2.0,10.0,5,28,62,4.96,4.89,4.82,4.96,4.93,4.93,4.71,1,0.62,1,169.0,129.0,1.1674522009908288,320.0
0,2.0,1,1,0,0,0,0,0,1,0,0,0,1.5,2.0,2.0,1.0,1125.0,9,28,47,5.0,4.96,4.89,5.0,5.0,5.0,4.82,1,0.65,1,122.0,42.0,1.382564810196716,406.0
0,1.0,1,1,0,1,0,1,0,0,0,0,0,1.5,1.0,1.0,2.0,730.0,332,147,195,4.93,4.89,4.8,4.97,4.97,4.84,4.73,1,2.83,1,174.0,140.0,4.081818171608836,123.0
1,1.0,1,1,0,0,0,1,0,0,0,0,0,1.5,1.0,1.0,1.0,6.0,88,111,234,4.89,4.84,4.75,4.89,4.9,5.0,4.7,1,2.15,1,73.0,53.0,1.3171678037866208,440.0
0,1.0,1,1,0,0,0,1,0,0,0,0,0,1.0,1.0,1.0,3.0,9.0,18,2,16,5.0,5.0,4.5,5.0,5.0,5.0,4.5,1,0.82,1,134.0,53.0,3.30540014009007,213.67
0,1.0,1,1,0,1,0,0,0,1,0,0,0,1.0,2.0,2.0,1.0,730.0,259,316,255,4.68,4.65,4.58,4.86,4.89,4.61,4.53,1,5.83,1,53.0,53.0,2.648439148570742,233.94
1,2.0,1,1,0,0,0,0,0,1,0,0,0,1.5,2.0,2.0,3.0,365.0,145,17,86,4.94,4.94,4.88,5.0,5.0,5.0,4.76,1,0.51,1,136.0,136.0,4.100959867660164,399.67
0,1.0,1,1,0,1,0,0,0,1,0,0,0,1.5,2.0,2.0,2.0,365.0,179,156,255,4.43,4.6,4.46,4.78,4.8,4.79,4.24,1,2.95,1,53.0,53.0,1.477566431815506,159.77
0,3.0,1,1,0,0,0,1,0,0,0,0,0,1.0,1.0,1.0,1.0,1000.0,239,5,0,3.8,3.8,3.2,3.8,4.0,5.0,3.8,3,0.1,1,53.0,53.0,0.9111665876594583,287.14
0,3.0,1,1,0,0,0,1,0,0,0,0,0,1.0,1.0,1.0,1.0,1000.0,219,1,0,5.0,5.0,5.0,5.0,5.0,5.0,5.0,3,0.03,1,53.0,53.0,0.827565865056311,252.86
0,3.0,1,1,0,0,0,0,0,1,0,0,0,1.0,2.0,2.0,1.0,1000.0,235,12,0,4.08,4.17,3.92,3.75,3.83,4.75,4.0,3,0.24,1,53.0,53.0,0.8553897777471147,274.29
1,1.0,1,1,0,0,0,1,0,0,0,0,0,1.0,1.0,1.0,1.0,90.0,243,35,94,4.94,4.86,4.86,4.94,4.97,4.89,4.69,1,0.66,1,147.0,53.0,3.360005908141082,354.0
0,1.0,1,1,0,0,0,1,0,0,0,0,0,1.0,1.0,1.0,2.0,21.0,21,16,0,5.0,5.0,4.88,5.0,5.0,4.63,4.63,1,0.3,1,105.0,52.0,2.8001771560880533,326.03
0,1.0,1,1,0,0,0,0,0,1,0,0,0,1.5,2.0,2.0,4.0,17.0,21,15,0,5.0,4.93,4.93,5.0,5.0,4.73,4.67,1,0.3,1,157.0,92.0,3.1040829299817565,458.8
0,1.0,0,1,0,0,0,0,0,1,0,0,0,2.5,2.0,2.0,4.0,365.0,192,15,40,4.87,4.93,4.87,5.0,4.87,5.0,4.87,1,0.33,1,89.0,52.0,0.45949463575784855,622.0
0,1.0,1,1,0,0,0,0,0,1,0,0,0,1.5,3.0,4.0,3.0,7.0,19,17,0,4.71,4.53,4.65,4.76,4.88,4.71,4.53,1,0.39,1,165.0,43.0,1.8861780961249952,658.33
0,1.0,1,1,0,0,0,1,0,0,0,0,0,1.0,1.0,1.0,2.0,365.0,4,13,16,4.85,5.0,4.62,5.0,5.0,4.92,4.54,1,0.25,1,130.0,85.0,2.1560367050294027,479.5
0,1.0,1,1,0,0,0,1,0,0,0,0,0,1.5,1.0,1.0,2.0,365.0,24,9,0,5.0,5.0,5.0,5.0,5.0,4.78,4.89,1,0.24,1,128.0,38.0,2.478925938764807,299.75
0,1.0,1,1,0,0,0,1,0,0,0,0,0,1.0,1.0,1.0,2.0,1125.0,56,12,8,4.92,5.0,5.0,5.0,5.0,5.0,4.83,1,0.24,1,139.0,138.0,1.608371002989833,254.16
1,1.0,1,1,0,0,0,0,0,1,0,0,0,1.0,2.0,2.0,2.0,1125.0,49,231,255,4.97,4.94,4.95,4.98,5.0,4.9,4.83,1,4.4,1,102.0,102.0,1.4894685055519057,300.33
0,1.0,1,1,0,0,0,0,0,1,0,0,0,1.5,2.0,3.0,2.0,365.0,83,18,23,4.67,4.56,4.78,4.89,4.83,4.78,4.44,1,0.38,1,160.0,160.0,3.2140196327264134,371.0
1,1.0,1,1,0,0,0,1,0,0,0,0,0,1.0,1.0,1.0,2.0,3.0,3,43,62,4.98,4.98,4.98,4.95,4.98,4.49,4.72,1,0.81,1,121.0,52.0,6.938737451096481,129.0
1,1.0,1,1,0,1,0,0,0,1,0,0,0,1.5,2.0,2.0,2.0,1125.0,300,109,203,4.78,4.8,4.77,4.85,4.98,4.75,4.4,1,2.16,1,143.0,79.0,2.9056629646294927,320.0
0,1.0,1,1,0,0,0,0,0,1,0,0,0,1.5,2.0,3.0,4.0,14.0,133,1,8,5.0,4.0,5.0,5.0,5.0,4.0,5.0,1,0.42,1,114.0,12.0,4.913642971046533,456.5
0,1.0,1,1,0,0,0,0,0,1,0,0,0,1.0,2.0,2.0,3.0,14.0,263,35,55,4.91,4.86,4.8,5.0,4.86,4.83,4.6,1,0.67,1,124.0,51.0,2.3118031998557464,704.0
0,6.0,1,1,0,1,0,1,0,0,0,0,0,1.0,1.0,2.0,1.0,365.0,348,402,255,4.71,4.8,4.8,4.88,4.88,4.81,4.52,6,7.59,1,99.0,99.0,0.4718174644420425,85.0
1,1.0,1,1,0,0,0,1,0,0,0,0,0,1.0,1.0,1.0,2.0,1125.0,294,109,242,4.77,4.75,4.62,4.8,4.89,4.88,4.45,1,2.38,1,76.0,60.0,1.8858091375306387,245.36
1,1.0,1,1,0,1,0,1,0,0,0,0,0,1.0,1.0,1.0,1.0,1125.0,92,305,255,4.95,4.94,4.92,4.98,4.98,4.92,4.74,1,5.77,1,52.0,52.0,0.5260793676135591,199.0
0,1.0,1,1,0,0,0,1,0,0,0,0,0,1.0,1.0,1.0,1.0,730.0,358,5,8,5.0,5.0,4.8,5.0,5.0,4.8,4.8,1,0.1,1,133.0,50.0,2.0273036079171867,318.0
1,1.0,1,1,0,1,0,0,0,1,0,0,0,1.0,2.0,2.0,3.0,1125.0,160,195,255,4.78,4.83,4.85,4.96,4.96,4.97,4.59,1,3.94,1,125.0,120.0,0.7723344001236151,317.63
0,1.0,1,1,0,0,0,0,1,0,0,0,0,1.5,2.0,1.0,3.0,365.0,134,2,0,5.0,5.0,5.0,5.0,5.0,5.0,4.5,1,0.05,1,140.0,39.0,3.1333587205569504,418.67
0,1.0,1,1,0,0,0,1,0,0,0,0,0,1.0,1.0,2.0,2.0,365.0,123,6,16,5.0,4.83,4.83,5.0,5.0,4.67,4.67,1,0.28,1,123.0,23.0,2.088356021019966,245.5
0,1.0,1,1,0,0,0,1,0,0,0,0,0,1.5,2.0,1.0,2.0,730.0,327,1,0,5.0,5.0,5.0,5.0,5.0,5.0,5.0,1,0.04,1,51.0,37.0,2.4821066288586704,338.5
0,2.0,1,1,0,0,0,1,0,0,0,0,0,1.0,1.0,1.0,3.0,30.0,92,7,8,4.86,4.86,4.71,4.71,5.0,5.0,4.29,2,0.15,1,59.0,45.0,2.1354426464799,211.33
0,1.0,1,1,0,1,0,1,0,0,0,0,0,1.5,1.0,1.0,3.0,365.0,127,12,70,5.0,5.0,4.92,5.0,5.0,4.92,5.0,1,0.84,1,95.0,16.0,1.6144482310613688,171.33
0,1.0,1,1,0,0,0,1,0,0,0,0,0,1.0,1.0,1.0,5.0,30.0,142,6,0,4.67,4.67,4.5,4.83,5.0,5.0,4.5,1,0.12,1,165.0,128.0,2.179845011009206,183.8
1,1.0,1,1,0,1,0,1,0,0,0,0,0,1.0,1.0,1.0,2.0,30.0,217,417,255,4.99,4.98,5.0,4.99,5.0,4.97,4.94,1,8.05,1,157.0,157.0,1.1775672442542668,217.0
0,1.0,1,1,0,0,0,0,1,0,0,0,0,1.0,1.0,1.0,2.0,7.0,5,25,16,4.8,4.88,4.76,4.96,4.96,4.8,4.64,1,0.49,1,130.0,51.0,2.3577936302237155,228.5
0,1.0,1,1,0,0,0,1,0,0,0,0,0,1.0,2.0,1.0,2.0,14.0,13,30,47,4.93,5.0,4.83,4.97,4.97,4.83,4.6,1,0.58,1,115.0,115.0,2.562345281582293,244.5
0,5.0,1,1,0,1,0,1,0,0,0,0,0,1.5,1.0,1.0,1.0,1125.0,282,314,255,4.56,4.58,4.5,4.81,4.82,4.54,4.32,3,6.1,1,104.0,104.0,6.124202872548336,78.88
0,1.0,1,1,0,0,0,0,1,0,0,0,0,1.0,2.0,1.0,1.0,50.0,301,18,8,5.0,5.0,4.94,5.0,5.0,5.0,4.78,1,0.37,1,146.0,51.0,2.952488770110236,339.0
0,1.0,1,1,0,0,0,0,0,1,0,0,0,1.5,2.0,2.0,2.0,20.0,13,4,0,4.75,4.75,5.0,5.0,4.75,4.75,4.25,1,0.1,1,115.0,40.0,2.1657351040940513,479.4
0,1.0,1,1,0,0,0,1,0,0,0,0,0,1.0,1.0,1.0,2.0,7.0,126,3,23,4.67,5.0,5.0,5.0,5.0,5.0,4.67,1,1.76,1,146.0,80.0,0.9178953646099461,278.5
0,1.0,1,1,0,0,0,0,0,1,0,0,0,1.0,1.0,2.0,2.0,365.0,125,28,47,4.96,4.96,4.64,4.93,5.0,4.89,4.64,1,0.55,1,150.0,82.0,2.718032419813841,314.0
0,1.0,1,1,0,0,0,1,0,0,0,0,0,1.0,1.0,1.0,2.0,30.0,70,13,16,5.0,5.0,4.92,5.0,5.0,5.0,4.85,1,0.26,1,146.0,115.0,1.6068299087475217,353.0
0,1.0,1,1,0,0,0,1,0,0,0,0,0,1.0,1.0,1.0,3.0,15.0,6,11,0,4.82,4.73,4.64,5.0,5.0,4.82,4.45,1,0.21,1,152.0,50.0,1.7679136901353305,375.67
0,1.0,1,1,0,0,0,0,0,1,0,0,0,1.0,1.0,2.0,2.0,30.0,105,7,55,5.0,5.0,4.57,5.0,4.86,5.0,4.57,1,0.74,1,114.0,46.0,1.823911137904847,565.0
0,1.0,1,1,0,0,0,1,0,0,0,0,0,1.5,1.0,1.0,1.0,1125.0,70,7,23,5.0,5.0,5.0,5.0,5.0,4.86,4.86,1,0.14,1,159.0,51.0,2.462064878231962,280.75
0,1.0,1,1,0,0,0,1,0,0,0,0,0,1.5,2.0,1.0,1.0,21.0,12,9,8,5.0,5.0,4.78,4.89,5.0,4.78,4.89,1,0.18,1,156.0,51.0,2.3010855246738715,279.67
1,3.0,1,1,0,0,0,1,0,0,0,0,0,1.0,1.0,1.0,3.0,365.0,196,39,70,4.92,4.87,4.85,4.97,4.97,5.0,4.85,2,0.76,1,164.0,164.0,1.5932839892220538,209.22
0,5.0,1,1,0,1,0,0,0,1,0,0,0,1.5,2.0,2.0,2.0,31.0,255,26,0,4.15,4.38,4.08,4.35,4.58,4.27,3.92,3,0.51,1,104.0,104.0,6.027359827670259,228.5
1,1.0,0,1,0,0,0,0,0,1,0,0,0,1.0,2.0,3.0,1.0,1125.0,61,299,255,4.97,4.95,4.88,4.97,5.0,4.99,4.92,1,5.79,1,51.0,51.0,1.2192500580026593,205.67
1,2.0,1,1,0,1,0,0,1,0,0,0,0,1.0,1.0,4.0,2.0,1125.0,144,244,255,4.84,4.88,4.8,4.92,4.95,4.95,4.77,1,4.75,1,51.0,51.0,1.208614461781428,193.0
0,1.0,1,1,0,0,0,0,0,1,0,0,0,1.0,4.0,4.0,7.0,30.0,68,0,0,-1.0,-1.0,-1.0,-1.0,-1.0,-1.0,-1.0,1,0.0,0,166.0,50.0,6.180099104648368,353.36
0,1.0,1,1,0,0,0,1,0,0,0,0,0,1.0,1.0,1.0,5.0,15.0,7,24,30,4.83,4.83,4.88,4.63,4.75,4.75,4.46,1,0.47,1,129.0,50.0,2.5625729555495034,202.8
0,1.0,1,1,0,1,0,1,0,0,0,0,0,1.5,1.0,1.0,3.0,14.0,193,64,16,4.97,4.98,4.97,5.0,4.97,4.97,4.91,1,1.27,1,133.0,49.0,1.0159426201505535,390.0
0,1.0,1,1,0,0,0,0,0,1,0,0,0,1.0,3.0,3.0,1.0,1125.0,309,31,55,4.84,4.9,4.77,4.97,5.0,4.9,4.58,1,0.64,1,162.0,120.0,1.3570440694419357,634.0
0,5.0,1,1,0,0,0,1,0,0,0,0,0,1.0,1.0,1.0,1.0,60.0,132,28,23,3.75,4.29,4.39,3.75,4.14,4.14,3.82,5,0.57,1,50.0,50.0,3.368051585120018,212.0
0,1.0,1,1,0,0,0,0,0,1,0,0,0,1.0,2.0,2.0,6.0,30.0,299,10,12,4.9,4.9,4.9,4.9,5.0,5.0,4.7,1,0.2,1,83.0,48.0,2.407650959266593,483.5
1,1.0,1,1,0,0,0,0,1,0,0,0,0,1.0,1.0,4.0,2.0,90.0,42,116,255,4.9,4.84,4.78,4.96,4.94,4.97,4.59,1,2.88,1,139.0,41.0,0.25652570949664355,350.0
1,3.0,1,1,0,1,0,1,0,0,0,0,0,1.5,1.0,1.0,2.0,1125.0,33,36,39,4.97,4.97,5.0,5.0,5.0,5.0,4.92,3,0.72,1,117.0,104.0,1.347416735052547,274.5
0,1.0,1,1,0,0,0,1,0,0,0,0,0,1.0,1.0,1.0,3.0,730.0,89,6,0,4.67,4.83,4.5,4.5,4.83,5.0,4.0,1,0.12,1,95.0,50.0,1.0216848058854942,361.67
1,1.0,1,1,0,0,0,1,0,0,0,0,0,1.0,1.0,1.0,2.0,365.0,94,81,255,4.94,4.88,4.89,4.84,4.94,4.74,4.74,1,3.46,1,143.0,121.0,3.6146152547014516,187.72
0,1.0,1,1,0,0,0,0,0,1,0,0,0,1.0,2.0,4.0,3.0,30.0,28,9,0,4.78,4.78,4.89,4.89,4.89,4.89,4.67,1,0.18,1,120.0,50.0,2.1376632656817303,324.67
0,2.0,1,1,0,0,0,0,0,1,0,0,0,1.5,2.0,3.0,2.0,1125.0,196,39,70,4.95,4.92,4.95,4.92,5.0,4.97,4.72,1,0.91,1,197.0,108.0,1.6572661934217896,475.33
1,1.0,1,1,0,0,0,1,0,0,0,0,0,1.0,1.0,1.0,2.0,365.0,85,81,164,4.89,4.93,4.85,4.79,4.94,4.73,4.65,1,1.81,1,125.0,82.0,3.323026986332818,163.0
0,1.0,1,1,0,0,0,1,0,0,0,0,0,1.5,1.0,1.0,2.0,1125.0,299,177,156,4.93,4.86,4.82,4.91,4.86,4.78,4.67,1,3.55,1,137.0,39.0,3.675712847394941,213.5
1,1.0,1,1,0,1,0,0,1,0,0,0,0,1.5,1.0,2.0,5.0,31.0,72,139,120,4.9,4.88,4.88,4.96,4.99,4.74,4.65,1,2.73,1,84.0,50.0,2.751950366263266,222.6
1,1.0,1,1,0,1,0,0,0,1,0,0,0,1.5,2.0,3.0,3.0,1125.0,78,74,78,4.97,4.97,4.99,4.97,5.0,4.89,4.86,1,1.45,1,139.0,76.0,2.464529084557481,270.33
0,1.0,1,1,0,0,0,1,0,0,0,0,0,1.5,1.0,1.0,2.0,30.0,164,6,0,4.83,5.0,4.83,5.0,5.0,4.83,4.67,1,0.13,1,161.0,49.0,3.2038852352182485,399.5
1,2.0,1,1,0,0,0,0,0,1,0,0,0,3.0,3.0,3.0,3.0,7.0,20,35,70,4.94,4.83,4.6,4.91,4.91,4.94,4.66,1,0.7,1,132.0,132.0,2.191357060653474,462.33
0,1.0,1,1,0,0,0,0,0,1,0,0,0,1.0,2.0,1.0,5.0,365.0,15,9,0,5.0,5.0,5.0,5.0,5.0,5.0,4.89,1,0.18,1,137.0,50.0,1.9023730916011563,473.6
0,2.0,1,1,0,0,0,0,0,1,0,0,0,1.5,2.0,5.0,3.0,28.0,24,16,16,4.75,4.81,4.81,5.0,4.94,4.75,4.81,1,0.33,1,122.0,78.0,6.733324575383261,481.33
0,1.0,1,1,0,0,0,0,0,0,1,0,0,1.5,4.0,3.0,5.0,365.0,24,12,40,4.75,4.75,4.75,5.0,5.0,5.0,4.75,1,0.24,1,166.0,118.0,3.1602792547455936,463.0
0,1.0,1,1,0,0,0,0,0,1,0,0,0,1.0,2.0,3.0,1.0,700.0,22,22,31,4.95,4.95,4.73,5.0,5.0,4.91,4.68,1,0.43,1,82.0,50.0,2.4207207915673608,593.5
0,2.0,1,1,0,1,0,0,0,1,0,0,0,1.5,1.0,2.0,3.0,365.0,132,208,255,4.64,4.67,4.55,4.72,4.71,4.87,4.51,1,4.15,1,59.0,59.0,0.7020319934798182,220.63
1,2.0,1,1,0,1,0,1,0,0,0,0,0,1.0,1.0,1.0,1.0,175.0,251,257,255,4.88,4.92,4.79,4.95,4.95,4.88,4.71,2,5.38,1,137.0,47.0,0.22574773082406907,180.02
1,1.0,1,1,0,0,0,1,0,0,0,0,0,1.5,1.0,1.0,1.0,1125.0,65,79,203,4.91,4.89,4.95,4.81,4.91,4.71,4.57,1,1.6,1,50.0,49.0,3.644802251779294,361.0
0,5.0,1,1,0,0,0,0,0,1,0,0,0,1.0,1.0,2.0,1.0,120.0,194,24,31,4.42,4.54,4.5,4.54,4.5,4.17,4.08,5,0.49,1,50.0,50.0,3.3680515851186477,252.0
0,5.0,1,1,0,0,0,1,0,0,0,0,0,1.0,1.0,2.0,1.0,67.0,175,29,8,4.45,4.14,4.38,4.52,4.55,4.62,4.1,5,0.59,1,50.0,50.0,3.3680515851186477,233.0
0,5.0,1,1,0,0,0,0,0,1,0,0,0,1.0,1.0,2.0,1.0,65.0,172,59,101,4.46,4.44,4.46,4.56,4.54,4.17,4.22,5,1.19,1,50.0,50.0,3.3680515851186477,267.0
0,5.0,1,1,0,0,0,1,0,0,0,0,0,1.0,1.0,1.0,1.0,66.0,151,17,16,4.18,4.47,4.53,4.41,4.24,3.94,4.0,5,0.35,1,50.0,50.0,3.368021777496793,238.0
0,1.0,1,1,0,0,0,0,0,1,0,0,0,2.0,2.0,2.0,3.0,720.0,357,26,31,5.0,5.0,5.0,5.0,5.0,4.96,4.81,1,0.52,1,170.0,50.0,1.2365348313117597,604.82
0,1.0,1,1,0,1,0,1,0,0,0,0,0,1.0,1.0,1.0,2.0,365.0,97,281,255,4.55,4.69,4.48,4.68,4.65,4.93,4.34,1,5.52,1,50.0,50.0,0.5752222917543361,255.5
1,1.0,1,1,0,0,0,1,0,0,0,0,0,1.0,1.0,1.0,2.0,1125.0,227,130,125,4.98,4.95,4.96,4.98,5.0,4.85,4.83,1,2.67,1,54.0,49.0,6.869880152146264,191.5
0,1.0,1,1,0,0,0,0,0,1,0,0,0,1.0,3.0,2.0,3.0,30.0,6,14,8,5.0,4.92,4.85,5.0,5.0,5.0,4.64,1,0.28,1,50.0,50.0,1.8411549242070568,418.67
0,1.0,1,1,0,1,0,1,0,0,0,0,0,1.5,1.0,1.0,5.0,1125.0,165,3,0,4.33,4.67,3.33,4.33,4.67,4.67,4.67,1,0.07,1,52.0,43.0,2.5990314193358577,221.4
0,3.0,1,1,0,0,0,0,0,0,0,1,0,2.5,4.0,4.0,3.0,365.0,76,17,23,4.88,5.0,4.53,5.0,4.94,4.88,4.71,3,0.36,1,147.0,125.0,3.8619926856924867,650.67
1,2.0,1,1,0,1,0,0,0,0,0,0,0,1.0,1.0,1.0,3.0,60.0,26,39,78,4.9,4.9,4.85,5.0,4.95,4.69,4.79,2,0.78,1,122.0,84.0,7.970438234201832,102.75
0,1.0,1,1,0,0,0,0,0,1,0,0,0,1.5,2.0,2.0,2.0,2.0,166,40,70,4.83,4.85,4.73,4.7,4.95,4.85,4.68,1,0.79,1,88.0,88.0,1.1672050584553784,608.0
0,1.0,1,1,0,0,0,0,0,1,0,0,0,2.5,4.0,5.0,2.0,26.0,191,6,23,5.0,5.0,5.0,5.0,5.0,5.0,5.0,1,0.12,1,145.0,124.0,2.410189362258613,744.0
1,1.0,1,1,0,0,0,0,0,1,0,0,0,1.5,2.0,2.0,2.0,5.0,174,38,101,4.92,4.82,4.87,4.84,4.95,4.82,4.55,1,0.8,1,50.0,49.0,2.5099802514988125,582.0
1,3.0,1,1,0,1,0,1,0,0,0,0,0,1.0,1.0,2.0,1.0,365.0,48,169,255,4.48,4.54,4.53,4.74,4.75,4.82,4.22,3,3.37,1,107.0,57.0,1.5041037936989858,120.0
1,3.0,1,1,0,1,0,0,0,1,0,0,0,1.0,2.0,4.0,1.0,365.0,45,49,78,4.59,4.35,4.51,4.69,4.86,4.73,4.14,3,0.98,1,107.0,57.0,1.625039510741798,140.0
1,3.0,1,1,0,1,0,0,0,0,0,1,0,0.5,1.0,6.0,1.0,1125.0,44,41,70,4.56,4.59,4.66,4.85,4.9,4.88,4.46,3,0.83,1,107.0,57.0,1.645994551559697,300.0
0,1.0,1,1,0,0,0,0,0,1,0,0,0,1.5,3.0,3.0,5.0,365.0,213,10,10,5.0,5.0,4.9,4.9,5.0,5.0,4.9,1,0.21,1,76.0,49.0,2.2080437298331095,600.4
0,6.0,1,1,0,1,0,1,0,0,0,0,0,1.0,1.0,1.0,1.0,365.0,351,229,255,4.48,4.67,4.56,4.88,4.79,4.91,4.29,6,4.53,1,99.0,99.0,0.9959745208644454,85.0
0,1.0,1,1,0,0,0,1,0,0,0,0,0,1.0,1.0,1.0,2.0,1125.0,80,16,125,4.88,4.88,4.94,4.94,4.94,5.0,4.81,1,1.48,1,194.0,185.0,0.7778812046554611,263.0
1,2.0,1,1,0,0,0,1,0,0,0,0,0,1.0,2.0,1.0,2.0,1125.0,16,10,8,4.9,4.9,4.9,5.0,5.0,4.5,4.6,1,0.21,1,127.0,49.0,2.247400724869265,280.0
0,3.0,1,1,0,1,0,1,0,0,0,0,0,1.0,1.0,1.0,2.0,1125.0,107,182,242,4.79,4.77,4.83,4.9,4.9,4.74,4.49,3,4.52,1,49.0,43.0,5.291539085945034,130.67
0,1.0,1,1,0,0,0,1,0,0,0,0,0,1.5,1.0,1.0,1.0,365.0,319,18,0,5.0,5.0,4.89,5.0,5.0,4.94,4.72,1,0.37,1,125.0,49.0,2.2960585062920775,343.0
1,5.0,1,1,0,0,0,1,0,0,0,0,0,1.0,1.0,1.0,2.0,11.0,168,15,31,5.0,5.0,5.0,5.0,5.0,4.73,4.67,1,0.3,1,55.0,55.0,1.6174647382343263,442.5
0,1.0,1,1,0,0,0,0,0,1,0,0,0,1.0,3.0,3.0,4.0,21.0,166,2,16,5.0,5.0,5.0,5.0,5.0,5.0,5.0,1,0.26,1,162.0,9.0,5.491181803816044,309.75
1,1.0,1,1,0,1,0,1,0,0,0,0,0,1.0,1.0,1.0,1.0,1125.0,170,263,255,4.66,4.7,4.79,4.87,4.89,4.64,4.42,1,5.23,1,150.0,150.0,6.084194825017624,87.0
0,1.0,1,1,0,0,0,1,0,0,0,0,0,1.0,1.0,1.0,3.0,60.0,25,21,47,5.0,4.86,4.95,5.0,4.9,4.95,4.71,1,0.42,1,151.0,145.0,0.8398960411188636,293.0
1,8.0,1,1,0,1,0,0,0,1,0,0,0,1.0,1.0,1.0,1.0,365.0,290,2,0,3.5,4.5,3.5,5.0,5.0,4.5,3.0,8,0.04,1,55.0,55.0,0.9273615314032962,503.0
1,1.0,1,1,0,0,0,1,0,0,0,0,0,1.0,1.0,1.0,2.0,10.0,13,33,70,4.97,4.97,4.85,4.97,4.94,4.97,4.76,1,0.66,1,136.0,49.0,2.677163991020931,198.0
0,1.0,1,1,0,0,0,1,0,0,0,0,0,1.0,1.0,2.0,2.0,30.0,95,15,8,5.0,4.93,5.0,4.93,5.0,4.87,4.8,1,0.31,1,117.0,49.0,2.043622145408887,291.0
0,1.0,1,1,0,0,0,1,0,0,0,0,0,1.0,1.0,1.0,3.0,30.0,351,33,39,4.82,4.79,4.73,4.91,5.0,5.0,4.61,1,0.66,1,80.0,49.0,2.929264662636279,306.33
0,3.0,1,1,0,0,0,1,0,0,0,0,0,1.0,1.0,1.0,1.0,1125.0,15,71,187,4.73,4.79,4.73,4.69,4.75,4.92,4.52,3,1.42,1,49.0,49.0,0.7202787794741469,300.5
0,6.0,1,1,0,1,0,1,0,0,0,0,0,1.0,1.0,1.0,1.0,99.0,132,517,255,4.47,4.56,4.41,4.81,4.79,4.77,4.34,6,10.46,1,69.0,68.0,0.6685682818881415,86.4
1,1.0,1,1,0,0,0,1,0,0,0,0,0,1.0,1.0,1.0,2.0,500.0,343,45,117,4.87,4.89,4.69,4.96,5.0,4.87,4.58,1,0.91,1,58.0,49.0,2.9056573617549906,228.0
0,1.0,1,1,0,0,0,1,0,0,0,0,0,2.0,1.0,1.0,3.0,28.0,351,3,0,5.0,5.0,5.0,5.0,5.0,5.0,5.0,1,0.08,1,109.0,79.0,0.6142437587391019,553.67
0,1.0,1,1,0,0,0,1,0,0,0,0,0,1.0,1.0,1.0,2.0,21.0,15,16,23,5.0,4.88,4.88,5.0,5.0,4.63,4.56,1,0.44,1,107.0,37.0,2.9797168677178583,242.25
0,1.0,1,1,0,0,0,1,0,0,0,0,0,1.0,1.0,1.0,2.0,30.0,6,13,0,4.92,5.0,5.0,4.85,5.0,4.69,4.92,1,0.27,1,157.0,96.0,7.466310985098952,144.67
1,1.0,1,1,0,0,0,1,0,0,0,0,0,1.0,1.0,1.0,1.0,26.0,15,29,94,4.93,4.93,4.83,4.9,4.83,4.66,4.45,1,0.59,1,49.0,49.0,3.4769514883138117,330.0
0,1.0,1,1,0,0,0,0,0,1,0,0,0,1.5,2.0,2.0,3.0,22.0,6,13,0,5.0,4.92,4.85,5.0,5.0,4.85,4.92,1,0.27,1,132.0,125.0,2.4840082531444683,426.33
0,1.0,1,1,0,0,0,0,1,0,0,0,0,1.0,1.0,3.0,1.0,30.0,190,224,255,4.58,4.6,4.73,4.81,4.8,4.56,4.36,1,4.58,1,144.0,127.0,4.585781849966192,185.78
0,1.0,1,1,0,0,0,1,0,0,0,0,0,1.0,1.0,1.0,1.0,200.0,111,24,78,4.67,4.63,4.29,4.79,4.92,4.96,4.38,1,0.49,1,55.0,49.0,0.9198353887887297,335.0
0,1.0,1,1,0,0,0,0,0,1,0,0,0,2.0,3.0,5.0,3.0,30.0,63,1,8,5.0,4.0,4.0,5.0,5.0,4.0,4.0,1,0.67,1,143.0,143.0,3.6747045800904696,369.0
0,1.0,1,1,0,0,0,0,1,0,0,0,0,1.0,1.0,2.0,4.0,730.0,288,21,0,4.86,4.95,4.67,4.86,5.0,4.86,4.33,1,0.43,1,124.0,49.0,2.2155688217470884,274.26
0,1.0,1,1,0,0,0,0,0,1,0,0,0,1.5,4.0,4.0,2.0,14.0,14,6,8,4.67,4.67,4.5,4.83,4.5,4.83,4.33,1,0.12,1,49.0,49.0,5.053275183006297,387.5
0,1.0,1,1,0,0,0,0,0,1,0,0,0,1.0,3.0,2.0,3.0,10.0,21,19,31,4.95,5.0,4.84,5.0,5.0,4.95,4.84,1,0.39,1,154.0,48.0,1.657538843940014,351.0
0,1.0,1,1,0,0,0,1,0,0,0,0,0,1.0,1.0,1.0,2.0,365.0,364,2,0,4.0,3.5,4.5,5.0,3.0,4.0,3.5,1,0.04,1,55.0,49.0,2.4587262678908806,491.0
0,1.0,1,1,0,0,0,0,1,0,0,0,0,1.0,1.0,1.0,1.0,1125.0,182,20,23,5.0,5.0,4.95,5.0,5.0,4.9,4.75,1,0.41,1,157.0,49.0,2.4807162583519173,353.76
0,1.0,1,1,0,0,0,1,0,0,0,0,0,1.0,1.0,1.0,5.0,11.0,13,14,20,5.0,5.0,5.0,5.0,5.0,5.0,5.0,1,0.29,1,149.0,149.0,1.6787731437540712,237.4
1,1.0,1,1,0,0,0,1,0,0,0,0,0,1.0,1.0,1.0,3.0,365.0,4,26,47,4.85,4.85,4.5,4.96,4.96,4.85,4.69,1,0.52,1,164.0,164.0,2.5543319257198274,148.67
0,1.0,1,1,0,0,0,1,0,0,0,0,0,1.0,1.0,1.0,3.0,365.0,3,18,39,5.0,5.0,5.0,5.0,5.0,4.78,4.67,1,0.37,1,143.0,106.0,2.6331526964573335,285.33
0,1.0,1,1,0,0,0,1,0,0,0,0,0,1.0,1.0,1.0,5.0,365.0,11,14,60,4.57,4.79,4.29,4.71,4.93,4.29,4.43,1,0.3,1,113.0,49.0,7.761547407352858,182.6
0,1.0,1,1,0,0,0,0,0,1,0,0,0,2.0,2.0,2.0,5.0,21.0,14,9,40,4.89,5.0,4.89,4.89,5.0,4.89,4.78,1,0.24,1,130.0,46.0,3.8218963662023153,268.2
1,1.0,1,1,0,0,0,0,0,1,0,0,0,1.0,1.0,2.0,1.0,60.0,171,40,101,4.78,4.8,4.78,4.93,4.95,4.88,4.2,1,0.81,1,75.0,75.0,1.2243150569324621,468.0
1,1.0,1,1,0,1,0,1,0,0,0,0,0,0.5,1.0,1.0,3.0,1125.0,237,118,250,4.85,4.92,4.87,4.97,4.99,4.89,4.65,1,2.41,1,109.0,106.0,1.3318683991609452,158.67
1,1.0,1,1,0,0,0,0,1,0,0,0,0,1.0,1.0,2.0,1.0,1.0,171,22,39,4.95,4.86,4.95,4.95,5.0,4.91,4.73,1,0.55,1,83.0,43.0,1.2511958955682938,451.0
0,1.0,1,1,0,0,0,1,0,0,0,0,0,1.0,1.0,1.0,1.0,365.0,10,4,23,4.5,4.25,5.0,4.75,5.0,5.0,4.5,1,0.08,1,126.0,49.0,2.004223860850443,223.0
0,3.0,1,1,0,1,0,1,0,0,0,0,0,1.0,1.0,1.0,4.0,31.0,227,8,0,4.88,4.88,5.0,4.88,4.88,4.88,4.75,2,0.16,1,49.0,48.0,1.9888149298408744,128.5
0,1.0,1,1,0,0,0,0,0,1,0,0,0,1.0,2.0,1.0,3.0,14.0,27,11,8,4.82,4.91,4.82,4.82,5.0,4.82,4.73,1,0.23,1,127.0,48.0,2.130015236225741,671.67
0,1.0,1,1,0,0,0,0,0,1,0,0,0,1.0,2.0,2.0,2.0,10.0,89,22,78,4.82,4.86,4.41,5.0,4.95,4.59,4.59,1,0.45,1,145.0,131.0,5.43775106217241,377.0
0,1.0,1,1,0,0,0,0,0,1,0,0,0,1.5,2.0,2.0,1.0,15.0,12,33,55,5.0,4.94,4.91,4.88,4.97,4.91,4.88,1,0.69,1,109.0,109.0,1.5680708064300741,274.98
0,1.0,1,1,0,0,0,0,0,1,0,0,0,1.5,2.0,2.0,2.0,31.0,337,18,39,5.0,5.0,5.0,5.0,5.0,5.0,4.78,1,0.38,1,114.0,48.0,1.1068919255849647,770.5
1,1.0,1,1,0,0,0,0,0,1,0,0,0,1.5,3.0,2.0,2.0,60.0,329,48,62,4.96,4.96,4.92,4.98,4.98,4.71,4.83,1,0.98,1,144.0,130.0,2.280346151523509,557.5
0,1.0,1,1,0,0,0,1,0,0,0,0,0,1.5,1.0,1.0,4.0,30.0,227,12,16,5.0,5.0,5.0,5.0,5.0,5.0,4.92,1,0.24,1,142.0,122.0,0.7912147597454334,570.75
0,1.0,1,1,0,0,0,0,0,1,0,0,0,2.5,4.0,4.0,7.0,30.0,340,0,0,-1.0,-1.0,-1.0,-1.0,-1.0,-1.0,-1.0,1,0.0,0,66.0,15.0,2.5503097988534704,717.43
0,1.0,1,1,0,0,0,0,0,1,0,0,0,1.0,1.0,2.0,4.0,30.0,45,20,56,4.9,4.8,4.75,4.95,4.85,4.55,4.55,1,0.44,1,159.0,123.0,3.466228260775931,311.0
0,1.0,1,1,0,0,0,0,0,1,0,0,0,1.5,3.0,4.0,4.0,30.0,20,6,8,5.0,5.0,4.67,5.0,5.0,4.83,4.67,1,0.12,1,154.0,85.0,2.381339255005062,344.64
1,1.0,1,1,0,0,0,1,0,0,0,0,0,1.0,1.0,1.0,3.0,365.0,155,20,31,4.9,4.95,4.95,4.9,4.95,5.0,4.7,1,0.41,1,126.0,81.0,1.2409794036827317,276.0
0,1.0,1,1,0,0,0,1,0,0,0,0,0,1.0,1.0,1.0,5.0,20.0,64,1,10,5.0,5.0,5.0,5.0,5.0,5.0,5.0,1,0.09,1,131.0,19.0,2.8051548980236514,228.4
0,1.0,1,1,0,0,0,0,0,1,0,0,0,1.5,4.0,4.0,2.0,8.0,345,11,39,4.73,4.64,4.55,4.82,4.82,4.91,4.55,1,0.32,1,131.0,131.0,2.795557619304209,599.5
1,5.0,1,1,0,0,0,1,0,0,0,0,0,1.0,1.0,1.0,3.0,1125.0,145,11,0,4.09,4.27,4.36,4.45,4.45,3.82,3.64,5,0.24,1,48.0,47.0,3.355957450850015,178.29
0,1.0,1,1,0,0,0,1,0,0,0,0,0,1.0,1.0,1.0,1.0,11.0,11,15,16,4.87,4.87,4.93,4.93,5.0,5.0,4.6,1,0.31,1,49.0,48.0,1.2107918643084696,592.0
0,1.0,1,1,0,0,0,0,0,0,1,0,0,1.0,3.0,3.0,4.0,365.0,168,6,40,4.67,4.5,4.33,4.83,4.83,4.67,4.33,1,0.14,1,142.0,44.0,4.221569794763478,228.25
0,2.0,1,1,0,0,0,0,0,1,0,0,0,1.5,2.0,2.0,3.0,12.0,23,28,31,4.86,4.93,4.75,4.96,5.0,4.89,4.5,2,0.61,1,162.0,150.0,1.9549686854163664,477.67
0,1.0,1,1,0,0,0,1,0,0,0,0,0,1.0,1.0,1.0,3.0,365.0,13,7,8,4.71,5.0,4.86,5.0,4.86,4.86,4.71,1,0.15,1,154.0,120.0,1.9727803912882782,361.67
0,1.0,1,1,0,0,0,1,0,0,0,0,0,1.0,1.0,1.0,3.0,365.0,16,17,78,5.0,5.0,5.0,5.0,5.0,5.0,4.76,1,0.38,1,125.0,48.0,1.1143208113173138,304.33
0,1.0,1,1,0,0,0,0,0,1,0,0,0,2.0,2.0,2.0,3.0,45.0,15,32,16,4.97,4.97,4.78,4.97,4.94,5.0,4.91,1,0.65,1,119.0,119.0,0.3114942613200033,712.2
0,1.0,1,1,0,0,0,0,0,1,0,0,0,1.5,5.0,6.0,2.0,14.0,72,12,31,5.0,5.0,4.75,4.92,4.92,4.92,4.92,1,0.47,1,141.0,28.0,5.071520415803389,442.5
0,1.0,1,1,0,0,0,0,1,0,0,0,0,1.0,1.0,1.0,4.0,365.0,167,3,0,5.0,5.0,5.0,5.0,5.0,5.0,4.67,1,0.06,1,151.0,48.0,0.965294400043453,601.4
0,1.0,1,0,0,0,0,0,0,1,0,0,0,1.5,3.0,3.0,3.0,1125.0,34,30,70,4.83,4.93,4.9,4.93,4.9,4.87,4.8,1,0.63,1,120.0,48.0,3.2865271185586553,589.67
0,1.0,1,1,0,0,0,1,0,0,0,0,0,1.0,1.0,1.0,1.0,20.0,8,7,0,4.86,4.86,5.0,4.71,5.0,4.86,4.71,1,0.15,1,120.0,58.0,2.7356827416061402,217.5
0,1.0,1,1,0,0,0,0,0,1,0,0,0,2.0,2.0,2.0,4.0,30.0,205,20,24,4.95,5.0,4.95,5.0,5.0,5.0,4.85,1,0.49,1,136.0,41.0,1.6306145159448187,647.75
0,1.0,1,1,0,0,0,1,0,0,0,0,0,1.0,1.0,1.0,3.0,25.0,103,2,8,5.0,5.0,5.0,4.5,5.0,4.5,5.0,1,0.15,1,145.0,47.0,2.071979613908689,232.33
0,2.0,1,1,0,1,0,1,0,0,0,0,0,1.0,1.0,1.0,2.0,365.0,359,139,211,4.47,4.6,4.44,4.6,4.78,4.86,4.24,2,2.89,1,48.0,47.0,0.539528230242867,136.0
0,1.0,1,1,0,0,0,1,0,0,0,0,0,1.0,1.0,1.0,5.0,30.0,166,13,40,4.92,4.92,4.69,4.92,4.92,4.85,4.54,1,0.33,1,57.0,46.0,1.9598665205053472,277.2
0,2.0,1,1,0,0,0,0,0,0,1,0,0,2.5,4.0,4.0,3.0,21.0,37,6,16,5.0,5.0,5.0,5.0,5.0,4.67,4.83,1,0.16,1,103.0,47.0,5.605056909766156,516.67
0,1.0,1,1,0,0,0,1,0,0,0,0,0,1.5,1.0,1.0,1.0,10.0,252,13,16,5.0,5.0,4.92,4.92,4.92,4.77,4.54,1,0.27,1,135.0,48.0,4.241123053396435,330.0
0,2.0,1,1,0,0,0,0,1,0,0,0,0,1.5,2.0,2.0,2.0,365.0,23,23,31,4.96,4.96,4.96,5.0,5.0,5.0,4.83,1,0.49,1,164.0,145.0,1.0850645762157753,447.91
1,14.0,1,1,0,1,0,1,0,0,0,0,0,1.0,1.0,2.0,7.0,365.0,177,120,255,4.71,4.72,4.46,4.83,4.9,4.6,4.43,2,2.47,1,142.0,130.0,5.2496220941528655,86.18
1,2.0,1,1,0,0,0,0,0,1,0,0,0,1.0,2.0,2.0,1.0,1125.0,276,135,255,4.91,4.93,4.93,4.96,5.0,4.99,4.76,2,2.78,1,154.0,154.0,0.8349778117986902,514.0
1,1.0,1,1,0,0,0,0,0,1,0,0,0,1.5,2.0,2.0,2.0,14.0,20,151,234,4.86,4.81,4.96,4.95,4.96,4.63,4.66,1,3.1,1,63.0,48.0,5.3349975910291425,262.5
1,1.0,1,1,0,0,0,0,1,0,0,0,0,1.0,1.0,2.0,2.0,8.0,314,38,133,4.97,4.92,4.92,5.0,5.0,4.97,4.79,1,1.12,1,78.0,34.0,1.3930438407566024,414.0
0,1.0,1,1,0,0,0,1,0,0,0,0,0,1.5,1.0,1.0,4.0,29.0,288,8,0,5.0,4.88,5.0,5.0,5.0,5.0,4.75,1,0.24,1,134.0,48.0,2.0799533695959123,468.0
0,1.0,1,1,0,0,0,0,0,1,0,0,0,1.5,4.0,4.0,4.0,730.0,8,11,32,5.0,4.91,4.91,4.91,5.0,5.0,4.91,1,0.23,1,165.0,145.0,4.935293328677496,299.75
0,2.0,1,1,0,0,0,0,0,1,0,0,0,1.0,2.0,2.0,3.0,1125.0,11,29,39,5.0,4.97,4.83,4.97,5.0,4.97,4.83,1,0.59,1,137.0,48.0,1.1158470664364462,508.0
1,1.0,1,1,0,1,0,1,0,0,0,0,0,1.0,1.0,1.0,1.0,1125.0,144,137,255,4.95,4.93,4.98,4.95,4.96,4.97,4.8,1,2.82,1,150.0,150.0,0.8709261899884019,354.0
0,1.0,1,1,0,0,0,0,0,1,0,0,0,1.0,3.0,3.0,2.0,100.0,36,33,47,4.94,4.94,4.97,4.94,5.0,4.88,4.61,1,0.68,1,78.0,76.0,2.2759543764625976,730.67
0,1.0,1,1,0,0,0,1,0,0,0,0,0,1.0,1.0,1.0,1.0,1125.0,3,18,8,5.0,4.94,4.94,4.94,5.0,4.89,4.78,1,0.4,1,63.0,45.0,1.8260169524679652,252.0
0,1.0,1,1,0,0,0,0,0,1,0,0,0,1.0,3.0,3.0,1.0,30.0,113,2,8,5.0,5.0,4.0,5.0,5.0,5.0,4.5,1,0.09,1,166.0,143.0,6.105813659746974,184.22
1,2.0,1,1,0,1,0,1,0,0,0,0,0,1.0,1.0,1.0,1.0,1125.0,18,364,255,4.84,4.87,4.72,4.96,4.95,4.96,4.71,2,7.48,1,48.0,48.0,0.3878944228453375,203.13
1,2.0,1,1,0,1,0,1,0,0,0,0,0,1.0,1.0,1.0,1.0,1125.0,64,345,255,4.77,4.74,4.73,4.94,4.92,4.98,4.51,2,7.09,1,48.0,48.0,0.42019366595479124,154.06
1,1.0,1,1,0,1,0,1,0,0,0,0,0,1.0,1.0,1.0,2.0,1125.0,329,42,94,4.86,4.83,4.9,4.93,4.95,4.76,4.57,1,0.9,1,152.0,133.0,2.4046334778807683,168.33
0,1.0,1,1,0,0,0,0,0,1,0,0,0,1.5,3.0,4.0,6.0,14.0,236,7,24,4.71,4.86,4.71,4.86,4.71,4.57,4.43,1,0.15,1,68.0,47.0,4.484649334915772,322.5
0,1.0,1,1,0,0,0,0,0,1,0,0,0,1.5,4.0,4.0,4.0,20.0,90,7,0,5.0,5.0,4.43,5.0,5.0,4.86,5.0,1,0.15,1,130.0,48.0,8.568942931634338,336.8
0,1.0,1,1,0,0,0,0,0,1,0,0,0,1.0,2.0,2.0,1.0,365.0,56,46,78,4.83,4.78,4.91,4.91,4.98,4.96,4.52,1,0.96,1,141.0,141.0,1.2458429787869831,271.0
0,1.0,1,1,0,0,0,1,0,0,0,0,0,1.5,1.0,1.0,4.0,30.0,179,15,24,5.0,5.0,5.0,5.0,5.0,5.0,4.87,1,0.57,1,89.0,26.0,1.8457138235910522,365.25
0,1.0,1,1,0,0,0,0,0,1,0,0,0,0.5,2.0,3.0,1.0,14.0,63,14,8,5.0,5.0,5.0,4.93,5.0,5.0,4.79,1,0.3,1,66.0,47.0,3.0202560464551427,525.0
0,1.0,1,1,0,0,0,0,0,1,0,0,0,1.0,2.0,2.0,4.0,30.0,13,22,32,4.95,4.91,4.82,4.82,4.95,4.91,4.82,1,0.48,1,137.0,46.0,2.1345049383964567,433.75
0,1.0,1,1,0,0,0,1,0,0,0,0,0,2.0,1.0,1.0,3.0,30.0,182,12,0,5.0,4.92,5.0,5.0,5.0,4.5,4.5,1,0.26,1,135.0,132.0,2.7709707545932845,300.67
0,1.0,1,1,0,0,0,1,0,0,0,0,0,1.0,1.0,1.0,4.0,21.0,13,25,8,4.44,4.72,4.32,4.6,4.64,4.88,4.36,1,0.52,1,138.0,138.0,1.7482708868125236,182.75
0,1.0,1,1,0,0,0,0,0,1,0,0,0,1.0,1.0,2.0,2.0,365.0,197,20,0,4.7,4.75,4.65,4.85,4.8,4.5,4.35,1,0.42,1,136.0,47.0,3.142411857964119,228.5
0,1.0,1,1,0,0,0,0,0,1,0,0,0,1.5,2.0,2.0,4.0,30.0,18,0,0,-1.0,-1.0,-1.0,-1.0,-1.0,-1.0,-1.0,1,0.0,0,128.0,47.0,2.4765892528777846,262.76
0,1.0,1,1,0,0,0,0,1,0,0,0,0,1.0,1.0,1.0,3.0,1125.0,357,21,23,4.95,4.95,4.81,5.0,5.0,5.0,4.67,1,0.43,1,120.0,47.0,1.387999240737803,582.0
0,1.0,1,1,0,0,0,1,0,0,0,0,0,1.0,1.0,1.0,2.0,14.0,297,29,39,4.97,4.9,4.86,5.0,5.0,4.97,4.72,1,0.62,1,130.0,120.0,0.7609970506332069,455.33
0,1.0,1,1,0,0,0,0,0,1,0,0,0,1.5,4.0,2.0,2.0,20.0,38,20,39,4.9,4.95,4.85,5.0,5.0,4.95,4.7,1,0.42,1,148.0,148.0,2.711583356939658,466.5
0,1.0,1,1,0,0,0,0,0,1,0,0,0,1.0,3.0,3.0,3.0,21.0,178,3,0,4.67,5.0,4.33,5.0,5.0,4.67,4.67,1,0.06,1,137.0,120.0,7.679500930973928,285.33
0,1.0,1,1,0,0,0,1,0,0,0,0,0,1.5,1.0,1.0,3.0,365.0,358,2,0,5.0,5.0,4.5,5.0,5.0,4.5,4.0,1,0.05,1,144.0,44.0,2.844081560591114,395.33
1,5.0,1,1,0,0,0,0,0,1,0,0,0,1.0,1.0,2.0,5.0,1125.0,162,30,10,4.0,3.93,4.47,4.37,4.47,3.93,3.67,5,0.64,1,48.0,47.0,3.355957450850015,205.71
1,5.0,1,1,0,0,0,0,0,1,0,0,0,1.0,2.0,2.0,7.0,1125.0,85,19,98,4.47,4.47,4.47,4.79,4.84,4.16,4.26,5,0.43,1,48.0,47.0,3.355807505811217,185.0
0,2.0,1,1,0,0,0,0,0,1,0,0,0,1.5,2.0,2.0,3.0,6.0,18,35,70,4.94,4.97,4.89,4.97,5.0,5.0,4.86,1,0.73,1,87.0,47.0,0.7959905862739963,599.33
1,1.0,1,1,0,1,0,1,0,0,0,0,0,1.0,1.0,1.0,1.0,1125.0,214,319,255,4.98,4.97,4.99,4.99,5.0,4.88,4.9,1,6.69,1,47.0,47.0,4.116974482380744,222.93
0,1.0,1,1,0,0,0,0,0,1,0,0,0,1.0,3.0,2.0,1.0,30.0,294,3,0,4.33,4.67,3.33,5.0,5.0,4.33,4.33,1,0.07,1,167.0,47.0,3.9229412940302253,359.5
1,2.0,1,1,0,0,0,0,1,0,0,0,0,1.0,2.0,2.0,3.0,30.0,39,17,16,4.82,4.76,4.88,4.76,5.0,4.76,4.76,1,0.36,1,125.0,121.0,7.3535157479702375,226.67
1,1.0,1,1,0,0,0,0,0,1,0,0,0,1.0,1.0,1.0,2.0,30.0,55,33,70,4.91,4.94,4.91,4.73,4.85,4.76,4.64,1,0.69,1,167.0,144.0,5.036201663415591,254.0
0,1.0,1,1,0,0,0,1,0,0,0,0,0,1.0,1.0,1.0,1.0,14.0,268,12,31,4.83,4.92,4.67,5.0,5.0,4.92,4.75,1,0.26,1,143.0,47.0,2.7095575760671005,417.0
0,1.0,1,1,0,0,0,1,0,0,0,0,0,1.0,1.0,1.0,4.0,365.0,358,8,0,5.0,5.0,5.0,5.0,5.0,4.75,4.88,1,0.21,1,142.0,133.0,2.212825510507529,331.0
0,1.0,1,1,0,0,0,0,0,1,0,0,0,1.5,2.0,3.0,3.0,1001.0,16,59,0,4.83,4.81,4.92,4.95,4.97,4.63,4.56,1,1.24,1,158.0,47.0,4.706356611051511,454.67
0,1.0,1,1,0,0,0,0,0,1,0,0,0,1.0,1.0,2.0,1.0,5.0,37,2,8,4.0,4.5,2.0,5.0,5.0,4.5,4.5,1,0.05,1,134.0,43.0,2.2540312661860087,436.0
0,1.0,0,1,0,0,0,0,1,0,0,0,0,1.0,2.0,2.0,4.0,4.0,365,2,0,4.5,4.5,4.5,4.5,5.0,4.5,4.5,1,0.04,1,151.0,47.0,2.3150046060978857,573.5
0,1.0,1,1,0,0,0,1,0,0,0,0,0,1.5,1.0,1.0,4.0,365.0,364,16,16,4.81,4.69,4.69,4.88,4.56,4.75,4.56,1,0.33,1,120.0,47.0,2.808523050841997,332.5
1,1.0,1,1,0,1,0,1,0,0,0,0,0,1.5,1.0,1.0,3.0,60.0,68,32,101,4.97,4.91,4.88,5.0,4.97,4.78,4.69,1,0.69,1,164.0,164.0,4.923071763370345,127.67
0,1.0,1,1,0,0,0,1,0,0,0,0,0,1.5,1.0,1.0,3.0,30.0,349,21,47,4.95,4.9,5.0,4.95,4.95,4.86,4.86,1,0.44,1,48.0,47.0,2.0322917918658026,441.33
0,1.0,1,1,0,0,0,0,0,0,1,0,0,1.5,3.0,4.0,3.0,21.0,79,16,16,4.94,4.94,4.69,5.0,4.88,4.69,4.63,1,0.34,1,146.0,47.0,5.839381115052845,371.0
0,1.0,1,1,0,0,0,0,0,1,0,0,0,1.0,2.0,2.0,1.0,13.0,19,8,0,5.0,5.0,4.88,5.0,5.0,4.75,4.88,1,0.17,1,47.0,47.0,3.6729622334853556,282.0
0,1.0,1,1,0,0,0,0,0,1,0,0,0,2.0,2.0,2.0,1.0,20.0,92,6,8,4.83,4.83,4.83,5.0,5.0,4.83,4.67,1,0.13,1,151.0,78.0,3.157800092336218,414.17
0,1.0,1,1,0,0,0,0,0,1,0,0,0,1.5,3.0,2.0,4.0,30.0,67,4,0,5.0,4.75,4.5,4.75,4.75,4.5,5.0,1,0.08,1,169.0,94.0,8.027999988248544,288.25
0,1.0,1,1,0,0,0,0,0,1,0,0,0,1.5,3.0,3.0,1.0,365.0,212,9,8,4.44,4.56,3.67,4.67,4.78,4.67,4.56,1,0.19,1,70.0,47.0,5.649355332782924,237.0
1,1.0,1,1,0,1,0,1,0,0,0,0,0,1.5,1.0,1.0,2.0,365.0,93,64,250,4.95,4.95,4.83,4.98,4.97,4.95,4.84,1,2.34,1,158.0,27.0,1.6931629220961002,160.0
0,1.0,1,1,0,0,0,1,0,0,0,0,0,1.5,1.0,1.0,1.0,730.0,287,18,16,5.0,5.0,4.94,5.0,5.0,5.0,4.83,1,0.38,1,133.0,46.0,1.2760645614954345,385.25
0,1.0,1,1,0,0,0,1,0,0,0,0,0,1.5,1.0,1.0,2.0,30.0,20,24,0,4.88,4.83,4.79,4.96,5.0,4.83,4.79,1,0.52,1,71.0,46.0,2.1624311476656732,302.67
0,1.0,1,1,0,0,0,0,1,0,0,0,0,1.0,1.0,2.0,1.0,6.0,20,8,8,5.0,5.0,5.0,4.75,5.0,4.5,4.88,1,0.17,1,178.0,94.0,4.950063356424394,200.0
0,1.0,1,1,0,0,0,1,0,0,0,0,0,1.0,1.0,1.0,2.0,14.0,4,33,31,5.0,4.94,4.88,4.97,4.91,4.73,4.73,1,0.7,1,142.0,47.0,5.153495735704207,203.0
0,1.0,1,1,0,0,0,0,1,0,0,0,0,1.0,1.0,1.0,1.0,365.0,347,2,16,4.0,3.5,5.0,5.0,4.0,4.0,4.0,1,0.2,1,143.0,10.0,2.985001609068204,217.0
1,1.0,1,1,0,0,0,1,0,0,0,0,0,1.0,1.0,1.0,3.0,30.0,27,36,47,5.0,4.92,5.0,5.0,5.0,4.94,4.83,1,0.76,1,107.0,87.0,1.8421567465788489,371.0
0,1.0,1,1,0,0,0,1,0,0,0,0,0,1.0,1.0,1.0,5.0,14.0,21,21,20,5.0,4.95,4.9,5.0,5.0,4.62,4.81,1,0.44,1,151.0,46.0,2.7356462474982988,235.2
1,5.0,1,1,0,0,0,1,0,0,0,0,0,1.0,1.0,1.0,3.0,180.0,197,67,8,4.51,4.57,4.33,4.75,4.67,4.28,4.09,5,1.41,1,48.0,47.0,3.355807505811217,177.4
1,5.0,1,1,0,0,0,1,0,0,0,0,0,2.0,1.0,1.0,3.0,180.0,190,48,23,4.48,4.58,4.35,4.75,4.65,4.33,4.19,5,1.04,1,48.0,47.0,3.355957450850015,174.29
0,1.0,1,1,0,0,0,1,0,0,0,0,0,1.0,1.0,1.0,3.0,365.0,11,14,31,5.0,5.0,4.93,5.0,5.0,4.79,5.0,1,0.3,1,118.0,47.0,2.383876363013821,315.73
0,1.0,1,1,0,0,0,1,0,0,0,0,0,1.0,1.0,1.0,2.0,10.0,7,27,39,4.96,5.0,4.96,5.0,5.0,5.0,4.96,1,0.76,1,147.0,35.0,1.787513276070156,237.0
0,1.0,1,1,0,0,0,0,0,1,0,0,0,2.0,2.0,2.0,5.0,30.0,359,10,0,4.9,5.0,4.7,5.0,5.0,5.0,4.9,1,0.23,1,146.0,44.0,1.8918466538576666,610.6
0,1.0,1,1,0,0,0,0,0,1,0,0,0,0.5,3.0,3.0,4.0,30.0,20,5,0,4.8,4.8,4.4,5.0,5.0,5.0,4.4,1,0.11,1,151.0,46.0,2.230740359515948,568.25
0,1.0,1,1,0,0,0,1,0,0,0,0,0,1.0,1.0,1.0,3.0,365.0,28,9,23,4.89,4.89,4.67,5.0,5.0,5.0,4.56,1,0.21,1,143.0,143.0,0.7294438078692486,340.67
1,1.0,1,1,0,0,0,0,0,1,0,0,0,1.5,2.0,2.0,2.0,365.0,115,217,255,4.97,4.9,5.0,4.99,5.0,4.98,4.84,1,6.1,1,76.0,35.0,0.6598045475456475,424.0
0,1.0,1,1,0,0,0,0,0,1,0,0,0,2.5,3.0,3.0,5.0,21.0,15,12,10,5.0,4.92,5.0,5.0,5.0,4.92,4.92,1,0.26,1,124.0,46.0,4.815457922812217,353.8
1,1.0,1,1,0,1,0,0,0,1,0,0,0,1.0,2.0,2.0,2.0,365.0,267,79,47,4.96,4.81,4.95,5.0,4.99,4.96,4.68,1,1.72,1,47.0,47.0,0.7270081556670562,313.83
0,1.0,1,1,0,0,0,0,0,1,0,0,0,1.0,2.0,2.0,3.0,365.0,31,3,0,5.0,5.0,5.0,5.0,5.0,5.0,5.0,1,0.08,1,121.0,38.0,1.7822327813214542,627.67
0,1.0,1,1,0,0,0,0,0,1,0,0,0,3.5,3.0,3.0,1.0,14.0,170,1,0,5.0,5.0,5.0,5.0,5.0,5.0,5.0,1,0.04,1,182.0,35.0,0.9058177658237578,770.5
0,1.0,1,1,0,0,0,0,0,1,0,0,0,1.5,2.0,3.0,4.0,10.0,19,20,32,4.9,4.85,4.85,4.95,4.95,4.95,4.6,1,0.42,1,122.0,47.0,1.882735410545791,415.75
0,1.0,1,1,0,0,0,0,0,1,0,0,0,1.0,3.0,2.0,3.0,15.0,15,16,23,4.81,4.81,4.81,4.88,4.94,4.81,4.69,1,0.34,1,135.0,135.0,1.2602238680457973,491.0
0,1.0,1,1,0,0,0,1,0,0,0,0,0,1.0,1.0,1.0,7.0,10.0,9,20,56,4.95,4.95,4.95,5.0,5.0,4.85,4.85,1,0.43,1,132.0,47.0,2.9364743194179788,265.21
1,1.0,1,1,0,1,0,1,0,0,0,0,0,1.0,1.0,1.0,2.0,365.0,282,173,39,4.62,4.58,4.75,4.87,4.84,4.9,4.4,1,3.67,1,109.0,109.0,0.5209026811097838,254.0
1,1.0,1,1,0,0,0,0,0,1,0,0,0,1.0,3.0,2.0,3.0,3.0,52,32,78,4.97,4.97,4.94,5.0,5.0,4.91,4.66,1,0.68,1,149.0,148.0,1.330358704073945,549.67
1,2.0,1,1,0,0,0,1,0,0,0,0,0,1.0,2.0,1.0,2.0,120.0,17,6,16,5.0,4.83,5.0,5.0,5.0,5.0,5.0,3,0.16,1,188.0,185.0,1.5207289275388267,154.5
0,1.0,1,1,0,1,0,1,0,0,0,0,0,1.0,1.0,1.0,2.0,1125.0,264,147,226,4.6,4.56,4.56,4.69,4.82,4.5,4.3,1,3.65,1,47.0,47.0,9.927078055488744,97.0
0,1.0,1,1,0,0,0,1,0,0,0,0,0,1.0,1.0,1.0,5.0,1125.0,358,1,0,5.0,5.0,5.0,5.0,5.0,5.0,5.0,1,0.02,1,145.0,83.0,2.0295426121713853,236.43
0,1.0,1,1,0,0,0,0,0,1,0,0,0,1.0,3.0,5.0,3.0,30.0,21,3,0,5.0,4.67,4.67,5.0,4.67,5.0,5.0,1,0.06,1,165.0,127.0,1.9834328486196848,504.33
0,1.0,1,1,0,1,0,0,0,0,0,0,0,1.5,1.0,2.0,3.0,10.0,160,21,16,4.9,4.86,5.0,4.9,5.0,4.9,4.71,1,0.45,1,110.0,95.0,3.4300519872012667,157.33
0,1.0,1,1,0,0,0,1,0,0,0,0,0,1.5,1.0,1.0,7.0,30.0,48,9,14,5.0,5.0,4.89,5.0,5.0,5.0,4.78,1,0.2,1,141.0,130.0,3.6190510565478213,209.57
0,1.0,1,1,0,0,0,1,0,0,0,0,0,1.0,1.0,1.0,3.0,30.0,360,31,62,5.0,4.97,4.97,4.9,5.0,4.9,4.84,1,0.67,1,128.0,46.0,2.3694356938932084,384.33
0,1.0,1,1,0,0,0,1,0,0,0,0,0,1.0,1.0,1.0,2.0,65.0,32,22,31,4.95,4.95,4.82,4.95,5.0,4.73,4.68,1,0.48,1,150.0,107.0,2.7460302221158654,248.5
0,1.0,1,1,0,0,0,1,0,0,0,0,0,1.5,1.0,1.0,2.0,1125.0,34,21,0,5.0,4.95,4.95,5.0,4.95,4.81,4.95,1,0.45,1,46.0,46.0,4.080505563964305,307.0
0,1.0,1,1,0,0,0,1,0,0,0,0,0,1.5,1.0,1.0,2.0,1125.0,16,7,8,5.0,5.0,5.0,5.0,5.0,5.0,5.0,1,0.15,1,53.0,46.0,1.7430354089208295,314.0
0,1.0,1,1,0,0,0,0,0,0,1,0,0,3.0,2.0,2.0,1.0,30.0,21,18,39,5.0,5.0,4.89,4.94,5.0,4.89,4.89,1,0.38,1,159.0,46.0,8.235116642041543,571.0
0,1.0,1,1,0,0,0,1,0,0,0,0,0,1.0,1.0,1.0,3.0,30.0,8,3,8,5.0,4.67,5.0,4.67,4.67,5.0,4.67,1,0.11,1,124.0,30.0,2.8114162957011986,243.67
0,1.0,1,1,0,0,0,0,0,1,0,0,0,1.0,2.0,2.0,1.0,7.0,27,8,16,5.0,4.88,4.63,5.0,5.0,4.75,4.75,1,0.18,1,102.0,46.0,2.862494015670148,308.2
1,1.0,1,1,0,0,0,0,0,1,0,0,0,1.0,3.0,2.0,2.0,2.0,21,17,16,4.82,4.65,4.82,4.94,4.94,4.65,4.59,1,0.37,1,118.0,46.0,6.099083495531946,236.0
0,1.0,1,1,0,0,0,1,0,0,0,0,0,1.0,1.0,1.0,4.0,15.0,189,18,48,5.0,5.0,5.0,5.0,5.0,5.0,4.94,1,0.39,1,148.0,143.0,1.5986579763367985,379.5
0,15.0,1,1,0,1,0,1,0,0,0,0,0,1.0,1.0,1.0,2.0,1125.0,58,300,255,4.67,4.79,4.64,4.68,4.77,4.78,4.46,1,6.38,1,152.0,46.0,1.0537831284511303,161.0
0,1.0,1,1,0,0,0,1,0,0,0,0,0,1.0,1.0,1.0,4.0,30.0,320,20,0,5.0,4.95,5.0,5.0,5.0,4.9,4.9,1,0.43,1,131.0,124.0,2.6844966783186583,432.75
0,1.0,1,1,0,0,0,0,0,1,0,0,0,1.0,1.0,2.0,2.0,1125.0,39,23,31,4.96,4.96,4.91,4.65,4.96,4.91,4.74,1,0.49,1,46.0,46.0,1.2405565722074308,483.0
0,1.0,1,1,0,0,0,1,0,0,0,0,0,1.0,1.0,1.0,2.0,4.0,185,36,47,4.97,4.94,4.94,4.94,5.0,4.78,4.67,1,0.77,1,63.0,46.0,6.7291746934734995,205.5
0,1.0,1,1,0,0,0,1,0,0,0,0,0,1.5,1.0,1.0,5.0,20.0,47,7,0,5.0,5.0,5.0,4.86,5.0,5.0,4.86,1,0.15,1,125.0,46.0,1.817091503231587,342.4
0,1.0,1,1,0,0,0,0,0,0,1,0,0,1.5,2.0,4.0,4.0,14.0,11,9,24,5.0,4.89,4.89,5.0,5.0,4.89,5.0,1,0.19,1,139.0,46.0,3.7322862155921173,301.16
0,1.0,1,1,0,0,0,0,0,1,0,0,0,2.0,2.0,2.0,5.0,365.0,281,8,10,5.0,5.0,5.0,5.0,5.0,4.88,5.0,1,0.17,1,140.0,135.0,3.2352079450540954,703.0
0,1.0,1,1,0,0,0,1,0,0,0,0,0,1.0,1.0,1.0,4.0,45.0,326,19,56,5.0,4.89,4.95,5.0,5.0,5.0,4.74,1,0.43,1,160.0,45.0,1.4152688954280501,319.75
0,1.0,1,1,0,0,0,0,0,1,0,0,0,1.0,2.0,2.0,4.0,365.0,120,12,32,4.92,4.92,5.0,5.0,5.0,4.92,4.75,1,0.26,1,159.0,140.0,3.3786486885048843,302.75
0,1.0,1,1,0,0,0,1,0,0,0,0,0,1.0,1.0,1.0,1.0,1125.0,11,31,31,4.87,4.94,4.87,5.0,4.94,4.81,4.58,1,0.66,1,135.0,46.0,2.046889058443849,277.0
0,1.0,1,1,0,0,0,0,1,0,0,0,0,1.5,1.0,1.0,2.0,21.0,5,9,31,5.0,4.89,5.0,4.89,5.0,5.0,4.89,1,0.19,1,152.0,46.0,2.930069091390413,320.0
0,1.0,1,1,0,0,0,1,0,0,0,0,0,1.5,1.0,1.0,5.0,12.0,32,9,10,4.89,4.89,4.78,4.89,4.89,4.89,4.67,1,0.19,1,46.0,46.0,2.8709162568218174,294.01
0,1.0,1,1,0,0,0,0,0,1,0,0,0,1.0,1.0,2.0,1.0,14.0,266,19,31,4.74,4.53,4.47,4.53,4.68,4.79,4.58,1,0.61,1,125.0,109.0,2.399427191811785,263.0
0,1.0,1,1,0,0,0,1,0,0,0,0,0,1.5,1.0,1.0,7.0,90.0,358,3,0,5.0,4.33,5.0,4.67,5.0,4.67,4.67,1,0.08,1,88.0,46.0,4.644234362249268,496.14
0,1.0,1,1,0,0,0,1,0,0,0,0,0,1.0,1.0,1.0,5.0,30.0,166,12,30,5.0,5.0,5.0,5.0,5.0,5.0,4.92,1,0.27,1,125.0,46.0,2.0973247476119523,413.2
0,1.0,1,1,0,0,0,0,0,1,0,0,0,3.5,2.0,2.0,3.0,10.0,108,12,0,5.0,5.0,4.92,4.92,4.92,5.0,4.58,1,0.27,1,95.0,46.0,1.5728410956242438,625.0
0,1.0,1,1,0,0,0,1,0,0,0,0,0,1.0,1.0,1.0,4.0,25.0,53,12,48,4.83,5.0,4.17,4.58,4.67,4.92,4.58,1,0.26,1,97.0,46.0,1.7792489066315762,265.5
0,1.0,1,1,0,0,0,1,0,0,0,0,0,1.0,1.0,1.0,3.0,7.0,137,7,39,5.0,5.0,4.71,5.0,4.86,5.0,4.86,1,0.49,1,137.0,16.0,4.454795595841528,186.67
0,1.0,1,1,0,0,0,0,0,1,0,0,0,1.0,2.0,2.0,3.0,365.0,227,0,0,-1.0,-1.0,-1.0,-1.0,-1.0,-1.0,-1.0,1,0.0,0,122.0,15.0,1.0299125261559399,525.0
0,1.0,1,1,0,0,0,0,1,0,0,0,0,1.5,2.0,2.0,2.0,7.0,14,36,39,5.0,4.97,4.92,5.0,5.0,5.0,4.81,1,0.79,1,46.0,46.0,1.4789601789054434,428.0
1,21.0,1,1,0,0,0,1,0,0,0,0,0,1.0,1.0,1.0,3.0,30.0,39,13,0,4.69,4.77,4.54,4.85,5.0,4.77,4.38,9,0.28,1,161.0,103.0,2.7436085576268945,302.67
0,1.0,1,1,0,0,0,0,1,0,0,0,0,1.5,2.0,2.0,5.0,60.0,34,11,30,5.0,5.0,5.0,5.0,5.0,4.64,5.0,1,0.24,1,124.0,81.0,2.7566773164196,712.17
0,1.0,1,1,0,0,0,1,0,0,0,0,0,1.0,1.0,1.0,2.0,1125.0,16,13,47,5.0,5.0,5.0,5.0,5.0,4.92,4.92,1,0.33,1,132.0,101.0,2.4306061188381496,262.67
1,40.0,1,0,0,1,0,0,0,0,0,0,0,1.0,1.0,1.0,7.0,365.0,284,0,0,-1.0,-1.0,-1.0,-1.0,-1.0,-1.0,-1.0,10,0.0,0,144.0,137.0,2.7658503806586037,65.41
1,1.0,1,1,0,0,0,1,0,0,0,0,0,1.0,1.0,1.0,2.0,14.0,14,43,78,4.98,4.98,5.0,5.0,4.98,4.91,4.84,1,0.94,1,119.0,94.0,1.2616255308697975,388.0
1,1.0,1,1,0,1,0,1,0,0,0,0,0,1.5,1.0,1.0,2.0,365.0,28,64,109,4.97,4.97,4.95,4.97,4.98,4.8,4.89,1,1.45,1,117.0,43.0,2.3345638386173797,165.47
0,2.0,1,1,0,0,0,1,0,0,0,0,0,1.5,1.0,1.0,2.0,1125.0,170,0,0,-1.0,-1.0,-1.0,-1.0,-1.0,-1.0,-1.0,1,0.0,0,144.0,123.0,3.6922076915285618,295.0
0,1.0,1,1,0,0,0,0,0,1,0,0,0,1.0,4.0,3.0,4.0,21.0,14,10,32,5.0,4.8,5.0,5.0,5.0,5.0,4.9,1,0.28,1,109.0,36.0,7.35122711365718,373.75
0,1.0,1,1,0,0,0,0,1,0,0,0,0,1.0,1.0,1.0,2.0,20.0,71,8,0,4.88,5.0,4.63,5.0,5.0,4.88,4.25,1,0.31,1,129.0,113.0,2.4689058070798353,388.0
1,2.0,1,1,0,0,0,0,0,1,0,0,0,1.5,2.0,2.0,2.0,1125.0,244,213,255,4.97,4.98,4.99,4.96,5.0,4.99,4.85,1,4.62,1,166.0,165.0,1.4862403121394996,460.47
0,1.0,1,1,0,0,0,0,0,1,0,0,0,1.5,2.0,2.0,1.0,365.0,92,8,0,4.75,4.75,4.63,4.63,4.75,4.5,4.5,1,0.18,1,142.0,109.0,4.050203232433393,376.33
0,1.0,1,1,0,0,0,0,0,1,0,0,0,1.5,1.0,1.0,3.0,365.0,185,19,55,5.0,4.95,4.84,5.0,5.0,4.95,4.79,1,0.44,1,150.0,105.0,2.195267969701679,574.67
0,1.0,1,1,0,0,0,1,0,0,0,0,0,1.0,1.0,1.0,1.0,92.0,156,36,23,4.97,4.89,4.89,4.97,5.0,4.94,4.75,1,0.79,1,46.0,45.0,1.6747295941206897,193.0
0,1.0,1,1,0,0,0,1,0,0,0,0,0,1.5,1.0,1.0,4.0,19.0,11,7,8,5.0,5.0,5.0,4.86,5.0,5.0,5.0,1,0.15,1,132.0,45.0,1.206166154379398,335.25
0,2.0,1,1,0,0,0,1,0,0,0,0,0,1.0,2.0,1.0,4.0,75.0,7,0,0,-1.0,-1.0,-1.0,-1.0,-1.0,-1.0,-1.0,2,0.0,0,177.0,177.0,1.5510315188024655,371.0
1,2.0,1,1,0,1,0,1,0,0,0,0,0,1.0,1.0,1.0,1.0,1125.0,38,219,255,4.9,4.93,4.96,4.93,4.98,4.92,4.81,2,4.85,1,119.0,94.0,0.893104522845578,168.33
0,1.0,1,1,0,0,0,1,0,0,0,0,0,1.0,1.0,1.0,2.0,1125.0,30,13,47,4.08,4.15,4.15,4.23,4.62,4.92,3.92,1,0.28,1,45.0,45.0,1.1100963445672876,365.0
0,1.0,1,1,0,0,0,1,0,0,0,0,0,1.5,1.0,1.0,2.0,60.0,356,9,16,4.89,5.0,5.0,4.89,4.89,4.89,4.78,1,0.21,1,113.0,45.0,0.934250295735781,491.0
0,1.0,1,1,0,0,0,1,0,0,0,0,0,1.5,1.0,1.0,1.0,60.0,172,16,31,4.94,4.88,4.56,4.94,4.94,4.75,4.38,1,0.36,1,142.0,45.0,2.400234976701119,258.25
0,1.0,1,1,0,0,0,0,0,0,0,1,0,1.5,3.0,4.0,3.0,365.0,14,8,16,5.0,4.88,4.75,5.0,5.0,5.0,4.88,1,0.18,1,168.0,46.0,4.874531954877916,320.48
0,1.0,1,1,0,0,0,0,0,1,0,0,0,2.0,2.0,3.0,7.0,28.0,19,7,28,4.86,4.86,5.0,5.0,5.0,4.86,4.71,1,0.16,1,169.0,169.0,2.330709577208315,354.71
0,1.0,1,1,0,1,0,0,0,1,0,0,0,1.5,1.0,2.0,1.0,1125.0,339,141,255,4.85,4.84,4.82,4.91,4.97,4.89,4.65,1,3.11,1,154.0,45.0,4.223658663821384,342.35
0,1.0,1,1,0,0,0,1,0,0,0,0,0,1.5,1.0,1.0,1.0,1125.0,63,30,31,4.8,4.8,4.73,5.0,4.93,4.87,4.47,1,0.66,1,141.0,45.0,1.8391725682848257,373.5
0,1.0,1,1,0,0,0,1,0,0,0,0,0,1.0,1.0,1.0,1.0,15.0,3,17,39,5.0,4.94,5.0,5.0,5.0,4.82,4.82,1,0.38,1,170.0,44.0,2.943970545568229,246.0
0,1.0,1,1,0,0,0,0,0,1,0,0,0,1.0,2.0,2.0,1.0,365.0,5,21,16,4.86,4.9,4.86,4.95,4.9,4.95,4.81,1,0.46,1,59.0,45.0,1.3509840676912808,446.0
0,2.0,1,1,0,0,0,1,0,0,0,0,0,1.5,1.0,1.0,2.0,45.0,346,9,0,5.0,4.89,4.89,5.0,5.0,5.0,4.78,2,0.2,1,119.0,45.0,2.396180258354594,272.67
0,1.0,1,1,0,0,0,1,0,0,0,0,0,1.0,1.0,1.0,2.0,1125.0,75,4,0,4.75,5.0,4.5,5.0,5.0,5.0,4.75,1,0.09,1,104.0,45.0,2.9218604809513984,311.0
0,2.0,1,1,0,0,0,1,0,0,0,0,0,1.0,1.0,1.0,1.0,60.0,351,6,0,5.0,5.0,4.83,5.0,5.0,4.83,4.67,2,0.13,1,119.0,45.0,2.4479004322300266,300.5
0,3.0,1,1,0,0,0,0,1,0,0,0,0,1.0,2.0,2.0,2.0,1125.0,291,183,255,4.79,4.69,4.79,4.91,4.93,4.76,4.61,3,4.39,1,49.0,43.0,5.343409069940342,131.24
0,2.0,1,1,0,0,0,0,0,1,0,0,0,1.0,2.0,3.0,3.0,30.0,177,13,0,5.0,4.92,4.85,4.85,5.0,4.31,4.69,2,0.29,1,125.0,121.0,3.8450213085808023,433.67
0,1.0,1,1,0,0,0,0,0,1,0,0,0,1.0,2.0,2.0,2.0,365.0,362,14,0,4.57,4.71,4.36,4.93,5.0,4.93,4.36,1,0.3,1,137.0,94.0,2.534221435920635,613.5
1,1.0,1,1,0,1,0,1,0,0,0,0,0,1.5,1.0,1.0,1.0,365.0,29,331,255,4.92,4.92,4.91,4.94,4.94,4.82,4.78,1,7.18,1,99.0,99.0,3.3497820537144145,103.0
0,1.0,1,1,0,0,0,0,0,1,0,0,0,1.0,2.0,1.0,3.0,30.0,63,16,16,4.75,4.63,4.38,5.0,4.81,4.81,4.31,1,0.36,1,139.0,45.0,1.4396325365845237,460.33
0,1.0,1,1,0,0,0,1,0,0,0,0,0,1.0,1.0,1.0,2.0,30.0,7,16,23,4.94,4.94,4.94,5.0,4.88,5.0,4.31,1,0.35,1,124.0,45.0,0.8905987289228545,262.5
1,1.0,1,1,0,0,0,0,0,1,0,0,0,2.0,3.0,3.0,1.0,1125.0,214,218,255,4.99,4.96,4.96,5.0,5.0,4.94,4.86,1,5.4,1,160.0,160.0,2.1533553401944627,433.65
1,2.0,1,1,0,1,0,1,0,0,0,0,0,1.0,1.0,1.0,2.0,365.0,135,41,16,4.93,4.9,5.0,4.98,4.95,4.98,4.76,2,0.89,1,45.0,45.0,1.3909137569287655,244.5
0,1.0,1,1,0,0,0,0,1,0,0,0,0,1.5,2.0,2.0,1.0,9.0,14,8,62,4.88,4.88,4.75,4.88,5.0,4.88,4.75,1,1.25,1,117.0,7.0,4.201158237352996,395.0
1,1.0,1,1,0,1,0,1,0,0,0,0,0,1.0,1.0,1.0,2.0,10.0,75,167,255,4.89,4.87,4.91,4.97,4.98,4.86,4.78,1,4.2,1,137.0,132.0,3.2155357989148223,194.0
0,1.0,1,1,0,0,0,0,0,1,0,0,0,1.5,3.0,3.0,5.0,25.0,164,4,0,5.0,4.75,4.75,5.0,4.75,4.5,4.25,1,0.09,1,161.0,113.0,2.5508938493749858,684.8
0,1.0,1,1,0,0,0,0,1,0,0,0,0,1.0,2.0,2.0,5.0,20.0,329,20,0,4.95,4.95,4.9,5.0,5.0,5.0,4.75,1,0.46,1,45.0,44.0,1.2164335731714242,479.4
1,2.0,1,1,0,1,0,1,0,0,0,0,0,1.0,1.0,1.0,2.0,365.0,144,71,39,4.97,4.97,4.97,4.94,4.99,4.99,4.8,2,1.54,1,45.0,45.0,1.330132844930848,279.33
1,2.0,1,1,0,1,0,1,0,0,0,0,0,1.0,1.0,1.0,2.0,30.0,59,222,255,4.91,4.94,4.95,4.92,4.96,4.87,4.76,2,5.05,1,119.0,94.0,0.8905379101639982,127.24
0,1.0,1,1,0,0,0,0,0,1,0,0,0,1.0,3.0,2.0,1.0,1.0,49,30,86,4.87,4.87,5.0,4.97,4.97,4.93,4.73,1,0.67,1,45.0,45.0,1.42635853245107,674.0
0,1.0,1,1,0,0,0,1,0,0,0,0,0,1.0,1.0,1.0,4.0,30.0,61,6,16,5.0,5.0,5.0,4.83,5.0,4.67,4.83,1,0.21,1,161.0,126.0,3.5129443088883505,251.25
0,1.0,1,1,0,0,0,1,0,0,0,0,0,1.5,1.0,1.0,3.0,12.0,357,18,55,5.0,5.0,5.0,5.0,5.0,4.89,4.83,1,0.47,1,123.0,38.0,2.5005908433514783,335.67
0,1.0,1,1,0,0,0,1,0,0,0,0,0,1.0,1.0,1.0,7.0,30.0,198,0,0,-1.0,-1.0,-1.0,-1.0,-1.0,-1.0,-1.0,1,0.0,0,45.0,45.0,3.058636775395732,205.41
0,1.0,1,1,0,0,0,0,0,1,0,0,0,1.0,2.0,2.0,1.0,30.0,25,21,0,4.62,4.62,4.48,4.67,4.95,4.81,4.24,1,0.47,1,104.0,45.0,1.581461983317919,427.5
0,2.0,1,1,0,0,0,1,0,0,0,0,0,1.0,1.0,1.0,1.0,365.0,274,3,0,4.33,5.0,4.67,4.33,4.0,4.67,4.33,2,0.07,1,60.0,46.0,1.478638571749269,434.0
0,1.0,1,1,0,0,0,1,0,0,0,0,0,1.5,1.0,2.0,4.0,1125.0,8,7,0,5.0,4.86,4.86,5.0,5.0,5.0,4.57,1,0.15,1,63.0,45.0,3.174749954734134,248.0
0,1.0,1,1,0,0,0,1,0,0,0,0,0,1.0,1.0,1.0,4.0,5.0,7,13,24,5.0,5.0,4.92,4.85,4.92,4.85,4.85,1,0.28,1,112.0,82.0,2.5080673847280197,262.6
1,1.0,1,1,0,1,0,1,0,0,0,0,0,1.0,1.0,1.0,3.0,93.0,95,113,211,4.87,4.91,4.85,4.92,4.92,4.86,4.67,1,2.52,1,164.0,164.0,1.9429222069863883,190.58
0,1.0,1,1,0,0,0,1,0,0,0,0,0,1.0,1.0,1.0,2.0,365.0,4,23,47,4.78,4.83,4.78,4.87,4.83,5.0,4.61,1,0.5,1,45.0,45.0,1.2240805150444445,380.33
0,1.0,1,1,0,0,0,0,1,0,0,0,0,1.0,2.0,1.0,3.0,365.0,17,17,23,5.0,5.0,4.82,4.88,5.0,5.0,4.94,1,0.49,1,94.0,36.0,3.1453986018490476,350.0
0,1.0,1,1,0,0,0,0,0,1,0,0,0,1.5,3.0,3.0,2.0,30.0,261,18,31,4.89,4.94,4.67,4.94,4.89,4.72,4.5,1,0.4,1,115.0,45.0,2.526683739330351,239.0
0,1.0,1,1,0,0,0,0,1,0,0,0,0,2.0,3.0,2.0,2.0,30.0,13,16,23,4.63,4.81,4.81,4.75,4.63,4.81,4.56,1,0.38,1,122.0,78.0,2.473216605016522,453.5
0,1.0,1,1,0,1,0,0,0,1,0,0,0,2.0,2.0,1.0,2.0,1125.0,58,155,55,4.55,4.52,4.68,4.77,4.68,4.83,4.32,1,3.4,1,111.0,111.0,1.1162507219032185,254.0
0,1.0,1,1,0,0,0,0,1,0,0,0,0,1.0,3.0,3.0,2.0,21.0,12,10,23,4.9,4.8,4.8,4.9,5.0,4.9,4.7,1,0.22,1,164.0,164.0,2.5780934010175938,416.53
0,1.0,1,1,0,0,0,1,0,0,0,0,0,1.0,1.0,1.0,3.0,5.0,14,15,31,5.0,5.0,5.0,4.93,5.0,5.0,5.0,1,0.38,1,153.0,39.0,0.35254317098601523,452.67
0,1.0,1,1,0,0,0,1,0,0,0,0,0,1.0,1.0,1.0,4.0,30.0,12,4,0,4.75,4.75,4.75,5.0,4.75,4.5,4.75,1,0.09,1,134.0,122.0,2.8339916152642997,228.25
0,1.0,1,1,0,0,0,0,0,1,0,0,0,2.5,2.0,2.0,1.0,1125.0,266,28,78,4.75,4.64,4.21,4.96,4.89,4.89,4.54,1,0.62,1,132.0,45.0,1.3474268823620463,284.67
0,1.0,1,1,0,0,0,0,0,1,0,0,0,1.0,1.0,2.0,5.0,15.0,16,0,0,-1.0,-1.0,-1.0,-1.0,-1.0,-1.0,-1.0,1,0.0,0,167.0,149.0,1.8648040797169956,593.6
1,1.0,1,1,0,1,0,0,0,1,0,0,0,1.0,2.0,3.0,1.0,1125.0,228,31,172,4.94,4.9,4.94,4.97,5.0,4.94,4.84,1,0.69,1,45.0,45.0,2.8595820504671883,413.0
0,1.0,1,1,0,0,0,0,0,1,0,0,0,1.5,2.0,2.0,1.0,365.0,361,10,0,5.0,4.8,4.8,4.8,5.0,5.0,4.9,1,0.26,1,94.0,39.0,1.7001526417884782,725.0
0,1.0,1,1,0,0,0,1,0,0,0,0,0,1.5,1.0,1.0,1.0,365.0,283,13,16,4.46,4.46,4.62,4.77,4.62,4.85,4.46,1,0.28,1,45.0,45.0,1.547993121717183,268.25
0,1.0,1,1,0,0,0,0,0,1,0,0,0,1.5,2.0,2.0,4.0,30.0,187,26,0,4.92,4.96,4.96,4.92,4.96,4.42,4.62,1,0.58,1,103.0,45.0,3.135772253702534,683.5
0,8.0,1,1,0,1,0,0,0,1,0,0,0,1.0,1.0,4.0,2.0,30.0,139,122,211,4.53,4.57,4.62,4.67,4.78,4.78,4.31,4,2.73,1,109.0,109.0,1.0092749931624527,349.2
0,8.0,1,1,0,1,0,0,1,0,0,0,0,1.0,1.0,3.0,2.0,28.0,123,91,109,4.44,4.57,4.54,4.53,4.6,4.73,4.34,4,1.99,1,109.0,109.0,1.0123257562638222,183.16
0,2.0,1,1,0,0,0,1,0,0,0,0,0,1.0,1.0,1.0,1.0,365.0,289,6,0,5.0,5.0,5.0,5.0,5.0,5.0,5.0,1,0.16,1,117.0,53.0,1.6755464213742408,280.0
0,1.0,1,1,0,0,0,0,1,0,0,0,0,1.5,2.0,2.0,5.0,45.0,363,3,10,4.67,5.0,5.0,5.0,5.0,5.0,5.0,1,0.07,1,128.0,100.0,4.3452880920948775,372.2
0,1.0,1,1,0,0,0,0,0,1,0,0,0,1.5,2.0,2.0,4.0,27.0,346,6,0,4.83,5.0,5.0,5.0,5.0,4.83,4.67,1,0.13,1,72.0,45.0,6.324979002382992,485.0
1,2.0,1,1,0,0,0,1,0,0,0,0,0,1.0,1.0,1.0,2.0,12.0,57,138,255,4.91,4.88,4.93,4.99,4.97,4.95,4.7,2,3.96,1,112.0,106.0,0.7096428726551173,345.5
1,2.0,1,1,0,1,0,1,0,0,0,0,0,1.5,1.0,1.0,2.0,12.0,39,58,211,4.79,4.88,4.84,4.98,4.95,4.93,4.57,2,1.72,1,112.0,106.0,0.6158361423142928,175.5
0,1.0,1,1,0,0,0,1,0,0,0,0,0,1.0,1.0,2.0,2.0,21.0,87,37,78,4.97,5.0,4.89,4.86,5.0,4.78,4.65,1,0.81,1,118.0,45.0,2.8993575405048344,211.5
0,1.0,1,1,0,0,0,1,0,0,0,0,0,1.0,1.0,1.0,3.0,30.0,227,12,0,4.92,4.92,4.83,4.67,4.83,5.0,4.75,1,0.26,1,142.0,45.0,0.9612441338479831,370.0
0,1.0,1,1,0,0,0,1,0,0,0,0,0,1.0,1.0,1.0,4.0,25.0,4,0,0,-1.0,-1.0,-1.0,-1.0,-1.0,-1.0,-1.0,1,0.0,0,121.0,21.0,2.3725531047628596,275.6
0,1.0,1,1,0,0,0,1,0,0,0,0,0,1.0,1.0,1.0,2.0,2.0,288,12,47,4.67,4.75,4.42,5.0,5.0,4.58,4.33,1,0.26,1,124.0,45.0,3.3146602787884474,268.5
0,1.0,1,1,0,0,0,0,0,1,0,0,0,1.0,2.0,2.0,3.0,3.0,5,26,16,4.96,4.92,4.92,4.92,4.96,4.77,4.81,1,0.57,1,100.0,44.0,2.977984056702018,321.67
1,1.0,1,1,0,1,0,1,0,0,0,0,0,1.0,1.0,2.0,2.0,1125.0,167,248,255,4.88,4.92,4.91,4.95,4.91,4.99,4.74,1,5.52,1,45.0,44.0,0.93411167199762,194.0
1,1.0,1,1,0,1,0,1,0,0,0,0,0,1.0,1.0,1.0,2.0,45.0,230,105,94,4.98,4.91,4.99,4.97,4.98,4.94,4.72,1,2.58,1,146.0,40.0,1.367041589379939,198.5
0,1.0,1,1,0,0,0,1,0,0,0,0,0,1.0,1.0,1.0,2.0,1125.0,10,11,0,4.45,4.55,3.91,4.45,4.82,5.0,4.27,1,0.25,1,62.0,47.0,0.8971569370059808,232.5
0,1.0,1,1,0,0,0,1,0,0,0,0,0,1.0,1.0,1.0,4.0,365.0,17,5,0,4.6,4.8,4.4,4.0,4.2,4.4,4.4,1,0.11,1,165.0,45.0,2.3395916000504626,261.7
0,1.0,1,1,0,0,0,1,0,0,0,0,0,1.5,1.0,1.0,1.0,100.0,166,6,0,4.83,5.0,5.0,5.0,5.0,4.5,4.83,1,0.13,1,107.0,44.0,2.6939119024743023,297.0
0,1.0,1,1,0,0,0,0,0,1,0,0,0,1.5,2.0,2.0,3.0,365.0,15,13,23,4.92,4.85,4.54,4.85,4.92,4.77,4.62,1,0.29,1,70.0,45.0,3.920713072693995,376.67
0,1.0,1,1,0,0,0,1,0,0,0,0,0,1.0,1.0,1.0,1.0,31.0,240,33,47,4.91,4.88,4.94,4.97,4.94,4.94,4.64,1,0.74,1,163.0,163.0,1.694467864479092,291.0
0,1.0,1,1,0,0,0,1,0,0,0,0,0,1.5,1.0,1.0,6.0,30.0,352,9,24,5.0,5.0,5.0,5.0,5.0,4.89,5.0,1,0.2,1,119.0,44.0,3.2591256390248087,380.5
1,1.0,1,1,0,0,0,0,1,0,0,0,0,1.0,1.0,2.0,1.0,7.0,8,38,70,4.87,4.92,4.82,4.89,4.89,4.63,4.61,1,0.83,1,103.0,103.0,3.9246857823133814,203.0
0,1.0,1,1,0,0,0,0,0,1,0,0,0,1.0,2.0,3.0,1.0,14.0,37,36,55,4.97,5.0,4.97,4.89,4.94,4.78,4.75,1,0.93,1,44.0,44.0,3.5775005653732834,288.0
0,1.0,1,1,0,0,0,0,0,1,0,0,0,1.0,3.0,3.0,1.0,14.0,164,12,16,4.92,4.92,4.42,4.92,5.0,5.0,4.83,1,0.28,1,156.0,44.0,4.6694320373544596,319.67
0,1.0,1,1,0,0,0,1,0,0,0,0,0,1.0,1.0,1.0,5.0,6.0,14,2,10,5.0,5.0,5.0,5.0,5.0,5.0,5.0,1,0.04,1,121.0,91.0,2.857763244409078,255.8
0,1.0,1,1,0,0,0,1,0,0,0,0,0,1.0,1.0,1.0,4.0,365.0,88,2,0,5.0,5.0,4.5,5.0,5.0,4.5,4.5,1,0.04,1,44.0,44.0,2.579895779639762,470.75
1,3.0,1,1,0,0,0,1,0,0,0,0,0,1.0,1.0,1.0,1.0,1125.0,337,353,255,4.93,4.85,4.92,4.94,4.99,4.64,4.83,1,8.42,1,76.0,76.0,9.133353000647093,127.28
0,1.0,1,1,0,0,0,0,0,1,0,0,0,2.0,2.0,2.0,2.0,21.0,186,7,16,4.43,4.29,4.29,4.43,4.43,4.57,4.0,1,0.16,1,153.0,145.0,2.2004363812687324,660.75
0,1.0,1,1,0,0,0,0,0,1,0,0,0,1.0,2.0,2.0,3.0,1125.0,10,8,23,5.0,4.88,5.0,4.63,4.75,4.75,4.75,1,0.18,1,158.0,158.0,4.8795677500107715,418.67
0,1.0,1,1,0,0,0,1,0,0,0,0,0,1.0,1.0,1.0,4.0,28.0,32,14,0,4.93,4.93,4.5,4.93,4.86,4.93,4.57,1,0.31,1,122.0,90.0,1.2045497137077612,259.75
0,1.0,1,1,0,0,0,0,0,1,0,0,0,1.0,3.0,2.0,3.0,365.0,76,21,55,5.0,4.95,4.71,5.0,4.95,4.52,4.76,1,0.5,1,158.0,157.0,5.711530009213114,399.67
0,1.0,1,1,0,0,0,1,0,0,0,0,0,1.0,1.0,1.0,2.0,730.0,4,25,47,4.76,4.84,4.72,4.96,4.92,4.72,4.6,1,0.59,1,106.0,43.0,3.1233467605160334,182.5
1,2.0,1,1,0,0,0,1,0,0,0,0,0,1.0,1.0,2.0,2.0,22.0,10,31,55,4.84,4.77,4.48,4.87,4.94,4.84,4.61,1,0.69,1,170.0,154.0,1.155832815262301,219.0
0,1.0,1,1,0,0,0,0,0,1,0,0,0,1.5,2.0,2.0,4.0,730.0,254,7,24,5.0,5.0,5.0,5.0,5.0,5.0,4.57,1,0.18,1,110.0,44.0,1.595894836346,551.67
0,1.0,1,1,0,0,0,0,0,1,0,0,0,1.5,2.0,2.0,2.0,10.0,51,17,16,4.94,4.94,5.0,4.71,4.94,5.0,4.76,1,0.4,1,148.0,44.0,1.7435757407737522,639.5
0,1.0,1,1,0,0,0,0,1,0,0,0,0,1.5,2.0,2.0,6.0,30.0,166,6,0,4.83,5.0,4.83,4.5,4.67,4.67,4.5,1,0.13,1,127.0,44.0,2.4541565552480815,323.33
0,1.0,1,1,0,0,0,0,0,1,0,0,0,2.0,2.0,3.0,5.0,21.0,15,1,10,5.0,5.0,5.0,5.0,5.0,5.0,5.0,1,0.7,1,143.0,3.0,2.145870575958804,616.4
0,1.0,1,1,0,0,0,1,0,0,0,0,0,1.0,1.0,1.0,2.0,1125.0,362,0,0,-1.0,-1.0,-1.0,-1.0,-1.0,-1.0,-1.0,1,0.0,0,44.0,44.0,1.3600148190689811,656.5
0,6.0,1,1,0,1,0,1,0,0,0,0,0,1.0,1.0,1.0,1.0,99.0,339,13,16,4.38,4.54,4.31,4.77,4.69,4.85,4.38,6,0.29,1,44.0,44.0,1.4393107543070063,149.0
0,6.0,1,1,0,1,0,1,0,0,0,0,0,1.0,1.0,1.0,1.0,99.0,338,3,0,5.0,5.0,5.0,5.0,5.0,5.0,4.67,6,0.07,1,44.0,44.0,1.5552231344314535,288.0
0,6.0,1,1,0,1,0,0,1,0,0,0,0,1.0,1.0,1.0,1.0,99.0,333,11,8,4.27,4.18,4.36,4.55,4.55,4.73,3.45,6,0.24,1,44.0,44.0,1.4097429732100282,374.0
0,6.0,1,1,0,1,0,0,0,1,0,0,0,1.0,1.0,1.0,1.0,99.0,226,4,0,5.0,5.0,4.5,5.0,4.5,5.0,4.75,6,0.09,1,44.0,44.0,1.5105732096838824,378.0
0,6.0,1,1,0,1,0,1,0,0,0,0,0,1.0,1.0,1.0,1.0,99.0,213,3,0,4.33,4.67,5.0,5.0,4.67,4.67,3.33,6,0.07,1,44.0,44.0,1.4653661041651982,277.0
0,6.0,1,1,0,1,0,0,1,0,0,0,0,1.0,1.0,1.0,1.0,99.0,321,2,0,5.0,5.0,5.0,5.0,5.0,5.0,5.0,6,0.07,1,44.0,44.0,1.5366384558067139,387.0
0,1.0,1,1,0,0,0,0,0,1,0,0,0,2.0,4.0,5.0,1.0,7.0,349,20,62,4.9,4.8,4.75,5.0,5.0,4.55,4.6,1,0.45,1,46.0,44.0,7.8845532816183015,423.0
0,6.0,1,1,0,1,0,1,0,0,0,0,0,1.0,1.0,1.0,1.0,365.0,343,340,255,4.64,4.73,4.69,4.91,4.83,4.87,4.48,6,7.85,1,99.0,99.0,0.8742262580018135,95.0
0,1.0,1,1,0,0,0,0,0,1,0,0,0,2.5,2.0,2.0,5.0,730.0,230,17,50,4.65,4.65,4.76,4.94,4.88,4.94,4.47,1,0.39,1,120.0,44.0,3.3529435776502656,472.6
0,1.0,1,1,0,0,0,0,0,1,0,0,0,1.0,1.0,2.0,2.0,365.0,217,23,62,4.96,5.0,4.83,5.0,5.0,4.78,4.83,1,0.55,1,154.0,42.0,1.8872902635012858,399.5
0,1.0,1,1,0,0,0,0,0,1,0,0,0,1.0,2.0,2.0,1.0,365.0,4,6,16,5.0,5.0,5.0,5.0,5.0,4.83,4.67,1,0.23,1,102.0,44.0,3.44826852398703,340.0
0,1.0,1,1,0,0,0,0,0,1,0,0,0,1.5,2.0,4.0,2.0,365.0,344,12,8,5.0,5.0,5.0,5.0,5.0,4.83,4.83,1,0.29,1,49.0,44.0,4.118342121769912,513.67
0,1.0,1,1,0,0,0,0,0,1,0,0,0,1.5,2.0,2.0,3.0,31.0,299,8,23,4.75,4.75,4.63,4.88,5.0,4.5,4.25,1,0.2,1,44.0,41.0,4.073467902570908,291.0
1,1.0,1,1,0,0,0,0,1,0,0,0,0,1.0,1.0,1.0,1.0,1125.0,28,34,39,4.82,4.82,4.79,4.91,4.94,4.94,4.65,1,0.78,1,54.0,43.0,1.2918456856135472,322.5
0,1.0,1,1,0,0,0,1,0,0,0,0,0,1.0,1.0,2.0,2.0,30.0,315,91,187,4.49,4.55,4.55,4.89,4.86,4.67,4.21,1,2.05,1,154.0,44.0,2.4167542194212994,218.54
0,1167.0,1,1,0,1,0,1,0,0,0,0,0,1.0,1.0,1.0,1.0,999.0,340,64,31,4.0,4.11,4.28,4.14,3.89,4.52,3.77,6,1.47,1,58.0,49.0,1.3117423071788044,121.0
0,1.0,1,1,0,0,0,1,0,0,0,0,0,1.5,1.0,2.0,6.0,365.0,14,11,0,4.45,4.45,4.36,4.82,4.82,4.73,4.36,1,0.25,1,148.0,131.0,2.5828312989982285,236.0
1,4.0,1,1,0,1,0,1,0,0,0,0,0,1.0,1.0,1.0,1.0,1125.0,235,89,164,4.79,4.75,4.82,4.82,4.92,4.88,4.39,3,2.0,1,156.0,156.0,0.7119321033714462,165.0
0,1167.0,1,1,0,1,0,1,0,0,0,0,0,1.0,1.0,1.0,1.0,999.0,339,66,101,4.55,4.62,4.79,4.67,4.48,4.73,4.21,6,1.58,1,58.0,49.0,1.3117423071788044,256.0
0,1167.0,1,1,0,1,0,1,0,0,0,0,0,1.0,1.0,1.0,1.0,999.0,356,153,203,4.19,4.2,4.44,4.32,4.35,4.56,3.95,6,3.53,1,58.0,49.0,1.3117423071788044,160.0
0,1.0,1,1,0,0,0,0,1,0,0,0,0,1.5,1.0,2.0,2.0,365.0,288,9,0,5.0,4.78,4.89,5.0,5.0,4.89,5.0,1,0.2,1,133.0,44.0,2.604652001208447,388.0
0,1.0,1,1,0,0,0,0,1,0,0,0,0,1.0,1.0,2.0,4.0,365.0,122,24,56,4.88,4.83,4.79,4.96,5.0,4.88,4.79,1,0.54,1,126.0,86.0,1.9303320824857506,302.5
0,1.0,1,1,0,0,0,1,0,0,0,0,0,1.5,2.0,1.0,1.0,60.0,33,3,0,4.33,4.67,4.0,5.0,5.0,4.67,4.33,1,0.08,1,143.0,143.0,1.780879837635604,343.0
0,1.0,1,1,0,0,0,1,0,0,0,0,0,1.0,1.0,1.0,3.0,365.0,331,19,31,4.84,4.79,4.89,4.89,4.89,5.0,4.68,1,0.45,1,119.0,44.0,0.7144173061964031,513.67
1,1.0,1,1,0,0,0,1,0,0,0,0,0,1.0,1.0,2.0,2.0,365.0,69,195,255,4.96,4.96,4.96,4.93,4.96,4.97,4.88,1,4.74,1,159.0,41.0,1.2859927244594154,198.0
0,23.0,1,1,0,1,0,1,0,0,0,0,0,1.0,1.0,1.0,1.0,7.0,243,4,0,4.25,5.0,4.75,5.0,5.0,5.0,4.0,23,0.12,1,94.0,94.0,0.8445079457756516,204.0
1,1.0,1,1,0,0,0,1,0,0,0,0,0,1.5,1.0,1.0,1.0,7.0,212,158,211,4.81,4.89,4.82,4.92,4.91,4.76,4.53,1,3.54,1,149.0,44.0,3.6005220324864258,177.0
0,1.0,1,1,0,0,0,0,0,1,0,0,0,1.0,3.0,2.0,3.0,7.0,3,1,0,5.0,5.0,4.0,5.0,5.0,5.0,5.0,1,0.02,1,60.0,44.0,3.509348138020421,373.0
0,1.0,1,1,0,1,0,1,0,0,0,0,0,1.0,1.0,1.0,3.0,7.0,362,24,31,5.0,5.0,5.0,4.96,5.0,4.75,4.58,1,0.54,1,44.0,43.0,2.7338616393429525,188.29
0,1.0,1,1,0,1,0,1,0,0,0,0,0,1.5,1.0,3.0,2.0,14.0,10,13,16,4.85,4.85,4.77,5.0,5.0,4.62,4.54,1,0.29,1,165.0,44.0,2.146787297178302,260.0
0,1.0,1,1,0,0,0,1,0,0,0,0,0,1.0,1.0,1.0,2.0,365.0,25,29,62,4.79,4.97,4.69,4.86,4.9,4.9,4.55,1,0.69,1,133.0,124.0,1.5310398636664646,240.0
0,1.0,1,1,0,0,0,1,0,0,0,0,0,1.0,1.0,1.0,5.0,17.0,354,9,0,5.0,4.78,4.89,5.0,4.89,4.89,4.67,1,0.25,1,178.0,169.0,4.194062280201863,243.2
1,1.0,1,1,0,0,0,1,0,0,0,0,0,1.0,1.0,1.0,1.0,180.0,299,36,78,4.89,4.89,4.78,4.81,4.97,4.89,4.56,1,0.83,1,124.0,43.0,1.5141360054138333,320.2
0,1.0,1,1,0,0,0,0,1,0,0,0,0,1.5,1.0,1.0,3.0,365.0,16,17,31,4.88,4.94,4.71,4.88,5.0,4.76,4.76,1,0.47,1,96.0,37.0,3.136987003557284,298.67
0,1.0,1,1,0,0,0,0,0,1,0,0,0,1.0,2.0,2.0,1.0,1125.0,111,29,16,4.97,5.0,4.9,4.83,5.0,4.69,4.62,1,0.65,1,139.0,43.0,2.9542335770783437,602.5
0,1.0,1,1,0,0,0,0,0,1,0,0,0,1.0,2.0,3.0,3.0,30.0,17,13,0,5.0,5.0,5.0,5.0,5.0,5.0,4.92,1,0.38,1,158.0,35.0,1.861465885823448,335.25
0,1.0,1,1,0,0,0,0,0,0,1,0,0,2.0,3.0,3.0,1.0,14.0,19,81,187,4.94,4.93,4.83,4.96,4.98,4.91,4.79,1,1.84,1,71.0,71.0,5.283074990395889,328.5
1,2.0,1,1,0,1,0,1,0,0,0,0,0,1.5,1.0,1.0,2.0,1125.0,127,235,255,4.91,4.83,4.89,4.86,4.96,4.76,4.74,2,5.3,1,102.0,43.0,3.250032957946593,149.0
1,2.0,1,1,0,1,0,1,0,0,0,0,0,1.0,1.0,1.0,2.0,365.0,143,204,255,4.85,4.84,4.86,4.83,4.94,4.75,4.72,2,4.85,1,102.0,43.0,3.1983121136358665,136.5
0,1.0,1,1,0,0,0,1,0,0,0,0,0,1.5,1.0,1.0,1.0,30.0,4,16,8,4.88,5.0,4.75,4.88,5.0,4.81,4.63,1,0.37,1,125.0,43.0,1.8691604680406075,349.0
0,1.0,1,1,0,0,0,0,0,1,0,0,0,4.0,3.0,2.0,7.0,1125.0,22,8,14,5.0,5.0,5.0,5.0,5.0,5.0,4.88,1,0.19,1,71.0,43.0,1.1463759551737174,659.27
0,1.0,1,1,0,0,0,0,0,1,0,0,0,3.0,2.0,2.0,3.0,365.0,156,22,39,4.91,4.86,4.73,4.82,4.91,5.0,4.68,1,0.56,1,85.0,43.0,1.5466070868734458,666.67
0,1.0,1,1,0,0,0,1,0,0,0,0,0,1.5,1.0,1.0,4.0,10.0,135,14,24,5.0,5.0,5.0,5.0,5.0,5.0,4.93,1,0.32,1,132.0,43.0,3.1162706254936356,248.5
1,1.0,1,1,0,0,0,0,0,1,0,0,0,1.5,2.0,2.0,1.0,365.0,82,20,55,5.0,5.0,4.9,4.95,5.0,4.9,4.9,1,0.48,1,150.0,150.0,2.1271078353772173,371.0
0,2.0,1,1,0,0,0,0,0,0,0,1,0,2.5,3.0,5.0,3.0,1125.0,26,16,23,4.81,4.75,4.75,4.75,5.0,4.69,4.81,1,0.4,1,150.0,150.0,4.909894477098917,273.33
0,1.0,1,1,0,0,0,0,0,1,0,0,0,2.0,3.0,5.0,4.0,30.0,27,2,0,5.0,5.0,5.0,4.5,5.0,4.5,4.5,1,0.05,1,151.0,90.0,4.583365411647733,268.25
0,1.0,1,1,0,0,0,0,0,1,0,0,0,1.0,2.0,2.0,1.0,1125.0,19,32,78,4.75,4.53,4.78,4.84,4.84,4.84,4.19,1,0.76,1,43.0,42.0,1.912082305784154,343.0
1,2.0,1,1,0,0,1,0,0,0,0,0,0,1.0,1.0,1.0,1.0,365.0,365,1398,255,4.73,4.77,4.75,4.86,4.81,4.78,4.59,2,37.21,1,44.0,43.0,1.4680667978729824,42.0
0,1.0,1,1,0,0,0,1,0,0,0,0,0,1.0,1.0,1.0,1.0,365.0,239,20,16,4.9,4.85,4.6,4.95,4.85,5.0,4.65,1,0.46,1,130.0,107.0,1.3494149953133654,312.68
0,1.0,1,1,0,0,0,0,0,1,0,0,0,2.0,4.0,4.0,2.0,365.0,5,12,39,4.67,4.67,4.58,4.67,4.58,4.67,4.42,1,0.31,1,144.0,144.0,1.6329911336145193,630.5
1,2.0,1,1,0,0,1,0,0,0,0,0,0,1.0,1.0,1.0,1.0,365.0,360,137,255,4.81,4.74,4.72,4.94,4.88,4.82,4.69,2,3.63,1,44.0,43.0,1.4680667978729824,39.0
1,2.0,1,1,0,0,0,0,0,1,0,0,0,1.0,2.0,2.0,3.0,1125.0,14,24,31,4.83,4.88,4.71,5.0,4.92,4.42,4.71,1,0.72,1,116.0,116.0,6.458454823220126,278.33
0,1.0,1,1,0,0,0,1,0,0,0,0,0,1.0,1.0,1.0,1.0,365.0,158,11,16,4.73,4.73,4.36,5.0,4.91,4.64,4.27,1,0.26,1,142.0,43.0,3.032192055453664,211.0
1,1.0,1,1,0,0,0,0,0,1,0,0,0,1.5,3.0,3.0,3.0,1125.0,160,80,218,4.74,4.69,4.71,4.94,4.91,4.93,4.55,1,1.84,1,168.0,168.0,2.280835416962514,381.0
0,1.0,1,1,0,0,0,0,1,0,0,0,0,1.0,1.0,1.0,3.0,1125.0,363,11,0,5.0,4.91,4.55,4.73,5.0,4.91,4.73,1,0.26,1,125.0,125.0,1.6642768064229527,532.67
0,1.0,1,1,0,0,0,1,0,0,0,0,0,1.0,1.0,1.0,3.0,10.0,27,12,0,4.67,4.67,4.17,4.75,4.83,4.83,4.42,1,0.28,1,158.0,43.0,0.641176961081847,532.67
0,1.0,1,1,0,0,0,0,0,1,0,0,0,2.5,3.0,3.0,4.0,5.0,42,4,0,4.75,5.0,5.0,4.75,5.0,4.75,4.25,1,0.1,1,140.0,43.0,4.811755644222604,412.25
0,1.0,1,1,0,0,0,1,0,0,0,0,0,1.5,2.0,2.0,4.0,14.0,23,5,24,5.0,5.0,5.0,5.0,5.0,5.0,4.8,1,0.12,1,110.0,43.0,2.253716499982636,395.0
0,1.0,1,1,0,0,0,0,0,1,0,0,0,1.0,3.0,2.0,4.0,30.0,254,6,24,5.0,5.0,5.0,5.0,5.0,5.0,4.83,1,0.14,1,141.0,95.0,2.6182347741622314,689.75
0,86.0,1,1,0,0,0,1,0,0,0,0,0,1.0,1.0,1.0,2.0,20.0,364,17,31,4.94,5.0,4.82,5.0,5.0,5.0,4.82,2,0.54,1,142.0,128.0,0.8832854624376799,492.5
0,1.0,1,1,0,0,0,0,1,0,0,0,0,1.0,2.0,2.0,3.0,30.0,331,14,16,4.93,5.0,5.0,5.0,5.0,4.79,4.79,1,0.33,1,143.0,43.0,2.3060540877438305,439.67
0,1.0,1,1,0,0,0,1,0,0,0,0,0,1.5,1.0,1.0,2.0,30.0,59,3,0,5.0,5.0,5.0,5.0,5.0,5.0,5.0,1,0.07,1,157.0,43.0,3.2350236229418345,476.5
1,1.0,1,1,0,0,0,0,0,1,0,0,0,1.0,2.0,4.0,2.0,30.0,186,26,55,4.92,4.88,4.92,4.92,4.88,4.69,4.65,1,0.9,1,43.0,28.0,3.559010386847234,257.0
1,1.0,1,1,0,1,0,1,0,0,0,0,0,1.0,1.0,1.0,2.0,365.0,131,135,255,4.87,4.84,4.39,4.98,4.97,4.96,4.77,1,3.15,1,120.0,43.0,1.5244357644021846,171.33
0,1.0,1,1,0,1,0,1,0,0,0,0,0,1.0,1.0,1.0,1.0,30.0,4,2,0,5.0,5.0,5.0,5.0,5.0,4.5,4.5,1,0.06,1,59.0,30.0,2.878899501127824,232.33
0,1.0,1,1,0,0,0,0,0,1,0,0,0,1.5,3.0,3.0,3.0,365.0,63,12,0,4.92,4.75,4.33,4.92,4.75,4.75,4.67,1,0.28,1,142.0,135.0,4.7742500536969,390.0
1,2.0,1,1,0,1,0,1,0,0,0,0,0,1.0,1.0,1.0,1.0,5.0,48,96,187,4.86,4.89,4.69,4.89,4.92,4.64,4.65,2,2.23,1,102.0,96.0,6.050446977201418,89.67
0,1.0,1,1,0,1,0,1,0,0,0,0,0,1.0,1.0,1.0,1.0,6.0,61,16,39,5.0,4.94,4.94,5.0,4.94,4.69,4.44,1,0.41,1,87.0,38.0,5.9268538284177925,183.0
0,1.0,1,1,0,0,0,0,1,0,0,0,0,1.5,1.0,1.0,1.0,365.0,328,10,0,4.7,4.7,4.5,4.3,4.3,4.8,4.5,1,0.23,1,125.0,43.0,3.5413089171009418,262.0
0,1.0,1,1,0,0,0,0,0,1,0,0,0,1.0,3.0,4.0,5.0,30.0,160,8,40,4.88,5.0,4.88,5.0,5.0,4.5,4.5,1,0.2,1,161.0,42.0,8.701017602503365,162.2
0,1.0,1,1,0,0,0,0,0,1,0,0,0,2.5,2.0,2.0,5.0,30.0,358,6,0,5.0,5.0,5.0,5.0,5.0,5.0,5.0,1,0.14,1,125.0,43.0,1.391077285950238,719.0
0,1.0,1,1,0,0,0,0,0,0,0,1,0,1.0,2.0,3.0,3.0,30.0,12,3,0,5.0,5.0,4.0,4.67,5.0,4.67,4.67,1,0.08,1,107.0,40.0,8.814785317580487,413.75
1,3.0,1,1,0,1,0,1,0,0,0,0,0,1.0,1.0,1.0,1.0,365.0,258,172,255,4.8,4.81,4.86,4.86,4.85,4.91,4.65,3,3.94,1,116.0,113.0,1.3043009727992432,240.0
0,1.0,1,1,0,0,0,1,0,0,0,0,0,1.0,1.0,1.0,1.0,365.0,8,16,31,4.81,4.81,4.88,4.63,5.0,4.69,4.56,1,0.41,1,128.0,43.0,2.6026825853155016,234.25
0,1.0,1,1,0,0,0,1,0,0,0,0,0,1.0,1.0,1.0,2.0,10.0,191,30,70,4.83,4.93,4.8,4.97,5.0,4.83,4.8,1,0.69,1,174.0,43.0,2.661101131088381,234.0
0,1.0,1,1,0,0,0,0,0,1,0,0,0,1.0,2.0,1.0,3.0,16.0,38,21,47,4.95,4.95,5.0,5.0,5.0,4.86,4.9,1,0.54,1,139.0,40.0,2.0710840631714684,443.33
0,1.0,1,1,0,0,0,1,0,0,0,0,0,1.5,1.0,1.0,2.0,7.0,362,13,0,4.69,4.77,4.46,4.77,4.77,4.62,4.46,1,0.3,1,132.0,42.0,2.7270907545586605,302.5
0,1.0,1,1,0,0,0,1,0,0,0,0,0,1.0,1.0,1.0,3.0,30.0,354,23,31,4.87,5.0,4.78,4.91,4.91,4.96,4.7,1,0.54,1,125.0,43.0,1.2777857068952718,407.33
0,1.0,1,1,0,0,0,1,0,0,0,0,0,1.5,1.0,1.0,3.0,30.0,337,11,31,4.82,4.91,4.27,4.82,5.0,4.73,4.64,1,0.26,1,116.0,43.0,2.24193668059678,357.67
0,1.0,1,1,0,0,0,0,1,0,0,0,0,1.0,1.0,2.0,3.0,365.0,165,15,31,5.0,5.0,5.0,5.0,5.0,4.87,4.87,1,0.39,1,141.0,41.0,2.845632546249221,279.67
0,3.0,1,1,0,1,0,1,0,0,0,0,0,1.0,1.0,1.0,3.0,14.0,221,62,101,4.79,4.77,4.87,4.9,4.92,4.9,4.63,3,1.51,1,103.0,20.0,0.5621827239767563,211.0
0,3.0,1,1,0,1,0,1,0,0,0,0,0,1.0,1.0,1.0,1.0,365.0,224,67,109,4.75,4.73,4.75,4.72,4.75,4.82,4.6,3,1.63,1,103.0,20.0,0.5621827239767563,93.0
0,1.0,1,1,0,0,0,1,0,0,0,0,0,1.0,1.0,1.0,3.0,10.0,281,11,0,5.0,5.0,4.73,4.73,4.91,4.64,4.36,1,0.28,1,131.0,39.0,3.173970757669078,179.0
0,1.0,1,1,0,0,0,0,0,1,0,0,0,2.0,4.0,2.0,3.0,28.0,8,9,23,5.0,5.0,4.89,5.0,5.0,4.89,4.89,1,0.21,1,141.0,42.0,4.578376705228673,399.67
0,1.0,1,1,0,0,0,0,0,1,0,0,0,1.0,2.0,2.0,7.0,14.0,14,1,0,5.0,5.0,5.0,5.0,5.0,5.0,5.0,1,0.03,1,142.0,42.0,1.7688613424265052,353.9
0,1.0,1,1,0,0,0,0,1,0,0,0,0,1.0,2.0,2.0,3.0,365.0,28,20,8,4.85,4.8,4.65,4.95,4.95,4.85,4.55,1,0.47,1,113.0,42.0,3.1668157038584073,413.0
1,1.0,1,1,0,0,0,0,0,1,0,0,0,1.0,2.0,6.0,3.0,7.0,14,33,55,4.97,4.91,4.97,4.94,4.97,4.94,4.82,1,0.78,1,141.0,110.0,2.4149187974951314,376.67
0,3.0,1,1,0,1,0,0,0,1,0,0,0,1.0,2.0,2.0,1.0,14.0,311,202,255,4.6,4.57,4.64,4.9,4.8,4.87,4.45,3,4.88,1,103.0,20.0,0.5621827239767563,198.56
0,2.0,1,1,0,0,0,0,0,1,0,0,0,1.0,2.0,2.0,3.0,365.0,10,8,55,5.0,4.88,5.0,5.0,4.88,4.88,4.88,1,0.23,1,170.0,122.0,3.4070104836412876,263.67
0,1.0,1,1,0,0,0,0,0,1,0,0,0,1.0,2.0,2.0,3.0,26.0,156,2,8,5.0,5.0,5.0,5.0,5.0,5.0,4.5,1,0.07,1,144.0,84.0,3.9137691721440686,370.0
1,15.0,1,1,0,1,0,0,1,0,0,0,0,1.5,2.0,3.0,1.0,365.0,294,115,255,4.81,4.8,4.7,4.97,4.93,4.92,4.73,15,2.72,1,42.0,42.0,0.9194051321748307,290.0
0,1.0,1,1,0,0,0,0,1,0,0,0,0,1.0,2.0,2.0,3.0,30.0,15,17,31,4.94,4.88,4.94,4.94,4.65,4.76,4.82,1,0.42,1,130.0,86.0,8.03209122103233,217.0
0,1.0,1,1,0,0,0,1,0,0,0,0,0,1.0,1.0,1.0,3.0,1125.0,236,20,0,4.85,4.9,5.0,4.9,4.95,5.0,4.45,1,0.48,1,42.0,42.0,1.3521490384375918,492.33
1,15.0,1,1,0,1,0,1,0,0,0,0,0,1.0,1.0,2.0,1.0,365.0,331,68,211,4.93,4.94,4.91,4.97,4.94,4.93,4.82,15,1.58,1,42.0,42.0,1.025093723357439,291.0
1,15.0,1,1,0,1,0,1,0,0,0,0,0,1.0,1.0,2.0,1.0,365.0,278,136,255,4.81,4.73,4.73,4.93,4.96,4.9,4.62,15,3.16,1,42.0,42.0,1.025093723357439,172.0
1,15.0,1,1,0,1,0,0,0,1,0,0,0,1.0,2.0,4.0,1.0,365.0,282,131,255,4.83,4.78,4.7,4.98,4.93,4.92,4.74,15,3.06,1,42.0,42.0,1.025093723357439,291.0
1,15.0,1,1,0,1,0,0,0,0,0,0,0,1.0,1.0,1.0,1.0,365.0,319,132,218,4.71,4.74,4.76,4.9,4.9,4.86,4.51,15,3.07,1,42.0,42.0,1.025093723357439,160.0
1,15.0,1,1,0,1,0,1,0,0,0,0,0,1.0,1.0,2.0,1.0,365.0,304,130,255,4.71,4.61,4.62,4.91,4.92,4.88,4.53,15,3.02,1,42.0,42.0,1.025093723357439,172.0
1,15.0,1,1,0,1,0,0,1,0,0,0,0,1.0,1.0,2.0,1.0,365.0,276,182,255,4.74,4.67,4.64,4.94,4.93,4.9,4.57,15,4.25,1,42.0,42.0,1.025093723357439,202.0
0,1.0,1,1,0,0,0,1,0,0,0,0,0,1.5,1.0,1.0,5.0,365.0,179,2,0,5.0,5.0,5.0,5.0,5.0,5.0,5.0,1,0.05,1,115.0,42.0,2.5575928051852865,336.8
0,1.0,1,1,0,1,0,1,0,0,0,0,0,1.0,1.0,1.0,1.0,1125.0,339,76,211,4.8,4.71,4.88,4.91,4.91,4.87,4.57,1,1.86,1,42.0,41.0,0.844947490967643,167.0
0,2.0,1,1,0,0,0,1,0,0,0,0,0,1.0,1.0,1.0,3.0,7.0,166,11,0,4.91,5.0,4.91,5.0,4.91,4.73,4.73,1,0.26,1,164.0,42.0,3.137968768441392,357.33
1,15.0,1,1,0,1,0,1,0,0,0,0,0,1.0,1.0,2.0,1.0,365.0,290,146,255,4.83,4.75,4.79,4.96,4.89,4.88,4.52,15,3.43,1,42.0,42.0,1.025093723357439,172.0
1,15.0,1,1,0,1,0,1,0,0,0,0,0,1.0,1.0,2.0,1.0,365.0,273,156,255,4.78,4.77,4.75,4.96,4.92,4.88,4.62,15,3.64,1,42.0,42.0,1.025093723357439,172.0
1,15.0,1,1,0,1,0,1,0,0,0,0,0,1.0,1.0,2.0,1.0,365.0,312,121,255,4.79,4.77,4.78,4.96,4.93,4.88,4.57,15,3.01,1,42.0,42.0,1.025093723357439,183.0
1,15.0,1,1,0,1,0,1,0,0,0,0,0,1.0,1.0,2.0,1.0,365.0,273,125,255,4.82,4.82,4.8,4.97,4.93,4.86,4.66,15,2.94,1,42.0,42.0,1.025093723357439,181.0
1,15.0,1,1,0,1,0,0,0,0,0,0,0,1.0,1.0,1.0,1.0,365.0,313,125,255,4.75,4.73,4.71,4.87,4.88,4.71,4.55,15,2.91,1,42.0,42.0,1.0287974672609639,160.0
0,1.0,1,1,0,0,0,1,0,0,0,0,0,1.5,2.0,2.0,4.0,30.0,216,5,8,5.0,5.0,5.0,5.0,5.0,5.0,5.0,1,0.12,1,42.0,42.0,1.1898443813495594,530.75
1,15.0,1,1,0,1,0,0,0,0,0,0,0,1.0,1.0,1.0,1.0,365.0,284,165,255,4.85,4.84,4.85,4.98,4.94,4.84,4.72,15,3.88,1,42.0,42.0,1.1048624798116138,160.0
0,1.0,1,1,0,0,0,1,0,0,0,0,0,1.0,1.0,1.0,1.0,7.0,49,13,39,4.62,4.77,4.77,4.69,4.77,4.77,4.46,1,0.3,1,117.0,42.0,1.4864018648472201,331.0
0,1.0,1,1,0,1,0,1,0,0,0,0,0,1.0,1.0,1.0,2.0,4.0,38,283,255,4.81,4.86,4.89,4.86,4.83,4.94,4.61,1,6.61,1,42.0,42.0,1.1726690694766153,245.5
0,1.0,1,1,0,0,0,0,0,1,0,0,0,1.5,2.0,2.0,2.0,30.0,89,7,8,5.0,4.57,4.71,5.0,4.86,5.0,4.71,1,0.22,1,127.0,33.0,6.30490278687921,414.0
0,1.0,1,1,0,0,0,1,0,0,0,0,0,1.0,1.0,1.0,3.0,365.0,90,0,0,-1.0,-1.0,-1.0,-1.0,-1.0,-1.0,-1.0,1,0.0,0,121.0,84.0,3.3470310227956346,350.0
0,1.0,1,1,0,0,0,1,0,0,0,0,0,1.0,1.0,1.0,3.0,100.0,129,14,0,5.0,4.79,4.86,4.93,5.0,5.0,4.5,1,0.38,1,147.0,42.0,1.8950811106393457,432.0
0,1.0,1,1,0,0,0,0,0,1,0,0,0,1.0,1.0,1.0,2.0,30.0,181,14,31,4.93,5.0,4.86,4.93,4.93,4.79,4.64,1,0.37,1,111.0,42.0,2.9485835854403786,342.67
0,1.0,1,1,0,0,0,0,0,1,0,0,0,2.5,2.0,2.0,2.0,365.0,365,11,0,4.64,4.82,4.55,5.0,4.82,4.82,4.27,1,0.28,1,131.0,130.0,3.5452103593955533,782.0
0,1.0,1,1,0,0,0,0,0,1,0,0,0,1.0,1.0,2.0,2.0,1125.0,69,4,8,5.0,5.0,5.0,5.0,5.0,5.0,5.0,1,0.28,1,59.0,19.0,3.4525729784615926,291.0
0,1.0,1,1,0,0,0,0,0,1,0,0,0,2.0,2.0,2.0,2.0,365.0,16,13,23,4.69,4.77,4.62,4.77,5.0,4.54,4.31,1,0.33,1,148.0,130.0,5.48328700045821,216.83
1,5.0,1,1,0,0,0,1,0,0,0,0,0,1.0,1.0,1.0,3.0,365.0,310,75,255,4.95,4.92,4.96,5.0,5.0,4.99,4.84,1,1.76,1,127.0,108.0,0.6633095216708229,513.67
1,15.0,1,1,0,1,0,0,1,0,0,0,0,1.0,1.0,3.0,1.0,365.0,275,183,255,4.85,4.74,4.7,4.93,4.93,4.87,4.68,15,4.34,1,42.0,42.0,1.1600745469106257,222.0
0,1.0,1,1,0,0,0,1,0,0,0,0,0,1.0,1.0,1.0,7.0,21.0,198,3,0,5.0,5.0,5.0,5.0,5.0,4.33,5.0,1,0.08,1,58.0,41.0,4.272235390914283,165.57
0,1.0,1,1,0,0,0,0,0,1,0,0,0,1.0,3.0,2.0,6.0,100.0,41,10,60,4.8,4.7,4.7,4.8,4.9,4.8,4.5,1,0.25,1,143.0,130.0,2.4240416641230382,397.86
0,1.0,1,1,0,0,0,1,0,0,0,0,0,1.5,1.0,1.0,4.0,15.0,89,7,0,4.86,5.0,4.86,5.0,5.0,4.86,4.57,1,0.17,1,117.0,41.0,3.8741679056000127,328.25
0,1.0,1,1,0,0,0,1,0,0,0,0,0,1.0,1.0,1.0,2.0,13.0,237,16,16,5.0,4.94,4.75,5.0,5.0,5.0,4.69,1,0.38,1,113.0,42.0,2.334286439596263,294.0
1,3.0,1,1,0,0,0,1,0,0,0,0,0,1.0,1.0,1.0,1.0,60.0,64,31,187,4.97,4.97,4.77,4.97,4.9,4.94,4.61,1,0.73,1,117.0,42.0,2.704246293656856,245.35
1,1.0,1,1,0,1,0,1,0,0,0,0,0,1.0,1.0,1.0,2.0,1125.0,20,156,255,4.98,4.97,4.97,4.97,4.97,4.94,4.85,1,3.81,1,155.0,41.0,1.5488334799490988,208.27
0,1.0,1,1,0,0,0,0,0,1,0,0,0,2.0,2.0,2.0,3.0,365.0,21,18,23,5.0,5.0,4.94,4.94,5.0,4.72,4.89,1,0.46,1,42.0,41.0,2.9926553457083873,433.75
0,1.0,1,1,0,0,0,1,0,0,0,0,0,1.0,1.0,1.0,3.0,21.0,20,28,78,5.0,4.96,5.0,5.0,5.0,4.89,4.89,1,0.67,1,128.0,42.0,2.2078434786540573,510.25
0,1.0,1,1,0,0,0,0,0,1,0,0,0,1.0,1.0,2.0,2.0,365.0,364,10,0,3.9,4.0,4.1,4.7,4.3,4.8,3.7,1,0.25,1,45.0,41.0,1.2817046735775672,291.0
1,1.0,1,1,0,0,0,1,0,0,0,0,0,1.0,1.0,1.0,2.0,365.0,19,26,55,4.96,4.88,4.77,4.96,5.0,4.88,4.62,1,0.67,1,151.0,151.0,2.7030589075613616,179.5
0,1.0,1,1,0,0,0,0,1,0,0,0,0,1.0,2.0,2.0,5.0,365.0,84,2,0,4.5,4.5,4.5,5.0,4.5,5.0,4.5,1,0.08,1,47.0,40.0,2.9634242967909072,268.2
0,1.0,1,1,0,0,0,1,0,0,0,0,0,1.5,1.0,1.0,4.0,28.0,102,7,0,4.86,4.86,4.43,4.86,5.0,4.71,4.71,1,0.17,1,132.0,40.0,2.842865989616376,294.0
0,1.0,1,1,0,0,0,0,0,1,0,0,0,1.5,2.0,4.0,1.0,30.0,59,14,0,4.71,4.79,4.79,4.93,4.79,4.5,4.43,1,0.33,1,92.0,91.0,5.574759737239525,263.67
0,1.0,1,1,0,0,0,0,0,1,0,0,0,1.0,2.0,2.0,2.0,30.0,21,9,0,5.0,5.0,4.89,5.0,5.0,4.78,4.78,1,0.23,1,145.0,51.0,3.603429587248437,611.0
0,1.0,1,1,0,0,0,1,0,0,0,0,0,1.0,1.0,1.0,2.0,365.0,169,20,47,5.0,4.9,4.6,4.9,4.95,4.7,4.7,1,0.48,1,60.0,41.0,2.6805672003340124,228.5
0,1.0,1,1,0,0,0,1,0,0,0,0,0,1.0,1.0,1.0,1.0,365.0,6,20,70,4.7,4.7,4.75,4.55,4.75,4.7,4.6,1,0.48,1,140.0,124.0,2.754597435847002,215.68
0,1.0,1,1,0,0,0,0,0,1,0,0,0,1.0,2.0,2.0,5.0,6.0,227,16,60,5.0,4.94,4.88,5.0,5.0,5.0,4.94,1,0.43,1,49.0,40.0,0.9083675688308196,458.8
0,3.0,1,1,0,0,0,0,0,1,0,0,0,1.0,4.0,4.0,3.0,730.0,357,10,0,5.0,5.0,4.9,5.0,5.0,5.0,4.6,1,0.26,1,103.0,41.0,0.7588818922974497,723.0
0,1.0,1,1,0,0,0,0,0,1,0,0,0,1.0,2.0,2.0,2.0,20.0,18,7,0,4.86,4.86,4.86,4.71,5.0,5.0,4.57,1,0.17,1,123.0,41.0,1.7234732991950192,370.48
0,1.0,1,1,0,0,0,0,0,1,0,0,0,1.0,2.0,2.0,2.0,365.0,308,6,0,4.67,5.0,4.17,5.0,5.0,5.0,4.33,1,0.14,1,131.0,41.0,2.170283469334101,318.5
0,1.0,1,1,0,0,0,0,0,1,0,0,0,2.0,2.0,2.0,2.0,17.0,89,4,0,5.0,5.0,5.0,5.0,5.0,5.0,5.0,1,0.13,1,126.0,41.0,3.7159180867578447,617.0
1,1.0,1,1,0,0,0,1,0,0,0,0,0,1.0,1.0,1.0,2.0,30.0,2,27,86,4.96,4.85,4.85,5.0,4.93,4.89,4.74,1,0.65,1,45.0,41.0,2.5208469427770615,221.5
0,1.0,1,1,0,0,0,0,0,1,0,0,0,1.0,2.0,4.0,1.0,365.0,365,4,16,3.75,3.5,3.5,4.25,4.5,5.0,3.5,1,0.1,1,128.0,128.0,0.7086204444076275,742.0
0,2.0,1,1,0,0,0,1,0,0,0,0,0,1.0,1.0,1.0,4.0,365.0,21,19,32,4.95,4.89,4.79,4.89,4.95,4.89,4.58,1,0.46,1,105.0,41.0,2.949669948759163,267.26
0,1.0,1,1,0,0,0,0,1,0,0,0,0,1.5,1.0,2.0,1.0,1125.0,85,77,117,4.77,4.83,4.79,4.86,4.81,4.77,4.61,1,1.95,1,44.0,41.0,2.6916746059849608,187.72
1,1.0,1,1,0,1,0,1,0,0,0,0,0,1.5,1.0,1.0,2.0,30.0,261,91,148,4.98,4.98,4.97,4.98,4.96,4.8,4.82,1,2.19,1,45.0,41.0,4.391187233974553,143.5
0,1.0,1,1,0,0,0,0,1,0,0,0,0,1.5,2.0,2.0,4.0,365.0,292,3,0,4.33,4.67,4.33,4.0,5.0,4.33,4.67,1,0.08,1,188.0,181.0,2.114754163947552,274.0
1,4.0,1,1,0,1,0,0,0,0,0,0,0,1.0,1.0,1.0,1.0,1125.0,111,162,255,4.89,4.9,4.96,4.94,4.94,4.98,4.7,4,3.97,1,41.0,41.0,1.3620398423966287,159.0
0,1.0,1,1,0,0,0,1,0,0,0,0,0,1.0,1.0,1.0,2.0,30.0,34,19,62,4.89,4.95,4.84,4.95,4.95,4.84,4.79,1,0.5,1,153.0,38.0,1.9461570897948524,254.0
0,1.0,1,1,0,0,0,1,0,0,0,0,0,1.0,1.0,1.0,2.0,1125.0,30,0,0,-1.0,-1.0,-1.0,-1.0,-1.0,-1.0,-1.0,1,0.0,0,153.0,0.0,2.480749369209252,205.67
0,1.0,1,1,0,0,0,1,0,0,0,0,0,1.5,1.0,1.0,5.0,5.0,97,11,40,5.0,5.0,4.91,5.0,4.82,4.82,4.55,1,0.32,1,140.0,36.0,1.619516211658964,308.2
0,1.0,1,1,0,0,0,0,0,1,0,0,0,1.5,2.0,2.0,2.0,7.0,34,7,23,4.86,5.0,5.0,5.0,5.0,5.0,4.86,1,0.18,1,124.0,66.0,1.836119528887952,709.67
0,1.0,1,1,0,0,0,0,0,0,1,0,0,1.5,3.0,4.0,3.0,14.0,292,4,0,5.0,5.0,5.0,5.0,5.0,5.0,5.0,1,0.11,1,157.0,40.0,3.6028158704195894,247.33
1,26.0,1,1,0,1,0,0,0,1,0,0,0,1.0,2.0,2.0,2.0,30.0,146,74,117,4.68,4.68,4.62,4.85,4.82,4.54,4.32,18,1.84,1,106.0,106.0,3.0510093958001825,245.5
1,4.0,1,1,0,1,0,0,0,0,0,0,0,1.0,1.0,1.0,1.0,1125.0,91,190,255,4.89,4.89,4.94,4.94,4.92,4.96,4.71,4,4.81,1,41.0,41.0,1.3065551436856542,183.0
1,4.0,1,1,0,1,0,0,0,0,0,0,0,1.0,1.0,1.0,2.0,1125.0,110,158,255,4.89,4.89,4.92,4.94,4.94,4.99,4.72,4,3.91,1,41.0,41.0,1.3620398423966287,156.0
1,4.0,1,1,0,1,0,0,0,0,0,0,0,1.0,1.0,1.0,2.0,1125.0,86,176,255,4.86,4.87,4.9,4.93,4.94,4.96,4.57,4,4.28,1,41.0,41.0,1.4514577482697257,168.5
0,1.0,1,1,0,0,0,0,1,0,0,0,0,1.0,1.0,2.0,2.0,5.0,217,1,8,5.0,5.0,5.0,5.0,5.0,5.0,4.0,1,1.0,1,122.0,2.0,2.497876264702512,289.0
0,1.0,1,1,0,0,0,0,0,1,0,0,0,1.0,2.0,2.0,5.0,14.0,55,23,40,4.78,4.7,4.61,4.96,4.78,5.0,4.61,1,0.55,1,61.0,42.0,0.5444002981535966,526.2
0,1.0,1,1,0,0,0,0,1,0,0,0,0,1.0,1.0,2.0,2.0,14.0,138,2,16,5.0,5.0,5.0,5.0,5.0,5.0,5.0,1,2.0,1,77.0,1.0,4.288913020207315,258.0
0,1.0,1,1,0,0,0,0,1,0,0,0,0,1.0,1.0,1.0,6.0,365.0,48,0,0,-1.0,-1.0,-1.0,-1.0,-1.0,-1.0,-1.0,1,0.0,0,41.0,41.0,1.4875010839011096,266.75
0,1.0,1,1,0,0,0,1,0,0,0,0,0,1.0,1.0,1.0,5.0,365.0,166,3,0,4.33,4.33,4.67,5.0,4.33,4.0,4.33,1,0.07,1,127.0,80.0,3.3333933320275375,201.0
0,1.0,1,1,0,0,0,0,0,1,0,0,0,1.0,3.0,2.0,7.0,365.0,176,5,28,4.6,4.6,4.0,4.6,5.0,4.4,4.4,1,0.13,1,154.0,118.0,6.919887013966502,192.0
0,1.0,1,1,0,0,0,0,0,1,0,0,0,1.0,2.0,2.0,4.0,12.0,13,10,24,4.9,4.9,4.7,4.9,5.0,4.9,4.7,1,0.26,1,134.0,41.0,1.6634912128300623,324.2
1,1.0,1,1,0,1,0,1,0,0,0,0,0,1.0,1.0,1.0,1.0,1125.0,260,386,255,4.96,4.93,4.96,4.96,4.98,4.98,4.79,1,9.32,1,120.0,41.0,0.8159259052877367,182.59
0,1.0,1,1,0,0,0,1,0,0,0,0,0,1.0,1.0,1.0,2.0,365.0,21,5,0,5.0,5.0,5.0,4.8,5.0,5.0,4.6,1,0.13,1,130.0,102.0,2.696097640541748,410.0
0,1.0,1,1,0,1,0,0,0,0,0,0,0,1.0,1.0,1.0,5.0,45.0,254,18,20,4.39,4.11,4.61,4.33,4.67,4.28,4.06,1,0.49,1,103.0,103.0,3.650765426052907,105.44
1,40.0,1,0,0,1,0,0,0,0,0,0,0,1.0,1.0,1.0,7.0,365.0,247,8,84,5.0,5.0,5.0,4.88,5.0,4.88,4.88,10,0.33,1,144.0,137.0,2.768564683861923,77.03
0,1.0,1,1,0,0,0,0,0,1,0,0,0,1.0,3.0,4.0,6.0,30.0,71,7,12,5.0,5.0,4.71,4.86,5.0,4.86,4.57,1,0.18,1,119.0,40.0,3.2889554656827342,365.33
0,1.0,1,1,0,0,0,1,0,0,0,0,0,1.0,1.0,1.0,2.0,365.0,78,26,55,4.85,4.96,4.58,4.73,4.96,4.81,4.58,1,0.64,1,133.0,41.0,1.7446741047849061,342.5
0,1.0,0,1,0,0,0,1,0,0,0,0,0,1.0,1.0,1.0,2.0,22.0,8,8,31,5.0,5.0,5.0,4.88,5.0,4.88,4.88,1,0.3,1,79.0,40.0,3.342357610062928,174.17
1,4.0,1,1,0,1,0,0,0,0,0,0,0,1.5,1.0,1.0,2.0,28.0,170,37,125,4.97,4.95,4.84,4.92,5.0,4.89,4.89,4,0.93,1,160.0,155.0,2.573522431610134,123.5
0,1.0,1,1,0,0,0,0,0,1,0,0,0,1.0,1.0,2.0,1.0,4.0,211,14,39,4.93,4.93,4.71,4.86,4.93,5.0,4.79,1,0.36,1,90.0,40.0,2.419355348364798,383.0
0,1.0,1,1,0,0,0,0,0,0,1,0,0,2.5,2.0,2.0,3.0,700.0,122,6,8,4.17,4.17,4.17,4.5,4.67,4.83,3.67,1,0.2,1,168.0,40.0,2.231873242477266,785.67
1,1.0,1,1,0,0,0,1,0,0,0,0,0,1.0,1.0,1.0,2.0,9.0,6,43,101,4.88,4.93,4.88,4.98,5.0,5.0,4.7,1,1.09,1,82.0,39.0,1.4370465032335886,357.0
1,10.0,1,1,0,0,0,0,0,0,0,1,0,1.5,3.0,6.0,1.0,1125.0,129,69,242,4.93,4.87,4.96,4.9,4.96,4.88,4.74,10,1.74,1,41.0,40.0,0.958322906305802,740.0
1,10.0,1,1,0,0,0,0,0,0,1,0,0,1.5,2.0,4.0,1.0,1125.0,137,37,78,4.89,4.89,4.95,4.92,4.95,4.78,4.68,10,0.95,1,41.0,40.0,0.9364369138221643,602.0
0,1.0,1,1,0,0,0,1,0,0,0,0,0,1.0,1.0,1.0,3.0,30.0,30,13,0,4.92,4.92,4.92,4.92,5.0,5.0,4.69,1,0.33,1,130.0,85.0,1.405233339189805,211.33
0,1.0,1,1,0,0,0,1,0,0,0,0,0,1.0,1.0,1.0,3.0,21.0,364,19,39,4.84,4.95,4.63,4.53,4.74,4.68,4.32,1,0.49,1,57.0,39.0,2.4390726996051755,251.33
0,1.0,1,1,0,0,0,0,0,1,0,0,0,1.0,3.0,4.0,3.0,365.0,12,17,47,4.88,4.76,4.88,4.94,4.82,4.35,4.71,1,0.44,1,165.0,165.0,7.184749853946533,270.33
1,21.0,1,1,0,0,0,0,0,0,0,1,0,2.0,4.0,6.0,5.0,30.0,16,9,10,4.89,4.67,4.89,5.0,5.0,5.0,4.56,9,0.26,1,161.0,103.0,3.732160430386973,560.57
0,4.0,1,1,0,1,0,1,0,0,0,0,0,1.0,1.0,1.0,2.0,365.0,9,46,16,4.17,4.37,3.96,4.7,4.63,4.76,3.84,3,1.12,1,40.0,40.0,1.8791115503539229,120.0
0,1.0,1,1,0,0,0,0,1,0,0,0,0,1.0,2.0,2.0,1.0,10.0,17,6,8,5.0,5.0,5.0,5.0,5.0,5.0,4.83,1,0.25,1,135.0,38.0,2.890925762289121,290.0
1,1.0,1,1,0,0,0,0,0,1,0,0,0,1.0,3.0,3.0,1.0,365.0,24,22,62,4.91,4.77,4.82,5.0,4.95,4.73,4.64,1,0.57,1,166.0,166.0,2.420883165736591,571.0
0,2.0,1,1,0,0,0,0,0,1,0,0,0,1.5,2.0,2.0,2.0,10.0,79,12,8,4.92,5.0,4.92,5.0,5.0,4.92,4.83,1,0.36,1,40.0,35.0,1.2380788712936373,713.5
0,1.0,1,1,0,0,0,0,0,1,0,0,0,1.5,2.0,2.0,5.0,15.0,48,17,0,4.94,4.94,4.94,5.0,5.0,5.0,4.94,1,0.44,1,123.0,40.0,0.7316213802772067,673.4
0,1.0,1,1,0,0,0,1,0,0,0,0,0,1.5,2.0,2.0,3.0,16.0,10,9,8,5.0,5.0,5.0,5.0,5.0,5.0,5.0,1,0.24,1,150.0,84.0,2.475584284925797,304.33
0,1.0,1,1,0,0,0,1,0,0,0,0,0,1.0,1.0,1.0,1.0,365.0,235,25,39,4.96,5.0,4.92,4.92,4.96,4.96,4.76,1,0.68,1,146.0,40.0,1.4915784880431295,190.01
0,1.0,1,1,0,0,0,1,0,0,0,0,0,1.0,1.0,1.0,4.0,30.0,175,10,0,4.9,5.0,4.9,5.0,4.8,4.9,4.9,1,0.25,1,126.0,40.0,1.1567531074588917,306.75
0,1.0,1,1,0,0,0,1,0,0,0,0,0,1.0,1.0,1.0,1.0,365.0,235,11,39,4.82,5.0,5.0,5.0,4.82,4.91,4.82,1,0.32,1,162.0,34.0,1.0216131137306688,365.18
0,1.0,1,1,0,0,0,1,0,0,0,0,0,1.0,1.0,1.0,1.0,5.0,89,30,39,4.93,4.9,4.83,4.8,4.87,4.93,4.73,1,0.75,1,137.0,40.0,3.5351589405428028,326.0
1,1.0,1,1,0,0,0,1,0,0,0,0,0,1.0,1.0,1.0,3.0,30.0,49,18,86,5.0,4.89,5.0,5.0,5.0,4.94,4.94,1,0.88,1,161.0,124.0,3.4644586074209403,422.33
1,1.0,1,1,0,0,0,1,0,0,0,0,0,1.0,1.0,1.0,1.0,1125.0,50,157,255,4.96,4.95,4.99,4.98,4.99,4.92,4.89,1,4.22,1,40.0,36.0,2.5840791084668875,211.33
0,1.0,1,1,0,0,0,0,1,0,0,0,0,1.0,2.0,2.0,3.0,19.0,242,11,8,4.91,4.91,4.82,5.0,5.0,4.91,4.55,1,0.28,1,90.0,40.0,1.2970781539171254,523.33
0,1.0,1,1,0,0,0,1,0,0,0,0,0,1.0,2.0,1.0,4.0,365.0,8,8,0,5.0,5.0,5.0,5.0,5.0,5.0,4.88,1,0.21,1,160.0,151.0,2.7054518972957102,413.75
0,1.0,1,1,0,0,0,1,0,0,0,0,0,1.0,1.0,1.0,2.0,14.0,353,21,55,4.9,4.76,4.81,4.9,4.95,4.95,4.43,1,0.55,1,136.0,131.0,2.151912543753634,331.0
0,1.0,1,1,0,0,0,1,0,0,0,0,0,1.5,1.0,1.0,3.0,19.0,12,21,8,4.95,4.9,4.9,4.95,4.95,4.95,4.86,1,0.54,1,130.0,40.0,1.2577533698982692,350.4
0,4.0,1,1,0,0,0,0,0,1,0,0,0,1.0,2.0,2.0,4.0,30.0,16,6,0,5.0,5.0,4.83,5.0,4.83,4.83,4.67,1,0.15,1,140.0,65.0,1.861232977963382,376.75
0,1.0,1,1,0,0,0,0,0,1,0,0,0,1.0,2.0,2.0,2.0,23.0,167,17,47,4.82,4.76,4.59,4.94,4.94,4.76,4.59,1,0.44,1,108.0,40.0,1.4110037025609667,713.0
0,1.0,1,1,0,0,0,0,0,1,0,0,0,1.0,3.0,3.0,1.0,20.0,136,13,16,4.77,4.92,4.69,4.92,5.0,4.92,4.77,1,0.34,1,76.0,39.0,2.3022730564586245,241.5
0,1.0,1,1,0,0,0,0,0,1,0,0,0,4.0,5.0,7.0,7.0,28.0,137,4,0,4.75,4.75,4.75,4.75,4.75,5.0,4.75,1,0.12,1,122.0,40.0,1.3091260268081468,755.71
1,1.0,1,1,0,1,0,1,0,0,0,0,0,1.0,1.0,2.0,3.0,365.0,141,102,250,4.99,4.92,4.97,4.97,4.94,4.9,4.81,1,2.58,1,131.0,106.0,4.1290234120148,165.47
0,1.0,1,1,0,0,0,1,0,0,0,0,0,1.5,3.0,2.0,3.0,365.0,27,7,0,4.86,5.0,5.0,5.0,5.0,5.0,4.71,1,0.18,1,169.0,39.0,1.9324659718681312,553.67
0,1.0,1,1,0,0,0,0,0,1,0,0,0,1.5,2.0,2.0,1.0,365.0,27,16,23,5.0,4.94,5.0,4.81,5.0,4.88,4.81,1,0.44,1,116.0,107.0,1.3543771667209104,457.0
0,1.0,1,1,0,0,0,1,0,0,0,0,0,1.5,1.0,1.0,3.0,31.0,56,14,8,4.86,4.86,4.93,5.0,5.0,4.79,4.86,1,0.36,1,130.0,39.0,4.411090484356951,239.8
0,1.0,1,1,0,0,0,0,0,1,0,0,0,1.0,2.0,1.0,3.0,10.0,351,6,0,5.0,5.0,5.0,5.0,5.0,5.0,4.83,1,0.16,1,126.0,39.0,2.322872349117304,433.67
0,1.0,1,1,0,0,0,0,0,1,0,0,0,1.0,3.0,2.0,1.0,99.0,4,9,47,4.89,4.89,4.78,4.89,4.89,5.0,4.89,1,0.25,1,166.0,144.0,2.062772322121291,593.0
0,1.0,1,1,0,0,0,0,0,1,0,0,0,1.0,1.0,2.0,3.0,7.0,10,14,0,4.93,4.93,4.71,5.0,5.0,5.0,4.86,1,0.37,1,94.0,38.0,1.1742195282061212,208.67
0,1.0,1,1,0,0,0,1,0,0,0,0,0,1.5,1.0,1.0,1.0,14.0,178,15,39,4.8,4.87,4.67,5.0,5.0,4.87,4.47,1,0.39,1,87.0,39.0,2.612808881661576,300.67
0,1.0,1,1,0,0,0,0,1,0,0,0,0,1.0,2.0,2.0,1.0,365.0,6,17,39,4.71,4.59,4.65,4.53,4.88,4.76,4.53,1,0.55,1,111.0,31.0,2.256541984187633,269.0
1,1.0,1,1,0,1,0,1,0,0,0,0,0,1.5,1.0,2.0,1.0,1125.0,347,74,140,4.82,4.85,4.91,4.89,4.95,4.97,4.46,1,1.99,1,48.0,37.0,0.6593475475483708,212.0
0,1.0,1,1,0,0,0,0,0,0,1,0,0,1.5,3.0,3.0,2.0,21.0,5,13,23,4.92,5.0,4.92,5.0,5.0,4.77,4.77,1,0.37,1,172.0,172.0,1.9343340138022065,421.0
0,1.0,1,1,0,1,0,1,0,0,0,0,0,1.0,1.0,1.0,3.0,1125.0,259,17,47,4.94,4.76,4.88,5.0,5.0,4.76,4.59,1,0.46,1,114.0,113.0,3.2904636142246435,219.67
1,1.0,1,1,0,0,0,1,0,0,0,0,0,1.0,1.0,1.0,3.0,21.0,49,38,23,4.68,4.89,4.42,4.95,4.87,4.82,4.47,1,0.97,1,120.0,56.0,3.431332772806722,349.5
0,1.0,1,1,0,0,0,0,1,0,0,0,0,1.0,2.0,2.0,5.0,19.0,236,10,30,5.0,4.9,5.0,5.0,5.0,4.9,4.6,1,0.26,1,39.0,39.0,1.8497795061417228,401.2
0,1.0,1,1,0,0,0,0,0,1,0,0,0,1.0,3.0,3.0,3.0,14.0,84,5,16,4.6,4.6,4.2,5.0,5.0,4.6,4.2,1,0.13,1,120.0,39.0,4.961777013792332,259.0
0,2.0,1,1,0,0,0,0,0,1,0,0,0,1.5,2.0,2.0,5.0,1125.0,282,34,160,4.74,4.62,4.94,4.79,4.85,4.35,4.5,1,0.92,1,100.0,37.0,4.722403081853709,207.43
0,4.0,1,1,0,1,0,0,0,0,0,1,0,1.0,1.0,4.0,1.0,365.0,3,22,8,4.18,4.32,3.86,4.18,4.18,4.27,4.14,4,0.56,1,39.0,39.0,3.0160903782685557,126.0
0,1.0,1,1,0,0,0,1,0,0,0,0,0,1.5,1.0,2.0,3.0,120.0,6,11,0,4.82,4.91,4.82,5.0,5.0,5.0,4.82,1,0.28,1,144.0,39.0,2.7766034944609914,441.33
0,1.0,1,1,0,0,0,1,0,0,0,0,0,1.0,1.0,1.0,3.0,365.0,358,9,8,4.89,4.89,4.78,4.56,5.0,4.89,4.44,1,0.23,1,122.0,39.0,3.1733306106547388,338.67
0,1.0,1,1,0,0,0,0,0,1,0,0,0,1.5,4.0,3.0,3.0,365.0,11,3,8,4.67,4.67,5.0,5.0,4.67,4.67,4.67,1,0.08,1,152.0,152.0,5.626328547453958,365.2
1,1.0,1,1,0,0,0,1,0,0,0,0,0,1.0,1.0,1.0,1.0,365.0,115,207,255,4.95,4.96,4.93,4.97,4.99,4.99,4.86,1,5.27,1,132.0,132.0,0.6526399010668806,225.0
0,1.0,1,1,0,0,0,1,0,0,0,0,0,1.0,1.0,1.0,2.0,10.0,13,11,23,4.73,4.91,4.82,4.73,5.0,5.0,4.82,1,0.32,1,39.0,39.0,1.595177570325033,285.5
0,1.0,1,1,0,0,0,0,0,1,0,0,0,1.0,3.0,3.0,6.0,30.0,54,1,0,5.0,5.0,5.0,5.0,5.0,5.0,5.0,1,0.04,1,167.0,167.0,3.3496772351086586,338.5
0,1.0,1,1,0,0,0,1,0,0,0,0,0,1.0,1.0,1.0,2.0,8.0,60,15,31,5.0,5.0,4.8,4.93,4.93,4.93,4.8,1,0.39,1,157.0,39.0,2.8849806697257554,264.0
1,2.0,1,1,0,1,0,1,0,0,0,0,0,1.0,1.0,1.0,2.0,30.0,112,154,255,4.89,4.88,4.94,4.76,4.9,4.97,4.68,1,4.13,1,132.0,132.0,1.4789805853251186,205.5
0,1.0,1,1,0,0,0,1,0,0,0,0,0,1.5,1.0,1.0,3.0,15.0,46,19,8,5.0,5.0,5.0,5.0,5.0,5.0,5.0,1,0.49,1,40.0,38.0,2.6435289152988584,374.33
0,1.0,1,1,0,0,0,0,0,1,0,0,0,2.5,2.0,2.0,2.0,365.0,27,25,70,4.88,4.96,4.92,4.92,5.0,4.84,4.72,1,0.69,1,141.0,141.0,6.5558709290867325,339.0
1,1.0,1,1,0,1,0,1,0,0,0,0,0,1.0,1.0,1.0,2.0,7.0,242,190,255,4.96,4.98,4.91,4.96,4.96,4.94,4.78,1,4.81,1,119.0,39.0,1.30630939561755,415.0
0,4.0,1,1,0,0,0,1,0,0,0,0,0,1.0,1.0,1.0,4.0,4.0,36,18,24,5.0,4.94,4.89,4.83,5.0,5.0,4.89,3,0.47,1,120.0,110.0,0.683687671436614,302.5
0,1.0,1,1,0,0,0,1,0,0,0,0,0,1.0,1.0,1.0,1.0,16.0,156,15,8,4.93,4.93,4.6,5.0,5.0,5.0,4.8,1,0.38,1,127.0,39.0,0.9023364970138709,423.0
1,1.0,1,1,0,0,0,0,0,1,0,0,0,1.5,3.0,4.0,3.0,7.0,7,17,47,4.88,4.76,4.41,4.94,5.0,4.71,4.29,1,0.5,1,132.0,132.0,4.59733868613162,479.33
0,1.0,1,1,0,0,0,0,1,0,0,0,0,1.0,2.0,2.0,1.0,365.0,188,9,0,4.67,4.56,4.89,4.67,4.89,4.56,4.56,1,0.23,1,143.0,39.0,2.7258316239254774,297.0
0,2.0,1,1,0,0,0,0,0,0,0,1,0,1.5,2.0,4.0,2.0,365.0,2,16,39,4.75,4.88,4.75,4.88,4.94,4.63,4.63,1,0.4,1,142.0,124.0,3.2758655840288826,357.0
0,1.0,1,1,0,0,0,1,0,0,0,0,0,1.0,1.0,1.0,3.0,365.0,365,7,0,4.71,4.71,4.57,4.86,5.0,4.86,4.86,1,0.18,1,118.0,39.0,3.43858977436228,311.6
1,3.0,1,1,0,0,0,1,0,0,0,0,0,1.5,1.0,1.0,1.0,1125.0,303,83,156,4.94,4.92,4.86,4.94,4.98,4.94,4.76,2,2.37,1,120.0,117.0,0.9057075646617095,428.0
0,1.0,1,1,0,0,0,0,0,0,1,0,0,1.0,3.0,6.0,4.0,27.0,133,0,0,-1.0,-1.0,-1.0,-1.0,-1.0,-1.0,-1.0,1,0.0,0,141.0,4.0,4.033229855861288,360.0
0,2.0,1,1,0,1,0,1,0,0,0,0,0,1.0,1.0,1.0,1.0,730.0,168,192,255,4.53,4.52,4.54,4.74,4.82,4.91,4.32,2,4.91,1,121.0,38.0,1.0413202572959324,108.41
1,1.0,1,1,0,0,0,1,0,0,0,0,0,1.5,1.0,3.0,4.0,21.0,132,28,88,4.96,4.96,4.96,4.96,5.0,4.96,4.75,1,0.8,1,142.0,35.0,1.8475171933959713,211.25
0,3.0,1,1,0,0,0,0,0,1,0,0,0,1.0,1.0,2.0,3.0,40.0,62,22,16,4.95,5.0,4.77,5.0,5.0,5.0,4.77,1,0.57,1,156.0,108.0,0.9232504608330426,392.0
0,2.0,1,1,0,0,0,1,0,0,0,0,0,1.0,1.0,1.0,2.0,10.0,144,12,8,5.0,5.0,5.0,4.83,5.0,5.0,4.75,1,0.31,1,124.0,46.0,2.4041361998779176,217.67
0,1.0,1,1,0,0,0,1,0,0,0,0,0,1.5,1.0,1.0,5.0,365.0,355,14,80,5.0,5.0,5.0,4.93,5.0,5.0,4.86,1,0.37,1,118.0,38.0,2.3131663989152464,687.0
0,1.0,1,1,0,0,0,0,0,1,0,0,0,1.5,2.0,2.0,1.0,30.0,7,3,8,5.0,5.0,5.0,5.0,5.0,5.0,5.0,1,0.08,1,131.0,38.0,2.5967557187339514,484.0
0,1.0,1,1,0,0,0,0,0,1,0,0,0,2.0,4.0,4.0,6.0,365.0,49,4,0,4.5,4.25,3.75,4.75,4.75,4.25,3.75,1,0.11,1,159.0,158.0,4.37412294371991,202.02
1,2.0,1,1,0,0,0,0,0,1,0,0,0,1.0,1.0,2.0,3.0,3.0,51,25,62,5.0,5.0,5.0,5.0,5.0,4.96,4.88,2,0.67,1,160.0,127.0,0.5285229480140732,627.67
0,1.0,1,1,0,0,0,0,0,1,0,0,0,1.0,2.0,2.0,5.0,365.0,348,4,0,5.0,5.0,5.0,5.0,5.0,5.0,4.25,1,0.12,1,154.0,38.0,2.4739619772490946,488.6
0,1.0,1,1,0,0,0,1,0,0,0,0,0,1.5,1.0,1.0,4.0,24.0,167,7,8,5.0,5.0,5.0,4.86,5.0,4.86,4.86,1,0.19,1,123.0,38.0,2.333477421342341,257.0
0,1.0,1,1,0,0,0,1,0,0,0,0,0,1.5,1.0,1.0,2.0,27.0,347,16,39,5.0,5.0,4.94,4.94,5.0,5.0,5.0,1,0.46,1,96.0,38.0,2.695560921126978,628.0
0,1.0,1,1,0,0,0,0,0,1,0,0,0,1.0,2.0,2.0,2.0,1125.0,18,6,0,4.5,4.83,4.33,4.83,5.0,4.83,4.17,1,0.16,1,119.0,112.0,2.8534807178320953,389.0
0,1.0,1,1,0,0,0,0,0,1,0,0,0,1.5,2.0,3.0,4.0,10.0,109,5,8,5.0,4.8,5.0,4.8,5.0,4.6,4.4,1,0.19,1,38.0,36.0,4.055263998718195,356.75
1,1.0,1,1,0,0,0,1,0,0,0,0,0,1.0,1.0,1.0,2.0,365.0,3,22,39,4.77,4.68,4.64,4.91,5.0,4.77,4.59,1,0.7,1,119.0,87.0,0.8765587433417283,285.5
0,1.0,1,1,0,0,0,1,0,0,0,0,0,1.0,1.0,1.0,1.0,1125.0,88,5,23,5.0,4.8,4.8,5.0,5.0,5.0,4.6,1,0.13,1,98.0,38.0,1.2814186172625492,217.0
0,5.0,1,1,0,0,0,0,0,1,0,0,0,1.0,2.0,2.0,2.0,1125.0,300,29,78,4.86,4.86,4.97,4.97,5.0,4.62,4.66,5,0.78,1,106.0,94.0,4.475237870396529,210.32
0,1.0,1,1,0,0,0,1,0,0,0,0,0,1.5,1.0,1.0,3.0,20.0,102,5,0,4.8,4.6,5.0,5.0,5.0,5.0,5.0,1,0.13,1,132.0,37.0,1.987201115295169,271.67
0,2.0,1,1,0,0,0,1,0,0,0,0,0,1.5,1.0,1.0,1.0,365.0,261,14,47,5.0,5.0,4.93,5.0,5.0,4.86,4.86,1,0.47,1,91.0,38.0,2.2472463270987997,392.0
1,1.0,1,1,0,1,0,0,0,0,0,0,0,1.5,1.0,1.0,1.0,3.0,36,40,39,4.98,4.9,4.93,4.98,5.0,4.95,4.73,1,1.14,1,165.0,165.0,1.402785421393266,177.0
0,1.0,1,1,0,0,0,1,0,0,0,0,0,1.0,1.0,1.0,1.0,30.0,17,29,62,4.86,4.93,4.83,4.93,4.86,4.69,4.55,1,0.75,1,108.0,38.0,2.503506465303079,268.5
1,1.0,1,1,0,0,0,0,0,0,0,1,0,1.5,3.0,3.0,1.0,14.0,250,43,101,4.86,4.81,4.56,4.98,5.0,5.0,4.58,1,1.13,1,145.0,38.0,1.4585146674413645,712.5
0,1.0,1,1,0,0,0,1,0,0,0,0,0,1.0,1.0,1.0,2.0,3.0,43,11,23,4.91,4.91,4.91,5.0,5.0,5.0,4.73,1,0.28,1,112.0,74.0,0.9914868586097458,352.67
0,1.0,1,1,0,0,0,1,0,0,0,0,0,1.0,1.0,1.0,3.0,10.0,16,25,39,5.0,4.92,4.96,5.0,4.84,4.64,4.72,1,0.67,1,89.0,37.0,5.519024951889561,171.33
1,2.0,1,1,0,0,0,0,0,1,0,0,0,2.5,4.0,6.0,2.0,1125.0,253,26,70,4.92,4.92,4.92,5.0,4.96,4.65,4.81,1,0.68,1,159.0,38.0,5.758550482863563,462.5
0,1.0,1,1,0,0,0,1,0,0,0,0,0,1.0,1.0,1.0,2.0,30.0,364,30,31,4.87,4.7,4.73,4.97,4.73,4.93,4.37,1,0.77,1,109.0,38.0,0.41517103266735245,417.0
1,1.0,1,1,0,1,0,1,0,0,0,0,0,1.0,1.0,1.0,2.0,45.0,121,224,255,4.87,4.89,4.9,4.91,4.87,4.81,4.6,1,5.77,1,38.0,38.0,2.5124120152192617,156.5
0,1.0,1,1,0,0,0,0,0,1,0,0,0,1.5,3.0,4.0,2.0,5.0,234,22,62,4.95,5.0,4.73,5.0,5.0,4.91,4.77,1,0.58,1,136.0,38.0,3.0844531858560007,565.0
0,2.0,1,1,0,1,0,1,0,0,0,0,0,1.0,1.0,1.0,1.0,365.0,175,186,255,4.52,4.58,4.48,4.87,4.87,4.92,4.32,2,4.79,1,121.0,38.0,1.0413202572959324,142.65
0,1.0,1,1,0,0,0,0,0,1,0,0,0,1.0,2.0,2.0,3.0,14.0,170,23,70,4.87,4.96,4.78,4.83,4.96,4.74,4.78,1,0.65,1,146.0,36.0,3.251796260288271,261.0
1,2.0,1,1,0,0,0,0,0,1,0,0,0,1.5,2.0,2.0,2.0,3.0,138,26,101,4.92,4.88,4.85,5.0,4.96,4.77,4.73,2,0.76,1,137.0,137.0,2.3459211752535603,599.5
0,1.0,1,1,0,0,0,1,0,0,0,0,0,1.0,1.0,1.0,3.0,365.0,358,20,101,5.0,5.0,4.95,5.0,5.0,4.95,4.7,1,0.52,1,157.0,104.0,2.46511218271976,358.33
0,1.0,1,1,0,0,0,1,0,0,0,0,0,1.0,1.0,1.0,3.0,27.0,25,7,8,4.86,4.86,4.71,4.86,5.0,5.0,4.57,1,0.24,1,137.0,38.0,2.805620105070531,292.0
0,1.0,1,1,0,0,0,0,0,1,0,0,0,3.5,4.0,6.0,2.0,365.0,123,3,16,5.0,5.0,5.0,5.0,5.0,5.0,5.0,1,0.1,1,163.0,163.0,3.873871241889799,513.0
1,6.0,1,1,0,0,0,0,0,1,0,0,0,2.0,2.0,2.0,4.0,30.0,47,17,16,4.94,5.0,4.94,4.88,5.0,4.82,4.76,1,0.46,1,134.0,129.0,2.0885159073990844,745.0
0,1.0,1,1,0,0,0,0,0,1,0,0,0,1.0,2.0,2.0,3.0,7.0,345,18,23,5.0,4.89,4.94,5.0,5.0,4.94,4.89,1,0.48,1,131.0,77.0,1.856637530899519,753.33
1,1.0,1,1,0,1,0,1,0,0,0,0,0,1.0,1.0,1.0,1.0,14.0,224,209,255,4.97,5.0,4.96,4.98,4.99,4.98,4.88,1,5.41,1,117.0,38.0,1.42544700791286,303.0
0,2.0,1,1,0,1,0,1,0,0,0,0,0,1.0,1.0,1.0,2.0,1125.0,162,147,255,4.74,4.82,4.73,4.9,4.94,4.84,4.61,2,3.8,1,87.0,86.0,1.182601939352582,164.9
1,1.0,1,1,0,0,0,0,0,1,0,0,0,2.5,2.0,4.0,2.0,1125.0,185,127,226,4.84,4.8,4.9,4.94,4.94,4.87,4.56,1,3.35,1,109.0,37.0,1.8086393991819965,578.5
0,1.0,1,1,0,0,0,1,0,0,0,0,0,1.0,1.0,1.0,3.0,30.0,365,2,0,4.5,4.5,4.0,5.0,5.0,3.5,3.5,1,0.05,1,110.0,38.0,4.0897869120296235,228.33
0,1.0,1,1,0,0,0,0,0,1,0,0,0,1.5,3.0,3.0,1.0,21.0,9,9,16,5.0,4.89,4.89,4.78,4.89,4.89,4.78,1,0.26,1,38.0,37.0,1.5317151787155214,458.67
0,1.0,1,1,0,1,0,0,0,1,0,0,0,1.0,2.0,2.0,1.0,5.0,267,2,0,4.5,4.5,4.0,5.0,5.0,5.0,4.5,1,0.05,1,162.0,37.0,1.7602937210438148,240.0
1,1.0,1,1,0,0,0,0,0,1,0,0,0,1.0,2.0,2.0,2.0,14.0,71,25,94,4.88,4.92,4.8,4.96,5.0,5.0,4.84,1,0.69,1,125.0,85.0,0.9322971879808928,539.5
1,1.0,1,1,0,0,0,1,0,0,0,0,0,1.0,1.0,1.0,2.0,730.0,24,164,255,4.91,4.93,4.98,4.93,4.97,4.96,4.8,1,4.26,1,38.0,38.0,1.3394724862830016,237.71
0,1.0,1,1,0,0,0,1,0,0,0,0,0,1.5,1.0,1.0,2.0,30.0,38,18,55,5.0,5.0,4.94,4.94,5.0,5.0,4.89,1,0.69,1,115.0,28.0,1.6291534246876693,346.0
0,1.0,1,1,0,0,0,0,0,1,0,0,0,1.0,3.0,6.0,2.0,30.0,244,6,47,4.83,4.83,4.33,5.0,4.67,4.0,4.17,1,0.55,1,158.0,158.0,5.41230441276463,272.6
0,1.0,1,1,0,0,0,0,0,1,0,0,0,1.0,2.0,4.0,4.0,365.0,324,0,0,-1.0,-1.0,-1.0,-1.0,-1.0,-1.0,-1.0,1,0.0,0,164.0,130.0,4.895038013942795,342.5
0,1.0,1,1,0,0,0,0,0,1,0,0,0,1.5,3.0,2.0,3.0,365.0,257,7,0,5.0,5.0,5.0,5.0,5.0,4.86,4.71,1,0.22,1,108.0,34.0,2.5988698549993825,342.67
0,1.0,1,1,0,0,0,0,0,1,0,0,0,1.0,2.0,3.0,3.0,21.0,302,20,23,4.85,4.85,4.75,5.0,4.95,4.65,4.55,1,0.56,1,39.0,37.0,4.7398179981246455,333.22
1,2.0,1,1,0,0,0,1,0,0,0,0,0,1.5,1.0,1.0,2.0,7.0,228,49,140,4.96,4.96,4.98,4.96,4.98,4.92,4.8,1,1.76,1,158.0,142.0,2.8023227686277714,248.5
1,1.0,1,1,0,0,0,0,0,1,0,0,0,1.0,1.0,2.0,2.0,365.0,7,24,94,4.92,4.83,4.5,4.79,5.0,4.79,4.63,1,0.63,1,69.0,38.0,3.098623861628806,359.5
0,2.0,1,1,0,0,0,1,0,0,0,0,0,1.0,1.0,2.0,3.0,365.0,180,4,8,5.0,5.0,5.0,5.0,5.0,5.0,5.0,1,0.11,1,152.0,132.0,3.571128274283745,167.37
0,1.0,1,1,0,0,0,0,0,1,0,0,0,1.0,2.0,2.0,7.0,30.0,16,4,0,5.0,4.75,5.0,5.0,4.75,4.5,4.75,1,0.12,1,58.0,37.0,1.7027467094650584,444.29
0,1.0,1,1,0,0,0,0,0,1,0,0,0,1.0,2.0,2.0,2.0,730.0,361,42,78,4.86,4.86,4.64,5.0,4.9,4.81,4.64,1,1.1,1,42.0,37.0,1.7690663434318081,553.5
0,1.0,1,1,0,0,0,0,0,1,0,0,0,1.0,2.0,2.0,3.0,8.0,268,12,8,4.75,4.75,4.83,4.75,4.92,4.92,4.67,1,0.32,1,125.0,38.0,0.7390766042302309,742.0
0,1.0,1,1,0,0,0,0,0,1,0,0,0,3.0,2.0,2.0,2.0,60.0,166,7,23,4.86,4.86,4.86,4.86,5.0,5.0,4.57,1,0.21,1,139.0,38.0,1.5186483719304156,670.5
0,1.0,1,1,0,0,0,0,0,1,0,0,0,1.5,2.0,2.0,1.0,1125.0,21,8,0,4.5,4.63,4.38,4.75,4.88,5.0,4.0,1,0.22,1,118.0,36.0,2.1451982398766205,565.0
0,1.0,1,1,0,0,0,0,0,1,0,0,0,2.0,2.0,4.0,2.0,365.0,19,3,23,5.0,5.0,4.67,4.67,5.0,5.0,4.67,1,1.08,1,87.0,6.0,2.486116641851158,516.5
0,1.0,1,1,0,0,0,1,0,0,0,0,0,1.5,1.0,1.0,4.0,15.0,9,15,8,4.93,4.93,4.93,4.93,5.0,4.67,4.87,1,0.4,1,133.0,37.0,2.2988905737709002,282.5
0,1.0,1,1,0,0,0,0,0,1,0,0,0,1.0,3.0,3.0,2.0,7.0,63,13,39,4.85,4.77,4.85,4.92,4.92,4.92,4.85,1,0.35,1,151.0,38.0,2.186924732376679,377.0
1,3.0,1,1,0,0,0,0,0,1,0,0,0,1.5,1.0,2.0,1.0,365.0,352,32,101,4.94,4.88,4.91,4.94,4.88,5.0,4.59,3,0.86,1,146.0,131.0,1.292055739375141,711.0
0,1.0,1,1,0,0,0,1,0,0,0,0,0,1.0,1.0,1.0,5.0,30.0,361,0,0,-1.0,-1.0,-1.0,-1.0,-1.0,-1.0,-1.0,1,0.0,0,177.0,177.0,1.5880847913122187,707.4
0,1.0,1,1,0,0,0,0,0,1,0,0,0,1.0,2.0,3.0,5.0,25.0,212,7,30,4.71,4.86,4.71,4.71,5.0,5.0,4.57,1,0.2,1,111.0,88.0,3.626452403282581,399.6
0,1.0,1,1,0,0,0,0,0,1,0,0,0,2.0,2.0,4.0,2.0,365.0,166,15,78,4.67,4.6,4.87,4.87,4.93,4.6,4.53,1,0.4,1,131.0,37.0,2.4641711064448146,673.5
0,1.0,1,1,0,0,0,1,0,0,0,0,0,1.0,1.0,1.0,3.0,10.0,103,14,31,5.0,5.0,5.0,5.0,5.0,4.86,4.79,1,0.38,1,119.0,36.0,2.5290241902887676,273.0
0,1.0,1,1,0,0,0,0,0,1,0,0,0,1.5,3.0,2.0,3.0,365.0,191,5,23,5.0,5.0,5.0,5.0,5.0,4.6,4.8,1,0.14,1,155.0,130.0,2.0159049878281947,365.33
0,1.0,1,1,0,0,0,1,0,0,0,0,0,1.0,1.0,1.0,2.0,14.0,4,17,16,4.94,4.88,4.88,4.88,5.0,4.82,4.59,1,0.45,1,75.0,37.0,2.2495213830421643,200.0
0,1.0,1,1,0,0,0,1,0,0,0,0,0,1.0,1.0,1.0,4.0,13.0,121,4,16,5.0,5.0,5.0,5.0,5.0,5.0,4.75,1,0.1,1,98.0,70.0,2.8733272038886213,174.6
0,1.0,1,1,0,0,0,0,0,0,1,0,0,1.5,3.0,2.0,7.0,365.0,166,2,0,4.0,4.0,3.0,5.0,5.0,5.0,4.0,1,0.05,1,150.0,109.0,3.3949542091429605,279.29
1,3.0,1,1,0,1,0,1,0,0,0,0,0,1.0,1.0,1.0,2.0,365.0,282,141,255,4.71,4.72,4.8,4.82,4.77,4.81,4.5,3,3.7,1,165.0,158.0,1.9321530226480401,149.11
0,1.0,1,1,0,0,0,0,0,1,0,0,0,3.0,3.0,3.0,3.0,14.0,253,10,39,5.0,5.0,5.0,5.0,5.0,5.0,4.9,1,0.33,1,155.0,31.0,2.9257511709079003,462.33
0,1.0,1,1,0,0,0,1,0,0,0,0,0,1.5,1.0,1.0,1.0,365.0,346,14,31,5.0,5.0,5.0,5.0,5.0,5.0,4.93,1,0.41,1,41.0,37.0,1.6725262060591963,679.0
1,1.0,1,1,0,0,0,0,1,0,0,0,0,1.0,1.0,1.0,3.0,30.0,86,36,70,4.94,4.94,4.83,4.94,5.0,4.97,4.67,1,0.96,1,121.0,37.0,1.192327706616239,443.67
0,2.0,1,1,0,0,0,0,0,1,0,0,0,1.0,1.0,1.0,2.0,30.0,14,11,8,4.91,4.91,4.91,4.91,5.0,4.91,4.36,1,0.3,1,125.0,79.0,1.8890034765250052,514.0
0,1.0,1,1,0,0,0,1,0,0,0,0,0,1.0,1.0,1.0,4.0,30.0,242,27,48,4.93,4.96,4.93,4.89,5.0,5.0,4.89,1,0.74,1,85.0,36.0,2.215565990139058,216.37
0,1.0,1,1,0,0,0,1,0,0,0,0,0,1.0,1.0,1.0,1.0,29.0,11,7,0,4.86,4.86,4.86,5.0,4.86,4.71,4.57,1,0.19,1,143.0,37.0,1.71776430795396,230.0
1,3.0,1,1,0,0,0,0,1,0,0,0,0,1.0,2.0,1.0,4.0,365.0,260,2,16,4.0,4.0,4.0,5.0,5.0,5.0,3.5,3,0.19,1,110.0,53.0,1.479899231233481,588.75
1,3.0,1,1,0,0,0,1,0,0,0,0,0,1.5,1.0,1.0,2.0,1125.0,257,80,255,4.81,4.84,4.9,4.88,4.84,4.86,4.64,3,2.69,1,110.0,53.0,1.5829502796769452,255.87
0,1.0,1,1,0,0,0,1,0,0,0,0,0,1.0,1.0,1.0,1.0,9.0,19,22,47,4.86,4.91,4.82,5.0,5.0,4.86,4.64,1,0.65,1,131.0,37.0,2.0484476746511144,320.0
0,1.0,1,1,0,0,0,1,0,0,0,0,0,1.5,1.0,1.0,1.0,21.0,206,24,70,4.96,4.92,4.96,5.0,5.0,4.88,4.63,1,0.67,1,131.0,36.0,3.080143194655874,291.0
0,2.0,1,1,0,0,0,0,0,1,0,0,0,1.5,2.0,2.0,2.0,365.0,177,18,55,4.94,5.0,4.89,4.89,5.0,4.83,4.72,2,0.47,1,188.0,122.0,2.7012467857563225,365.25
0,1.0,1,1,0,0,0,0,0,1,0,0,0,2.0,4.0,5.0,1.0,31.0,178,9,8,4.89,4.78,4.33,4.78,4.78,5.0,4.56,1,0.26,1,37.0,36.0,3.400420768100164,227.95
0,1.0,1,1,0,0,0,1,0,0,0,0,0,1.0,1.0,1.0,1.0,365.0,343,9,8,5.0,4.89,4.89,5.0,5.0,4.89,4.89,1,0.24,1,154.0,37.0,3.093100571052119,194.76
0,1.0,1,1,0,0,0,1,0,0,0,0,0,1.0,1.0,1.0,2.0,30.0,12,5,8,4.4,5.0,5.0,5.0,5.0,4.8,4.2,1,0.15,1,163.0,37.0,4.851240742461917,182.67
0,1.0,1,1,0,0,0,0,0,1,0,0,0,1.5,2.0,2.0,3.0,15.0,17,6,0,5.0,5.0,4.83,5.0,5.0,5.0,4.83,1,0.16,1,147.0,37.0,2.74423563743021,422.33
0,1.0,1,1,0,0,0,0,0,1,0,0,0,1.0,2.0,2.0,1.0,25.0,15,5,0,5.0,5.0,5.0,5.0,5.0,5.0,4.6,1,0.15,1,181.0,177.0,3.189910072423624,299.75
0,1.0,1,1,0,0,0,1,0,0,0,0,0,1.0,1.0,1.0,6.0,365.0,131,3,0,4.67,5.0,4.67,4.67,5.0,5.0,5.0,1,0.13,1,130.0,37.0,3.371221645900391,389.83
1,1.0,1,1,0,1,0,1,0,0,0,0,0,1.0,1.0,1.0,2.0,365.0,154,205,255,4.8,4.81,4.79,4.93,4.89,4.9,4.66,1,5.83,1,101.0,34.0,1.8248315914509692,258.5
0,1.0,1,1,0,0,0,0,0,1,0,0,0,2.0,3.0,3.0,3.0,365.0,102,6,16,5.0,5.0,4.83,5.0,5.0,4.83,4.67,1,0.17,1,163.0,163.0,2.850112480758267,354.0
0,1.0,1,1,0,0,0,0,0,1,0,0,0,1.0,3.0,3.0,5.0,30.0,19,6,20,5.0,4.83,4.83,5.0,5.0,4.83,4.83,1,0.17,1,169.0,88.0,2.807808927681984,363.35
0,1.0,1,1,0,0,0,0,0,0,1,0,0,1.0,3.0,4.0,5.0,21.0,49,3,10,5.0,4.67,4.67,4.67,4.67,4.67,4.67,1,0.09,1,175.0,138.0,3.352620457708129,310.0
0,1.0,1,1,0,0,0,1,0,0,0,0,0,1.0,1.0,1.0,2.0,365.0,30,21,55,4.86,4.95,4.81,4.95,5.0,5.0,4.62,1,0.56,1,161.0,131.0,1.0941812257198635,444.0
0,1.0,1,1,0,0,0,1,0,0,0,0,0,1.0,1.0,1.0,2.0,30.0,349,16,47,4.88,4.88,4.75,4.88,4.94,4.94,4.75,1,0.43,1,75.0,37.0,0.471926176330318,633.5
0,1.0,1,1,0,0,0,1,0,0,0,0,0,1.0,1.0,1.0,3.0,20.0,9,6,8,5.0,5.0,5.0,5.0,5.0,5.0,4.83,1,0.25,1,83.0,23.0,2.901223346937909,274.0
0,1.0,1,1,0,0,0,1,0,0,0,0,0,1.0,1.0,1.0,4.0,7.0,37,10,0,4.6,4.9,4.6,4.9,4.8,4.7,4.3,1,0.29,1,122.0,35.0,2.597032455903477,165.25
1,1.0,1,1,0,1,0,1,0,0,0,0,0,1.5,1.0,1.0,1.0,3.0,29,45,94,4.84,4.91,4.93,4.98,4.98,4.71,4.6,1,1.21,1,113.0,37.0,4.822586456139514,114.5
0,1.0,1,1,0,0,0,1,0,0,0,0,0,1.5,1.0,1.0,1.0,30.0,70,9,23,5.0,5.0,5.0,5.0,5.0,5.0,4.89,1,0.27,1,87.0,36.0,0.7887151594769791,433.75
1,1.0,1,1,0,0,0,0,1,0,0,0,0,1.0,1.0,2.0,2.0,10.0,5,27,70,4.81,4.93,4.81,4.96,5.0,5.0,4.37,1,0.72,1,37.0,37.0,1.2210448264324893,479.18
0,1.0,1,1,0,0,0,1,0,0,0,0,0,1.0,1.0,1.0,1.0,30.0,32,2,8,5.0,5.0,4.5,5.0,5.0,5.0,4.5,1,0.09,1,123.0,45.0,4.04599341120724,212.0
0,1.0,1,1,0,0,0,1,0,0,0,0,0,1.0,1.0,1.0,2.0,40.0,28,5,0,5.0,5.0,5.0,5.0,5.0,4.8,4.6,1,0.14,1,52.0,37.0,2.5332699045895373,281.67
1,1.0,1,1,0,1,0,1,0,0,0,0,0,1.0,1.0,1.0,1.0,365.0,80,268,255,4.93,4.9,4.97,4.98,5.0,4.94,4.78,1,7.15,1,120.0,120.0,1.0940618169595244,171.5
1,2.0,1,1,0,0,0,0,0,1,0,0,0,1.5,2.0,3.0,2.0,365.0,332,16,31,5.0,5.0,5.0,5.0,5.0,5.0,4.75,1,0.43,1,141.0,81.0,0.6205000713029148,705.0
0,1.0,1,1,0,0,0,1,0,0,0,0,0,1.0,1.0,1.0,3.0,20.0,363,2,0,5.0,5.0,5.0,5.0,5.0,5.0,5.0,1,0.05,1,117.0,37.0,1.8549999516901778,407.33
0,1.0,1,1,0,0,0,1,0,0,0,0,0,1.0,1.0,1.0,3.0,3.0,11,8,39,4.88,4.88,4.88,5.0,5.0,5.0,4.75,1,0.22,1,166.0,165.0,1.3853506837478429,352.0
0,1.0,1,1,0,0,0,1,0,0,0,0,0,1.0,1.0,1.0,1.0,31.0,105,13,23,4.85,4.92,5.0,4.85,4.85,4.85,4.46,1,0.35,1,37.0,37.0,1.965185789309236,321.67
0,1.0,1,1,0,0,0,1,0,0,0,0,0,1.0,1.0,1.0,3.0,365.0,54,12,39,5.0,5.0,4.92,5.0,5.0,4.92,4.83,1,0.38,1,135.0,55.0,3.6505164455549086,360.33
0,1.0,1,1,0,1,0,0,1,0,0,0,0,1.0,2.0,2.0,2.0,1125.0,298,134,255,4.6,4.49,4.82,4.84,4.8,4.84,4.29,1,3.8,1,167.0,127.0,1.3128178383043627,182.59
0,1.0,1,1,0,0,0,1,0,0,0,0,0,1.0,1.0,1.0,2.0,30.0,362,0,0,-1.0,-1.0,-1.0,-1.0,-1.0,-1.0,-1.0,1,0.0,0,157.0,124.0,2.3617280764486326,334.0
0,1.0,1,1,0,0,0,0,0,1,0,0,0,1.5,2.0,2.0,4.0,14.0,147,21,24,4.76,4.71,4.71,4.71,4.9,4.86,4.48,1,0.56,1,107.0,37.0,2.368872189025893,416.75
0,1.0,1,1,0,0,0,0,0,1,0,0,0,1.5,2.0,2.0,1.0,20.0,58,13,70,5.0,4.92,4.85,4.92,4.92,5.0,4.77,1,0.36,1,123.0,123.0,1.3620831697901037,537.0
0,3.0,1,1,0,0,0,0,0,0,1,0,0,1.5,3.0,4.0,2.0,28.0,61,12,23,4.75,4.83,4.5,4.92,5.0,4.42,4.58,1,0.35,1,177.0,157.0,4.238133578220989,182.67
0,1.0,1,1,0,0,0,1,0,0,0,0,0,1.0,1.0,1.0,3.0,12.0,19,13,39,5.0,4.92,4.85,5.0,5.0,5.0,4.92,1,0.39,1,143.0,37.0,2.266049631056018,297.67
0,1.0,1,1,0,1,0,1,0,0,0,0,0,1.0,1.0,1.0,2.0,365.0,178,11,16,4.73,4.64,4.64,4.91,5.0,4.91,4.09,1,0.3,1,143.0,37.0,1.6857151623224826,177.0
0,1.0,1,1,0,0,0,1,0,0,0,0,0,1.0,1.0,1.0,5.0,30.0,20,13,50,4.92,4.92,5.0,4.92,5.0,4.77,4.62,1,0.36,1,37.0,37.0,2.5208469427770615,262.6
0,1.0,1,1,0,0,0,1,0,0,0,0,0,1.5,1.0,1.0,2.0,365.0,12,18,39,5.0,4.94,4.78,4.83,5.0,4.83,4.72,1,0.5,1,154.0,36.0,3.342654576724397,321.5
0,2.0,1,1,0,0,0,0,0,1,0,0,0,1.0,1.0,1.0,3.0,30.0,206,75,242,4.75,4.81,4.77,4.88,4.88,4.85,4.44,1,2.29,1,103.0,103.0,1.338488726536081,344.5
0,1.0,1,1,0,0,0,1,0,0,0,0,0,1.0,1.0,1.0,2.0,14.0,364,25,62,4.96,4.92,4.72,5.0,5.0,4.72,4.44,1,0.71,1,145.0,36.0,5.042657581016242,256.0
0,3.0,1,1,0,0,0,0,1,0,0,0,0,1.0,2.0,2.0,2.0,365.0,134,21,55,4.9,4.9,4.86,4.95,4.95,4.76,4.71,2,0.62,1,49.0,48.0,1.9870574545316657,320.0
0,1.0,1,1,0,0,0,1,0,0,0,0,0,1.5,1.0,1.0,4.0,35.0,15,15,32,4.87,4.93,4.73,5.0,5.0,5.0,4.73,1,0.4,1,143.0,100.0,1.3569790346679884,354.0
0,24.0,1,1,0,0,1,0,0,0,0,0,0,1.0,1.0,1.0,1.0,10.0,253,46,16,4.59,4.72,4.7,4.74,4.74,4.63,4.35,24,1.25,1,86.0,85.0,2.2014272026888193,64.0
0,1.0,1,1,0,0,0,1,0,0,0,0,0,1.5,1.0,1.0,2.0,30.0,354,17,31,5.0,5.0,4.94,5.0,5.0,4.94,4.76,1,0.46,1,131.0,36.0,1.4250913740984472,371.0
0,3.0,1,1,0,0,0,0,1,0,0,0,0,1.0,2.0,2.0,2.0,365.0,8,98,255,4.78,4.79,4.81,4.91,4.88,4.73,4.62,3,2.62,1,147.0,125.0,4.024486641045643,120.0
0,2.0,1,1,0,1,0,1,0,0,0,0,0,1.0,1.0,1.0,1.0,365.0,283,211,255,4.73,4.74,4.7,4.89,4.82,4.66,4.52,2,6.3,1,36.0,33.0,5.129763698787586,69.0
0,1.0,1,1,0,0,0,0,1,0,0,0,0,1.0,1.0,1.0,1.0,365.0,62,18,31,4.72,4.67,4.22,4.78,4.78,4.78,4.44,1,0.5,1,144.0,89.0,2.3986153924392895,343.0
0,1.0,1,1,0,0,0,0,0,1,0,0,0,1.5,3.0,3.0,4.0,14.0,239,2,0,5.0,5.0,5.0,5.0,5.0,4.5,5.0,1,0.08,1,111.0,36.0,10.02129874240413,428.0
0,1.0,1,1,0,0,0,1,0,0,0,0,0,1.0,1.0,1.0,1.0,30.0,232,9,8,4.89,5.0,4.89,5.0,4.89,4.89,4.78,1,0.25,1,120.0,36.0,3.40756066279306,309.0
1,1.0,1,1,0,0,0,1,0,0,0,0,0,1.0,2.0,2.0,1.0,20.0,5,22,78,4.91,4.95,4.86,5.0,4.95,4.77,4.73,1,0.61,1,83.0,36.0,2.7227075261746037,228.33
0,1.0,1,1,0,0,0,0,0,0,0,1,0,2.0,2.0,4.0,4.0,10.0,162,12,24,5.0,5.0,5.0,5.0,5.0,5.0,5.0,1,0.32,1,158.0,36.0,2.0597234680937624,413.75
0,1.0,1,1,0,0,0,0,0,1,0,0,0,2.0,3.0,3.0,3.0,20.0,17,12,47,4.58,4.33,4.67,4.58,4.83,4.92,4.17,1,0.34,1,162.0,161.0,1.9147559130701415,593.5
0,9.0,1,1,0,0,0,0,0,0,0,1,0,1.0,1.0,6.0,2.0,365.0,345,72,117,4.56,4.68,4.4,4.54,4.43,4.57,4.49,6,1.95,1,166.0,166.0,7.623321004737654,153.5
1,1.0,1,1,0,1,0,1,0,0,0,0,0,1.0,1.0,1.0,1.0,8.0,46,76,195,4.97,4.95,4.92,4.97,4.95,4.93,4.79,1,2.04,1,139.0,139.0,6.401858396223711,192.33
0,1.0,1,1,0,0,0,0,0,1,0,0,0,1.5,3.0,3.0,2.0,10.0,10,10,47,4.9,4.9,4.7,4.8,5.0,4.8,4.7,1,0.28,1,159.0,159.0,4.671908876744123,269.0
0,1.0,1,1,0,0,0,0,0,1,0,0,0,1.0,1.0,2.0,4.0,365.0,360,0,0,-1.0,-1.0,-1.0,-1.0,-1.0,-1.0,-1.0,1,0.0,0,62.0,34.0,3.2430005515575995,336.75
0,1.0,1,1,0,0,0,0,1,0,0,0,0,1.0,1.0,1.0,2.0,2.0,160,19,47,5.0,5.0,5.0,5.0,5.0,5.0,4.95,1,0.52,1,151.0,95.0,1.2411642283742097,268.5
0,1.0,1,1,0,0,0,0,0,1,0,0,0,1.5,2.0,2.0,4.0,15.0,35,18,24,5.0,5.0,4.78,5.0,5.0,4.94,4.83,1,0.51,1,171.0,36.0,1.9611478270402258,629.25
0,1.0,1,1,0,0,0,0,0,1,0,0,0,2.0,3.0,3.0,2.0,30.0,17,20,39,5.0,4.85,4.8,4.95,5.0,4.9,4.55,1,0.58,1,121.0,121.0,2.295556387580349,512.5
0,1.0,1,1,0,0,0,0,0,1,0,0,0,1.5,2.0,2.0,3.0,365.0,165,1,0,4.0,4.0,3.0,5.0,5.0,5.0,3.0,1,0.03,1,76.0,76.0,3.278727894343583,407.33
0,1.0,1,1,0,0,0,0,0,1,0,0,0,1.0,2.0,4.0,3.0,365.0,185,7,23,4.57,4.0,4.0,4.71,5.0,4.86,4.0,1,0.27,1,157.0,36.0,1.7090727843715903,418.67
1,2.0,1,1,0,0,0,1,0,0,0,0,0,1.0,1.0,1.0,3.0,30.0,247,100,255,4.74,4.83,4.77,4.91,4.91,4.93,4.68,2,2.71,1,163.0,163.0,1.668373574669588,157.0
0,1.0,1,1,0,0,0,0,0,1,0,0,0,1.5,3.0,3.0,3.0,365.0,16,12,31,5.0,5.0,4.83,5.0,4.92,4.75,4.58,1,0.35,1,156.0,156.0,4.8551835260681955,286.0
0,1.0,1,1,0,0,0,0,0,1,0,0,0,1.5,2.0,2.0,4.0,30.0,162,10,56,4.9,4.9,5.0,4.7,4.9,4.8,4.7,1,0.3,1,140.0,35.0,1.1373625939769665,761.75
0,1.0,1,1,0,0,0,0,0,1,0,0,0,2.0,2.0,2.0,6.0,21.0,365,1,0,5.0,5.0,5.0,5.0,5.0,5.0,5.0,1,0.03,1,123.0,36.0,5.682985820582996,466.0
0,1.0,1,1,0,1,0,0,0,1,0,0,0,1.5,2.0,2.0,3.0,7.0,226,14,55,4.79,4.86,5.0,4.93,4.93,4.86,4.29,1,0.55,1,70.0,26.0,3.0258763194303167,278.0
0,1.0,1,1,0,0,0,0,0,1,0,0,0,1.0,2.0,2.0,3.0,30.0,21,14,0,5.0,4.93,4.93,4.93,4.93,4.93,4.93,1,0.39,1,112.0,35.0,2.313691643679369,365.33
0,1.0,1,1,0,0,0,1,0,0,0,0,0,1.0,1.0,1.0,4.0,20.0,142,1,0,5.0,5.0,5.0,5.0,5.0,5.0,5.0,1,0.04,1,134.0,36.0,5.271212751537627,82.17
0,1.0,1,1,0,0,0,0,0,1,0,0,0,1.0,2.0,2.0,4.0,4.0,83,22,72,4.95,5.0,4.91,5.0,5.0,4.91,4.82,1,0.64,1,85.0,36.0,2.4735986663315335,359.5
1,1.0,1,1,0,1,0,1,0,0,0,0,0,1.0,1.0,1.0,2.0,1125.0,167,33,94,4.91,4.85,4.85,4.94,4.97,4.7,4.61,1,0.95,1,36.0,34.0,4.472079722672468,133.0
0,2.0,1,1,0,0,0,0,0,0,1,0,0,1.0,3.0,4.0,4.0,28.0,72,3,16,5.0,5.0,5.0,5.0,5.0,5.0,5.0,1,0.09,1,146.0,36.0,2.9829468166821065,591.0
0,1.0,1,1,0,0,0,1,0,0,0,0,0,1.0,1.0,1.0,3.0,30.0,74,11,0,4.64,4.82,4.45,5.0,4.82,4.91,4.36,1,0.31,1,50.0,35.0,0.8568468158664097,255.0
0,3.0,1,1,0,0,0,1,0,0,0,0,0,1.5,2.0,1.0,1.0,30.0,137,1,0,5.0,5.0,5.0,5.0,5.0,5.0,5.0,1,0.03,1,121.0,76.0,1.7187468445874319,342.35
0,1.0,1,1,0,0,0,0,0,1,0,0,0,1.5,3.0,4.0,3.0,365.0,8,10,0,5.0,5.0,5.0,5.0,5.0,4.9,4.9,1,0.28,1,164.0,142.0,2.0141462866974305,479.33
0,1.0,1,1,0,0,0,1,0,0,0,0,0,1.5,1.0,1.0,4.0,30.0,21,9,32,4.89,4.89,4.89,5.0,5.0,4.89,4.67,1,0.27,1,136.0,36.0,1.6042674921406588,350.0
1,1.0,1,1,0,1,0,1,0,0,0,0,0,1.0,1.0,1.0,1.0,12.0,128,44,156,4.98,4.95,4.98,4.98,5.0,4.98,4.73,1,1.21,1,36.0,36.0,0.5658928750581776,171.18
0,1.0,1,1,0,0,0,0,0,1,0,0,0,1.0,2.0,2.0,2.0,21.0,29,23,47,4.7,4.74,4.74,4.87,5.0,4.61,4.52,1,0.63,1,157.0,36.0,3.4651964119386944,279.5
0,1.0,1,1,0,0,0,1,0,0,0,0,0,1.0,1.0,1.0,3.0,365.0,306,11,23,4.73,4.73,4.27,4.82,5.0,4.91,4.27,1,0.3,1,143.0,36.0,1.1308224237359104,338.67
1,2.0,1,1,0,0,0,0,1,0,0,0,0,1.5,1.0,2.0,4.0,14.0,71,28,120,4.86,4.93,4.93,4.79,5.0,4.86,4.79,1,0.93,1,136.0,30.0,1.5793678233472677,348.0
1,2.0,1,1,0,0,0,1,0,0,0,0,0,1.0,1.0,1.0,1.0,1125.0,333,28,55,4.96,4.96,4.89,5.0,5.0,4.86,4.68,1,0.77,1,82.0,49.0,1.3394178432938117,416.53
0,1.0,1,1,0,0,0,1,0,0,0,0,0,1.0,1.0,1.0,3.0,14.0,200,15,8,4.93,4.93,5.0,4.87,4.8,5.0,4.73,1,0.42,1,120.0,35.0,1.606991601595682,320.33
1,2.0,1,1,0,1,0,1,0,0,0,0,0,1.0,1.0,2.0,1.0,731.0,285,61,117,4.93,4.92,4.97,4.98,4.98,4.84,4.82,2,1.66,1,36.0,36.0,6.007008267097441,104.0
0,1.0,1,1,0,0,0,0,0,0,0,1,0,3.5,3.0,3.0,3.0,1125.0,108,9,0,4.78,4.89,4.56,5.0,4.89,5.0,4.89,1,0.26,1,133.0,133.0,1.586907381615613,789.33
1,4.0,1,1,0,0,0,0,0,1,0,0,0,1.0,1.0,2.0,1.0,999.0,360,42,164,4.67,4.69,4.71,4.71,4.83,4.4,4.4,4,1.27,1,36.0,36.0,3.474179980109897,135.0
1,1.0,1,1,0,0,0,1,0,0,0,0,0,1.0,1.0,1.0,2.0,730.0,94,227,255,4.94,4.95,4.87,4.98,4.99,4.98,4.78,1,6.2,1,36.0,36.0,1.7577160467646802,267.04
0,1.0,1,1,0,0,0,0,0,1,0,0,0,1.0,2.0,2.0,3.0,31.0,119,29,62,4.93,5.0,4.86,4.9,5.0,4.97,4.59,1,0.85,1,181.0,170.0,2.115274623194183,510.67
1,4.0,1,1,0,0,0,0,0,1,0,0,0,1.0,2.0,2.0,1.0,999.0,360,18,70,4.67,4.72,4.72,4.89,4.78,4.28,4.56,4,0.56,1,36.0,36.0,3.474179980109897,135.0
1,4.0,1,1,0,0,0,0,0,1,0,0,0,2.0,1.0,2.0,1.0,999.0,360,425,255,4.77,4.71,4.79,4.7,4.85,4.4,4.59,4,12.89,1,36.0,36.0,3.4783572517136228,172.0
1,4.0,1,1,0,0,0,1,0,0,0,0,0,1.0,1.0,1.0,1.0,999.0,360,1611,255,4.75,4.77,4.74,4.73,4.83,4.38,4.56,4,47.8,1,36.0,36.0,3.474179980109897,133.0
0,1.0,1,1,0,0,0,0,0,0,1,0,0,1.0,3.0,4.0,5.0,20.0,177,4,0,5.0,5.0,5.0,5.0,5.0,4.75,4.5,1,0.16,1,159.0,36.0,3.0899409361508114,456.6
0,1.0,1,1,0,0,0,0,0,0,1,0,0,1.0,4.0,5.0,1.0,25.0,26,3,8,5.0,5.0,5.0,5.0,5.0,5.0,4.67,1,0.09,1,157.0,36.0,1.80902827010149,576.0
0,1.0,1,1,0,0,0,0,0,1,0,0,0,1.0,1.0,2.0,1.0,365.0,361,14,31,4.86,4.86,4.71,4.93,5.0,5.0,4.36,1,0.38,1,80.0,36.0,2.1596749165256672,388.0
1,1.0,1,1,0,0,0,0,0,1,0,0,0,1.0,2.0,2.0,2.0,30.0,128,121,255,4.86,4.88,4.88,4.93,4.95,4.63,4.65,1,3.29,1,158.0,156.0,4.0899486789035056,321.5
0,1.0,1,1,0,0,0,0,0,1,0,0,0,1.0,3.0,3.0,1.0,28.0,95,9,8,4.56,4.56,4.78,4.89,4.89,4.89,4.0,1,0.26,1,178.0,169.0,1.2489495672600448,459.5
0,1.0,1,1,0,0,0,1,0,0,0,0,0,1.5,1.0,1.0,3.0,30.0,17,13,16,5.0,5.0,5.0,5.0,5.0,5.0,4.77,1,0.37,1,146.0,35.0,3.39411941540923,279.67
0,2.0,1,1,0,0,0,0,0,1,0,0,0,1.5,3.0,2.0,1.0,60.0,270,3,16,5.0,5.0,4.67,5.0,5.0,4.67,4.67,1,0.09,1,192.0,156.0,4.864649004632482,328.5
1,114.0,1,1,0,0,0,0,0,1,0,0,0,1.0,2.0,2.0,1.0,1125.0,61,14,23,4.93,5.0,4.86,5.0,5.0,4.79,4.79,1,0.39,1,133.0,128.0,3.747111653728981,386.33
0,1.0,1,1,0,0,0,1,0,0,0,0,0,1.0,1.0,1.0,4.0,365.0,16,12,48,5.0,4.92,4.75,5.0,5.0,5.0,4.75,1,0.33,1,130.0,71.0,1.0291291731039298,308.0
0,1.0,1,1,0,0,0,0,0,1,0,0,0,1.0,2.0,2.0,2.0,365.0,87,20,47,4.85,4.9,4.7,4.85,4.9,4.65,4.5,1,0.55,1,120.0,36.0,2.7613629418413854,309.0
0,1.0,1,1,0,0,0,1,0,0,0,0,0,1.5,1.0,1.0,1.0,365.0,22,24,55,4.88,4.92,4.83,4.96,4.92,5.0,4.71,1,0.7,1,149.0,37.0,1.0891558962903167,361.67
1,2.0,1,0,0,0,0,1,0,0,0,0,0,1.0,1.0,1.0,1.0,4.0,7,25,39,5.0,4.96,4.92,4.96,4.96,4.88,4.48,1,0.69,1,145.0,145.0,1.3214597831577226,239.0
0,1.0,1,1,0,0,0,1,0,0,0,0,0,1.0,1.0,1.0,2.0,6.0,345,5,8,5.0,4.8,5.0,5.0,5.0,5.0,4.8,1,0.15,1,36.0,36.0,0.9631578356603704,779.0
1,2.0,1,1,0,0,0,1,0,0,0,0,0,1.0,1.0,1.0,2.0,365.0,87,109,255,4.95,4.94,4.95,4.99,5.0,4.97,4.82,2,3.02,1,99.0,99.0,1.1470019013940942,245.0
1,1.0,1,1,0,1,0,1,0,0,0,0,0,1.5,1.0,1.0,2.0,365.0,246,122,255,4.84,4.84,4.9,4.93,4.87,4.59,4.61,1,3.45,1,115.0,91.0,10.101293229704178,83.31
0,1.0,1,1,0,0,0,1,0,0,0,0,0,1.0,1.0,1.0,6.0,365.0,72,4,0,5.0,5.0,5.0,5.0,5.0,5.0,5.0,1,0.11,1,36.0,36.0,1.9779282434892533,304.33
0,1.0,1,1,0,0,0,1,0,0,0,0,0,1.0,1.0,1.0,5.0,300.0,13,6,10,4.5,5.0,5.0,5.0,5.0,4.33,4.5,1,0.17,1,88.0,36.0,6.058635353186983,112.98
0,1.0,1,1,0,0,0,1,0,0,0,0,0,1.5,1.0,1.0,3.0,15.0,19,7,16,5.0,4.86,4.86,5.0,5.0,4.86,4.71,1,0.19,1,145.0,36.0,2.2864474106876176,307.0
0,1.0,1,1,0,0,0,0,0,1,0,0,0,1.0,2.0,3.0,2.0,30.0,36,8,39,4.38,4.5,4.13,4.5,4.88,4.63,4.0,1,0.25,1,86.0,33.0,2.66463835813459,293.57
1,2.0,1,1,0,1,0,1,0,0,0,0,0,1.5,1.0,1.0,1.0,365.0,321,55,125,4.93,4.93,4.96,5.0,5.0,4.78,4.84,2,1.55,1,43.0,43.0,6.593495189179433,120.0
0,1.0,1,1,0,0,0,0,0,1,0,0,0,1.5,2.0,1.0,2.0,30.0,29,11,23,5.0,4.91,5.0,5.0,5.0,4.82,4.91,1,0.31,1,36.0,36.0,2.6714884302086994,314.0
0,1.0,1,1,0,0,0,0,0,1,0,0,0,1.0,3.0,4.0,2.0,15.0,33,15,16,5.0,4.93,5.0,4.8,5.0,4.93,4.73,1,0.43,1,182.0,174.0,3.0023415321691354,473.6
1,1.0,1,1,0,1,0,1,0,0,0,0,0,1.0,1.0,1.0,2.0,365.0,268,194,255,4.88,4.85,4.84,4.97,4.96,4.95,4.7,1,5.37,1,36.0,36.0,0.41495016415777786,171.18
1,1.0,1,1,0,1,0,0,0,1,0,0,0,1.0,2.0,4.0,2.0,30.0,150,26,55,4.92,4.88,5.0,5.0,5.0,5.0,4.58,1,0.72,1,119.0,36.0,1.3138904451922553,559.5
0,1.0,1,1,0,0,0,0,0,1,0,0,0,1.0,3.0,2.0,2.0,14.0,358,10,39,5.0,4.9,4.8,4.9,5.0,5.0,4.7,1,0.29,1,126.0,51.0,1.5355814698305057,670.5
0,1.0,1,1,0,0,0,1,0,0,0,0,0,1.0,1.0,1.0,1.0,1125.0,185,18,47,4.89,4.94,4.78,4.89,4.89,4.72,4.5,1,0.57,1,72.0,33.0,3.254147692292872,360.0
0,1.0,1,1,0,0,0,1,0,0,0,0,0,1.0,1.0,1.0,2.0,31.0,364,23,31,4.96,4.96,4.87,4.96,4.91,4.91,4.61,1,0.66,1,63.0,41.0,1.736533679326105,399.5
0,1.0,1,1,0,0,0,0,1,0,0,0,0,1.5,1.0,2.0,2.0,4.0,4,25,70,5.0,5.0,4.96,5.0,5.0,5.0,4.92,1,0.7,1,160.0,35.0,0.5592185801035946,553.5
0,1.0,1,1,0,0,0,0,0,0,0,0,1,2.5,3.0,5.0,3.0,1125.0,16,6,0,4.67,4.5,4.0,4.83,4.83,5.0,3.83,1,0.17,1,129.0,80.0,0.5212700211251151,733.33
0,3.0,1,1,0,0,0,0,1,0,0,0,0,1.0,2.0,2.0,3.0,30.0,154,14,16,4.93,4.93,4.93,4.93,5.0,4.86,4.79,1,0.41,1,118.0,75.0,0.9404278260329916,761.0
0,2.0,1,1,0,0,0,0,0,1,0,0,0,3.0,3.0,4.0,1.0,14.0,185,8,23,5.0,5.0,5.0,5.0,5.0,5.0,4.88,2,0.25,1,158.0,36.0,2.1780800191113885,485.0
0,1.0,1,1,0,0,0,0,0,1,0,0,0,1.5,2.0,2.0,4.0,30.0,22,4,8,5.0,4.75,4.5,5.0,5.0,5.0,4.25,1,0.12,1,154.0,130.0,4.23230918569463,225.04
0,1.0,1,1,0,0,0,0,1,0,0,0,0,1.0,1.0,2.0,2.0,365.0,18,17,0,4.88,4.94,4.88,5.0,4.88,5.0,4.76,1,0.47,1,119.0,35.0,0.9993826628896435,249.2
1,1.0,1,1,0,1,0,1,0,0,0,0,0,1.0,1.0,1.0,2.0,365.0,43,56,255,4.84,4.8,4.71,4.95,4.86,4.96,4.7,1,4.33,1,61.0,13.0,0.23283584762751328,249.0
1,38.0,1,1,0,0,0,0,0,1,0,0,0,1.5,2.0,2.0,1.0,1125.0,268,200,255,4.89,4.85,4.94,4.89,4.89,4.92,4.69,1,5.54,1,92.0,46.0,1.6707467978923378,372.0
0,1.0,1,1,0,0,0,0,0,1,0,0,0,1.0,1.0,2.0,2.0,365.0,119,39,187,4.92,4.95,4.79,4.97,4.97,5.0,4.69,1,1.09,1,36.0,35.0,1.5705960077155692,256.76
0,1.0,1,1,0,0,0,1,0,0,0,0,0,1.0,1.0,1.0,1.0,1.0,109,5,0,5.0,5.0,5.0,4.4,5.0,4.8,4.6,1,0.14,1,125.0,35.0,4.6263808228842676,160.0
0,1.0,1,1,0,1,0,0,0,0,0,0,0,1.0,1.0,1.0,2.0,1125.0,39,24,31,5.0,5.0,4.96,5.0,5.0,5.0,4.96,1,0.68,1,56.0,35.0,2.737485616135208,177.0
1,1.0,1,1,0,1,0,0,1,0,0,0,0,1.0,1.0,2.0,1.0,1125.0,254,89,255,5.0,4.99,5.0,5.0,5.0,4.97,4.94,1,2.52,1,35.0,35.0,2.8557207929809127,342.0
1,2.0,1,0,0,0,0,1,0,0,0,0,0,1.0,1.0,1.0,2.0,365.0,305,57,255,4.91,4.89,4.74,4.91,4.98,4.91,4.61,2,1.57,1,133.0,78.0,6.877943072949026,115.83
1,1.0,1,1,0,1,0,1,0,0,0,0,0,1.0,1.0,1.0,3.0,365.0,32,69,172,4.97,4.93,4.97,4.97,4.99,4.94,4.83,1,1.92,1,142.0,36.0,0.9977714804086154,196.0
0,1.0,1,1,0,0,0,1,0,0,0,0,0,1.5,1.0,1.0,4.0,365.0,115,4,0,5.0,4.75,4.75,5.0,5.0,4.75,4.75,1,0.11,1,149.0,35.0,1.8952235022512782,339.14
0,1.0,1,1,0,0,0,0,0,1,0,0,0,1.0,2.0,2.0,1.0,30.0,123,28,55,4.82,4.89,4.61,4.93,5.0,4.96,4.71,1,0.85,1,162.0,32.0,1.4150830172954758,605.0
0,1.0,0,1,0,0,0,1,0,0,0,0,0,1.0,1.0,2.0,1.0,22.0,17,10,23,4.9,4.8,4.8,4.8,5.0,4.8,4.8,1,0.28,1,35.0,35.0,3.134367011136959,208.0
0,1.0,1,1,0,0,0,0,0,1,0,0,0,1.5,2.0,3.0,3.0,40.0,38,11,31,4.91,4.91,5.0,4.82,5.0,5.0,4.64,1,0.49,1,163.0,35.0,2.309877961433098,428.6
0,1.0,1,1,0,0,0,0,0,1,0,0,0,1.0,3.0,3.0,4.0,21.0,24,4,16,5.0,5.0,5.0,5.0,5.0,5.0,5.0,1,0.12,1,156.0,35.0,3.7044692287850127,285.4
0,1.0,1,1,0,0,0,0,0,1,0,0,0,2.0,3.0,3.0,3.0,1125.0,159,12,0,5.0,5.0,5.0,5.0,5.0,5.0,4.83,1,0.39,1,153.0,142.0,2.2476188901332574,424.67
0,1.0,1,1,0,0,0,1,0,0,0,0,0,1.0,1.0,1.0,3.0,365.0,24,11,31,4.73,4.73,4.82,4.91,5.0,4.82,4.73,1,0.32,1,174.0,106.0,4.5189042369143975,146.33
0,1.0,1,1,0,0,0,1,0,0,0,0,0,1.0,1.0,1.0,2.0,1125.0,49,3,0,4.67,4.33,4.67,5.0,4.33,4.67,4.0,1,0.09,1,150.0,35.0,1.5211803530559673,274.0
0,1.0,1,1,0,0,0,1,0,0,0,0,0,1.0,1.0,2.0,2.0,20.0,166,23,62,4.96,4.91,4.65,4.96,5.0,5.0,4.61,1,0.64,1,64.0,35.0,0.5158525918520653,571.0
0,1.0,1,1,0,0,0,0,0,1,0,0,0,2.5,3.0,2.0,6.0,31.0,321,3,0,5.0,5.0,5.0,5.0,5.0,5.0,5.0,1,0.09,1,138.0,47.0,1.9942734922735668,420.33
1,1.0,1,1,0,0,0,1,0,0,0,0,0,1.0,1.0,1.0,2.0,1125.0,125,91,250,4.95,4.99,5.0,4.97,4.99,4.84,4.82,1,2.56,1,70.0,35.0,3.706537269277895,211.5
0,1.0,1,1,0,0,0,0,1,0,0,0,0,1.0,2.0,2.0,3.0,365.0,131,1,8,5.0,5.0,5.0,5.0,5.0,5.0,5.0,1,0.12,1,117.0,10.0,2.7818578775716443,229.67
0,1.0,1,1,0,0,0,0,0,0,1,0,0,1.5,3.0,3.0,6.0,14.0,43,9,36,5.0,5.0,5.0,5.0,5.0,5.0,4.89,1,0.29,1,140.0,35.0,3.0950411043456194,574.71
1,1.0,1,1,0,0,0,0,0,1,0,0,0,1.5,4.0,4.0,1.0,35.0,9,23,47,5.0,4.96,4.83,4.96,4.91,4.78,4.74,1,0.67,1,72.0,35.0,5.735580854469866,352.0
0,1.0,1,1,0,0,0,0,0,1,0,0,0,1.0,1.0,3.0,4.0,14.0,83,0,0,-1.0,-1.0,-1.0,-1.0,-1.0,-1.0,-1.0,1,0.0,0,35.0,35.0,8.790514318996895,428.0
0,1.0,1,1,0,0,0,0,0,1,0,0,0,1.5,3.0,3.0,3.0,7.0,345,7,16,5.0,5.0,5.0,5.0,5.0,5.0,5.0,1,0.22,1,134.0,35.0,5.4662333283203735,363.67
0,1.0,1,1,0,0,0,1,0,0,0,0,0,1.0,1.0,1.0,5.0,14.0,200,2,10,5.0,5.0,4.5,5.0,5.0,5.0,4.0,1,0.15,1,166.0,158.0,3.3993862958505714,243.2
0,1.0,1,1,0,0,0,1,0,0,0,0,0,1.0,1.0,1.0,4.0,9.0,16,13,32,5.0,4.92,4.77,5.0,5.0,4.77,4.85,1,0.37,1,128.0,35.0,3.119062521111029,186.53
0,1.0,1,1,0,0,0,0,0,1,0,0,0,1.0,1.0,3.0,2.0,30.0,361,0,0,-1.0,-1.0,-1.0,-1.0,-1.0,-1.0,-1.0,1,0.0,0,161.0,140.0,2.583502511240421,371.0
0,1.0,1,1,0,0,0,0,0,1,0,0,0,1.0,2.0,2.0,2.0,30.0,14,10,31,5.0,5.0,4.8,4.9,4.9,4.9,4.8,1,0.28,1,119.0,90.0,2.0871827705515593,440.0
0,1.0,1,1,0,0,0,0,0,1,0,0,0,1.5,3.0,3.0,3.0,365.0,61,13,39,4.77,4.85,4.62,5.0,4.92,4.62,4.77,1,0.38,1,129.0,121.0,4.826290618904024,348.33
0,1.0,1,1,0,0,0,0,1,0,0,0,0,1.5,1.0,2.0,1.0,40.0,45,20,23,4.7,4.85,4.35,4.95,4.95,5.0,4.45,1,0.59,1,35.0,34.0,0.5207220714874453,307.0
0,1.0,1,1,0,0,0,0,0,0,0,1,0,1.5,3.0,4.0,1.0,21.0,9,0,0,-1.0,-1.0,-1.0,-1.0,-1.0,-1.0,-1.0,1,0.0,0,108.0,34.0,2.9346892154310904,628.0
0,1.0,1,1,0,0,0,0,0,1,0,0,0,1.0,2.0,3.0,3.0,1125.0,19,24,16,4.92,4.96,4.92,5.0,5.0,4.46,4.63,1,0.67,1,121.0,35.0,8.532766639303736,302.03
0,1.0,1,1,0,0,0,0,0,1,0,0,0,2.0,3.0,4.0,3.0,365.0,21,13,31,4.92,5.0,4.92,4.92,4.92,4.92,4.85,1,0.37,1,35.0,35.0,6.9417509441255945,364.33
0,1.0,1,1,0,0,0,1,0,0,0,0,0,1.0,1.0,1.0,3.0,1125.0,270,7,0,4.86,4.86,4.57,5.0,5.0,4.86,4.57,1,0.2,1,39.0,35.0,3.2455667611472854,201.67
0,1.0,1,1,0,0,0,1,0,0,0,0,0,1.0,1.0,1.0,2.0,21.0,332,16,16,4.88,4.63,4.44,4.81,4.63,4.81,4.38,1,0.45,1,84.0,35.0,1.7103583800597866,342.5
0,1.0,1,1,0,0,0,0,0,1,0,0,0,1.0,2.0,2.0,1.0,365.0,4,8,23,4.88,4.75,4.25,4.75,4.63,4.75,4.38,1,0.24,1,131.0,35.0,1.5935855787122526,417.0
1,3.0,1,1,0,1,0,1,0,0,0,0,0,1.0,1.0,1.0,2.0,1125.0,279,178,255,4.84,4.83,4.82,4.92,4.94,4.7,4.7,2,4.96,1,97.0,35.0,6.528203031629229,90.16
0,1.0,1,1,0,0,0,1,0,0,0,0,0,1.0,1.0,1.0,3.0,365.0,85,43,0,4.88,4.84,4.91,4.88,4.88,4.91,4.72,1,1.32,1,125.0,92.0,1.1078982290590151,314.0
0,1.0,1,1,0,0,0,1,0,0,0,0,0,1.0,1.0,1.0,3.0,30.0,74,5,0,4.4,4.6,4.4,5.0,4.8,4.6,3.8,1,0.14,1,66.0,35.0,1.6502839734380883,263.67
0,1.0,1,1,0,0,0,1,0,0,0,0,0,1.0,1.0,1.0,1.0,15.0,21,4,0,4.75,4.75,4.75,4.75,5.0,4.75,4.5,1,0.12,1,124.0,121.0,2.0155615084283545,278.0
0,1.0,1,1,0,0,0,1,0,0,0,0,0,1.5,1.0,1.0,2.0,5.0,12,32,55,4.75,4.78,4.56,4.97,4.97,4.94,4.59,1,0.9,1,35.0,35.0,1.706956110664034,316.5
0,1.0,1,1,0,0,0,1,0,0,0,0,0,1.0,1.0,1.0,4.0,30.0,277,14,24,5.0,5.0,4.93,5.0,5.0,5.0,4.64,1,0.41,1,102.0,34.0,1.5277269141153262,526.5
0,1.0,1,1,0,0,0,1,0,0,0,0,0,1.0,1.0,1.0,2.0,10.0,70,25,31,4.92,4.88,4.96,4.92,5.0,4.92,4.64,1,0.72,1,140.0,97.0,1.3963132639379123,371.0
0,1.0,1,1,0,1,0,1,0,0,0,0,0,1.0,1.0,1.0,1.0,5.0,218,0,0,-1.0,-1.0,-1.0,-1.0,-1.0,-1.0,-1.0,1,0.0,0,75.0,72.0,4.706182723200284,123.0
0,1.0,1,1,0,0,0,1,0,0,0,0,0,1.0,1.0,1.0,1.0,20.0,7,18,62,4.89,4.94,5.0,4.94,4.94,5.0,4.83,1,0.53,1,86.0,35.0,1.5895611990535836,298.33
0,1.0,1,1,0,0,0,1,0,0,0,0,0,1.5,1.0,1.0,2.0,28.0,258,7,16,4.86,4.71,4.71,4.57,5.0,4.86,4.71,1,0.21,1,127.0,35.0,1.383394767948577,377.0
0,1.0,1,1,0,0,0,1,0,0,0,0,0,1.0,1.0,1.0,4.0,7.0,172,27,48,5.0,4.93,4.74,4.96,4.96,4.89,4.85,1,0.76,1,149.0,35.0,3.0550778578862037,238.75
0,1.0,1,1,0,0,0,1,0,0,0,0,0,1.0,1.0,1.0,1.0,30.0,170,13,39,4.85,4.92,4.77,4.92,5.0,4.85,4.77,1,0.57,1,129.0,26.0,2.0396916611558855,320.0
0,1.0,1,1,0,0,0,1,0,0,0,0,0,1.0,1.0,1.0,4.0,1125.0,141,2,0,4.5,4.5,4.5,5.0,5.0,4.5,4.0,1,0.06,1,146.0,35.0,3.745299486188209,197.0
0,1.0,1,1,0,0,0,0,0,0,1,0,0,1.5,4.0,3.0,4.0,25.0,142,12,24,4.92,4.67,4.92,5.0,5.0,5.0,4.67,1,0.34,1,156.0,109.0,2.0098254421384607,555.0
0,1.0,1,1,0,0,0,0,0,1,0,0,0,3.0,2.0,2.0,5.0,14.0,364,0,0,-1.0,-1.0,-1.0,-1.0,-1.0,-1.0,-1.0,1,0.0,0,37.0,37.0,1.1498203870056736,776.0
0,1.0,1,1,0,0,0,0,0,1,0,0,0,1.0,2.0,1.0,2.0,20.0,179,21,101,4.76,4.86,4.86,4.86,4.81,4.81,4.67,1,0.62,1,35.0,35.0,2.4801027891693757,491.0
0,1.0,1,1,0,0,0,1,0,0,0,0,0,1.0,1.0,1.0,3.0,20.0,219,25,47,4.88,4.8,4.72,4.88,4.92,4.88,4.68,1,0.85,1,45.0,31.0,3.160301005730021,253.0
0,1.0,1,1,0,0,0,1,0,0,0,0,0,1.0,1.0,1.0,3.0,30.0,31,7,8,4.57,4.86,4.29,4.71,5.0,4.71,4.14,1,0.21,1,118.0,35.0,1.40851654428113,360.33
0,1.0,1,1,0,0,0,0,1,0,0,0,0,1.0,2.0,2.0,1.0,365.0,13,14,8,5.0,4.93,4.5,4.71,4.93,4.5,4.57,1,0.39,1,126.0,46.0,3.598063166078926,239.75
0,1.0,1,1,0,0,0,0,0,1,0,0,0,1.0,1.0,2.0,3.0,17.0,13,6,23,5.0,5.0,5.0,5.0,5.0,5.0,4.67,1,0.18,1,121.0,35.0,3.247537054076837,270.84
0,1.0,1,1,0,0,0,1,0,0,0,0,0,1.0,1.0,1.0,2.0,1125.0,9,22,47,5.0,5.0,4.91,4.86,5.0,4.73,4.68,1,0.65,1,138.0,34.0,2.8549914418394255,262.67
0,1.0,1,1,0,0,0,0,0,1,0,0,0,1.5,2.0,1.0,2.0,365.0,55,11,31,4.91,4.55,4.64,4.91,5.0,4.64,4.27,1,0.32,1,152.0,120.0,2.378079518662433,465.5
0,1.0,1,1,0,0,0,0,1,0,0,0,0,1.0,1.0,2.0,4.0,60.0,21,7,8,5.0,5.0,5.0,5.0,5.0,5.0,4.86,1,0.2,1,137.0,35.0,3.1495560214631513,231.25
0,1.0,1,1,0,0,0,0,0,0,1,0,0,2.5,4.0,5.0,1.0,30.0,93,6,23,5.0,4.83,5.0,5.0,5.0,5.0,4.67,1,0.2,1,171.0,146.0,3.3247103614602733,662.8
0,1.0,1,1,0,0,0,0,0,1,0,0,0,1.5,2.0,2.0,4.0,14.0,106,8,0,5.0,5.0,5.0,5.0,5.0,5.0,4.5,1,0.23,1,124.0,35.0,1.948000298968364,667.75
0,1.0,1,1,0,0,0,1,0,0,0,0,0,1.0,1.0,1.0,4.0,14.0,19,12,8,4.92,4.83,4.67,5.0,5.0,5.0,4.58,1,0.35,1,40.0,35.0,1.420546625110622,259.75
1,3.0,1,1,0,0,0,0,0,1,0,0,0,1.0,2.0,2.0,1.0,365.0,155,278,255,4.87,4.85,4.92,4.92,4.94,4.94,4.77,3,7.97,1,70.0,47.0,0.6909102036342851,252.0
0,1.0,1,1,0,0,0,0,0,0,0,1,0,1.0,3.0,3.0,7.0,365.0,94,2,0,5.0,5.0,5.0,5.0,5.0,4.5,5.0,1,0.06,1,142.0,35.0,5.19223331037772,407.57
0,1.0,1,1,0,0,0,0,0,1,0,0,0,1.5,4.0,5.0,4.0,30.0,188,11,24,4.82,4.91,4.82,4.91,5.0,4.82,4.73,1,0.31,1,133.0,35.0,2.5260139956697563,365.25
1,1.0,1,1,0,0,0,0,0,1,0,0,0,1.0,2.0,3.0,2.0,6.0,82,29,23,4.97,4.97,5.0,4.97,5.0,4.86,4.72,1,0.82,1,139.0,35.0,1.9729472972817468,482.5
0,1.0,1,1,0,0,0,1,0,0,0,0,0,1.0,1.0,1.0,3.0,365.0,173,20,47,5.0,4.95,4.95,4.95,5.0,4.95,4.8,1,0.57,1,126.0,35.0,2.4953635216034997,319.67
0,1.0,1,1,0,0,0,0,0,0,1,0,0,1.5,3.0,4.0,3.0,21.0,220,4,0,4.75,4.75,5.0,5.0,5.0,4.75,5.0,1,0.12,1,118.0,35.0,2.861822126140005,249.0
0,26.0,1,1,0,0,0,0,0,1,0,0,0,1.5,2.0,2.0,1.0,1125.0,46,12,8,4.5,4.58,4.08,4.67,4.5,5.0,4.33,17,0.34,1,130.0,130.0,1.537432298171842,232.01
0,1.0,0,1,0,1,0,1,0,0,0,0,0,1.0,1.0,1.0,1.0,365.0,365,0,0,-1.0,-1.0,-1.0,-1.0,-1.0,-1.0,-1.0,1,0.0,0,48.0,35.0,3.946555433223105,320.0
0,1.0,1,1,0,0,0,0,0,1,0,0,0,1.5,2.0,2.0,4.0,730.0,169,35,56,5.0,4.97,4.97,5.0,5.0,5.0,4.91,1,0.98,1,142.0,141.0,1.7630492937605644,553.5
0,1.0,1,1,0,0,0,0,0,0,1,0,0,1.5,2.0,3.0,4.0,14.0,19,20,64,5.0,5.0,5.0,4.95,5.0,4.9,4.85,1,0.57,1,145.0,143.0,2.9148003483527507,316.75
1,3.0,1,1,0,1,0,1,0,0,0,0,0,1.0,1.0,1.0,2.0,1125.0,284,192,255,4.89,4.9,4.88,4.95,4.96,4.7,4.7,2,5.37,1,97.0,35.0,6.446907927479505,106.5
0,1.0,1,1,0,0,0,1,0,0,0,0,0,1.0,1.0,1.0,4.0,30.0,4,22,32,5.0,4.95,4.91,4.95,5.0,4.68,4.82,1,0.64,1,121.0,34.0,4.774613220853015,138.75
0,1.0,1,1,0,0,0,1,0,0,0,0,0,1.0,1.0,1.0,1.0,1.0,10,23,70,4.91,4.96,4.91,4.96,5.0,4.87,4.83,1,0.65,1,126.0,35.0,2.8941830722069337,320.0
0,1.0,1,1,0,0,0,0,1,0,0,0,0,1.0,1.0,2.0,2.0,30.0,76,4,0,4.75,5.0,5.0,5.0,5.0,4.75,4.5,1,0.12,1,144.0,131.0,1.5822195443694504,285.5
0,1.0,1,1,0,0,0,1,0,0,0,0,0,1.0,1.0,1.0,3.0,30.0,66,5,8,5.0,5.0,5.0,4.6,5.0,5.0,5.0,1,0.15,1,142.0,35.0,2.5060265816174585,251.33
0,1.0,1,1,0,0,0,0,0,1,0,0,0,1.0,1.0,1.0,2.0,730.0,178,12,16,4.0,4.33,3.25,4.92,4.75,4.25,3.67,1,0.39,1,109.0,32.0,10.401711404401867,188.5
1,1.0,0,1,0,1,0,0,0,1,0,0,0,1.5,2.0,3.0,2.0,365.0,93,172,255,4.91,4.94,4.91,4.99,4.99,4.94,4.77,1,4.99,1,36.0,34.0,1.6537866923598807,470.0
0,3.0,1,1,0,0,0,1,0,0,0,0,0,1.0,1.0,1.0,1.0,1125.0,37,32,156,4.78,4.81,4.77,4.81,4.84,4.97,4.74,3,0.91,1,49.0,49.0,0.6992094180097568,425.5
0,1.0,1,1,0,0,0,0,0,1,0,0,0,1.5,2.0,3.0,7.0,21.0,75,5,0,5.0,5.0,5.0,4.8,5.0,4.6,5.0,1,0.15,1,137.0,137.0,3.3227691207479526,282.44
0,1.0,1,1,0,0,0,1,0,0,0,0,0,1.0,1.0,1.0,3.0,365.0,234,10,31,4.9,4.9,4.5,4.9,5.0,4.6,4.6,1,0.29,1,144.0,35.0,2.34384502378269,209.5
1,1.0,1,1,0,0,0,1,0,0,0,0,0,1.0,1.0,1.0,2.0,120.0,132,124,255,4.99,4.99,5.0,4.96,4.99,4.98,4.9,1,3.84,1,142.0,132.0,1.506363085478006,391.5
1,1.0,1,1,0,0,0,1,0,0,0,0,0,1.0,1.0,1.0,1.0,1125.0,4,20,47,4.9,4.85,4.85,4.9,5.0,4.9,4.7,1,0.58,1,118.0,35.0,1.7410337520781438,262.47
0,1.0,1,1,0,0,0,0,0,1,0,0,0,2.0,4.0,6.0,6.0,20.0,7,4,12,5.0,5.0,5.0,5.0,5.0,4.25,4.25,1,0.12,1,195.0,185.0,3.5643046099363485,329.5
0,1.0,1,1,0,0,0,1,0,0,0,0,0,1.0,1.0,1.0,5.0,10.0,12,9,20,4.89,5.0,4.78,5.0,5.0,5.0,4.89,1,0.28,1,110.0,32.0,1.6883003606264253,299.8
0,1.0,1,1,0,0,0,0,0,1,0,0,0,1.0,2.0,2.0,5.0,11.0,348,14,40,4.93,4.93,4.79,5.0,4.93,4.86,4.79,1,0.4,1,90.0,35.0,1.861614145859311,724.71
0,1.0,1,1,0,0,0,1,0,0,0,0,0,1.5,1.0,1.0,1.0,23.0,73,14,0,5.0,5.0,5.0,4.93,5.0,4.79,4.86,1,0.4,1,125.0,35.0,2.5937462663353403,231.0
0,1.0,1,1,0,0,0,1,0,0,0,0,0,1.0,1.0,1.0,2.0,5.0,205,23,47,4.96,5.0,4.91,5.0,5.0,4.96,4.74,1,0.67,1,119.0,34.0,2.321832486275754,342.5
1,1.0,1,1,0,0,0,1,0,0,0,0,0,1.5,1.0,2.0,2.0,365.0,141,175,255,4.93,4.95,4.95,4.94,4.97,4.91,4.78,1,4.93,1,149.0,130.0,2.847944706372158,177.0
0,1.0,1,1,0,0,0,0,0,1,0,0,0,2.5,4.0,4.0,7.0,1125.0,310,0,0,-1.0,-1.0,-1.0,-1.0,-1.0,-1.0,-1.0,1,0.0,0,100.0,34.0,5.046161082700249,509.57
0,1.0,1,1,0,0,0,0,0,1,0,0,0,1.5,3.0,5.0,3.0,30.0,20,5,0,5.0,4.6,4.6,5.0,5.0,5.0,4.6,1,0.14,1,126.0,83.0,1.131595778274343,626.0
0,1.0,1,1,0,0,0,0,0,1,0,0,0,3.0,3.0,5.0,5.0,19.0,123,2,0,5.0,4.5,5.0,5.0,5.0,4.5,4.5,1,0.06,1,150.0,150.0,3.3740737188018746,283.0
0,2.0,1,1,0,1,0,1,0,0,0,0,0,1.5,1.0,1.0,1.0,3.0,148,1,0,4.0,5.0,5.0,5.0,5.0,4.0,3.0,2,0.04,1,158.0,35.0,6.920316325928937,228.24
0,1.0,1,1,0,0,0,1,0,0,0,0,0,1.0,1.0,1.0,2.0,28.0,4,13,23,4.92,5.0,5.0,5.0,4.92,4.92,4.62,1,0.38,1,86.0,34.0,1.8931305631357305,308.5
0,1.0,1,1,0,0,0,0,0,1,0,0,0,1.5,2.0,4.0,1.0,20.0,33,18,0,5.0,5.0,5.0,4.89,5.0,4.89,4.78,1,0.52,1,154.0,35.0,2.351598312804246,548.0
0,1.0,1,1,0,0,0,0,0,1,0,0,0,1.0,3.0,2.0,2.0,14.0,16,4,0,5.0,4.75,5.0,5.0,5.0,5.0,4.75,1,0.11,1,59.0,35.0,2.51812111103608,319.6
0,3.0,1,1,0,0,0,0,0,1,0,0,0,1.5,3.0,3.0,1.0,30.0,36,9,0,4.89,4.67,4.89,4.89,5.0,4.89,4.56,1,0.26,1,89.0,59.0,2.081043155866125,328.25
1,1.0,1,1,0,1,0,1,0,0,0,0,0,1.0,1.0,1.0,3.0,30.0,101,45,140,4.96,4.96,4.98,4.98,5.0,4.98,4.78,1,1.29,1,94.0,35.0,0.6759582347895798,239.33
1,2.0,1,1,0,1,0,1,0,0,0,0,0,1.0,1.0,1.0,3.0,1125.0,69,72,203,4.94,4.96,4.99,4.94,4.97,4.67,4.75,2,2.05,1,128.0,34.0,3.0654276436766743,123.75
0,1.0,1,1,0,0,0,0,1,0,0,0,0,1.5,1.0,1.0,3.0,8.0,258,19,23,5.0,4.89,5.0,5.0,5.0,4.84,4.79,1,0.54,1,35.0,34.0,2.3758661266856644,398.33
0,1.0,1,1,0,0,0,0,0,1,0,0,0,3.5,3.0,4.0,3.0,21.0,5,10,0,5.0,5.0,5.0,5.0,5.0,5.0,4.8,1,0.29,1,95.0,35.0,7.832083687375461,422.33
0,1.0,1,1,0,0,0,1,0,0,0,0,0,1.5,1.0,1.0,1.0,21.0,98,102,250,4.98,4.96,4.99,5.0,5.0,5.0,4.93,1,3.11,1,112.0,34.0,0.6354451692738908,274.0
1,2.0,1,1,0,1,0,1,0,0,0,0,0,1.0,1.0,1.0,3.0,1125.0,81,83,203,4.94,4.92,4.95,4.95,4.95,4.51,4.73,2,2.38,1,128.0,34.0,3.0654276436766743,111.67
0,3.0,1,1,0,0,0,0,1,0,0,0,0,1.0,2.0,2.0,2.0,20.0,323,11,39,4.82,4.82,4.82,4.91,4.91,4.73,4.09,2,0.33,1,36.0,34.0,2.8283181941154374,387.5
0,1.0,1,1,0,0,0,0,0,1,0,0,0,3.0,5.0,5.0,4.0,7.0,55,4,0,5.0,5.0,5.0,5.0,5.0,4.5,5.0,1,0.13,1,147.0,144.0,3.631696732961348,401.0
1,40.0,1,0,0,1,0,0,0,0,0,0,0,1.0,1.0,1.0,1.0,365.0,222,2,8,5.0,5.0,5.0,5.0,5.0,5.0,4.5,10,0.13,1,144.0,137.0,4.048170540671757,114.14
1,6.0,1,1,0,0,0,0,0,1,0,0,0,1.5,2.0,3.0,1.0,30.0,106,14,16,4.64,4.79,4.57,4.93,4.93,4.64,4.36,1,0.4,1,158.0,151.0,2.9043389454668853,460.0
0,2.0,1,1,0,0,0,0,0,1,0,0,0,1.0,3.0,4.0,3.0,15.0,77,26,86,4.85,4.77,4.85,4.92,4.85,4.88,4.65,1,0.76,1,178.0,98.0,1.5459701059994042,419.5
0,1.0,1,1,0,0,0,0,0,0,1,0,0,2.0,4.0,6.0,3.0,21.0,13,9,8,4.89,4.89,4.56,5.0,4.67,5.0,4.89,1,0.26,1,37.0,34.0,1.0377960520829526,704.0
0,1.0,1,1,0,0,0,0,0,1,0,0,0,1.0,2.0,2.0,1.0,14.0,5,23,23,4.87,4.91,4.83,5.0,4.96,4.91,4.7,1,0.65,1,35.0,35.0,2.787640556580536,254.0
0,1.0,1,1,0,0,0,0,0,1,0,0,0,1.0,2.0,2.0,3.0,21.0,21,11,31,5.0,5.0,5.0,5.0,4.91,4.91,4.91,1,0.31,1,155.0,77.0,3.2139078696663272,437.67
1,1.0,1,1,0,0,0,1,0,0,0,0,0,1.5,1.0,1.0,2.0,2.0,89,24,109,4.88,4.92,5.0,4.92,4.92,4.96,4.75,1,0.69,1,111.0,111.0,1.6039834645540132,318.0
0,1.0,1,1,0,0,0,0,0,1,0,0,0,1.0,2.0,2.0,3.0,730.0,162,7,31,4.86,4.86,4.71,4.71,5.0,4.71,4.86,1,0.2,1,123.0,34.0,4.369922850757721,317.67
0,1.0,1,1,0,0,0,0,0,1,0,0,0,3.0,3.0,3.0,2.0,14.0,11,29,47,4.86,4.9,4.79,4.9,4.97,4.79,4.72,1,0.83,1,170.0,143.0,2.908104490613393,528.0
0,1.0,1,1,0,0,0,0,0,1,0,0,0,1.5,2.0,2.0,3.0,16.0,39,11,39,5.0,5.0,4.91,4.91,5.0,4.91,4.73,1,0.32,1,128.0,34.0,2.393541672171426,424.33
0,2.0,1,1,0,0,0,0,1,0,0,0,0,1.5,2.0,2.0,2.0,30.0,42,16,39,5.0,5.0,5.0,5.0,5.0,5.0,4.81,1,0.46,1,105.0,77.0,0.9507245550267632,419.5
0,1.0,1,1,0,0,0,1,0,0,0,0,0,1.0,1.0,1.0,2.0,1125.0,34,11,16,4.91,5.0,4.73,5.0,5.0,4.73,4.64,1,0.33,1,89.0,34.0,2.5473917519629805,302.67
0,1.0,1,1,0,0,0,1,0,0,0,0,0,1.0,1.0,1.0,2.0,15.0,3,8,8,5.0,5.0,5.0,5.0,5.0,5.0,4.75,1,0.24,1,120.0,34.0,1.666317188997355,293.0
0,1.0,1,1,0,0,0,0,0,1,0,0,0,2.0,3.0,3.0,4.0,20.0,166,3,0,5.0,5.0,5.0,5.0,5.0,5.0,5.0,1,0.09,1,129.0,34.0,3.532486011689984,528.0
0,1.0,1,1,0,0,0,0,0,1,0,0,0,1.0,2.0,2.0,1.0,365.0,3,9,39,5.0,4.89,4.89,5.0,5.0,5.0,4.89,1,0.26,1,151.0,132.0,2.675313719897526,517.0
0,1.0,1,1,0,0,0,1,0,0,0,0,0,1.0,1.0,1.0,4.0,30.0,19,21,72,4.9,4.95,4.76,4.95,5.0,4.95,4.67,1,0.64,1,93.0,34.0,1.163219804590613,219.75
0,1.0,1,1,0,0,0,0,0,1,0,0,0,1.5,3.0,3.0,1.0,20.0,10,5,23,4.8,4.8,4.4,5.0,5.0,4.2,4.4,1,0.15,1,168.0,168.0,5.227641002109303,217.5
1,1.0,1,1,0,0,0,1,0,0,0,0,0,1.0,1.0,1.0,2.0,7.0,207,218,255,4.97,4.95,4.97,4.99,4.99,4.78,4.86,1,6.36,1,34.0,34.0,3.6813592110717104,200.0
0,1.0,1,1,0,0,0,1,0,0,0,0,0,1.0,1.0,1.0,3.0,1125.0,11,7,0,5.0,5.0,4.86,5.0,5.0,5.0,4.71,1,0.2,1,61.0,34.0,1.4648187485168254,191.25
0,1.0,1,1,0,1,0,1,0,0,0,0,0,1.5,1.0,1.0,1.0,30.0,280,26,117,4.81,4.96,4.69,4.85,4.85,4.96,4.54,1,0.83,1,121.0,31.0,1.610422871858337,231.55
0,2.0,1,1,0,1,0,1,0,0,0,0,0,1.0,1.0,1.0,1.0,730.0,134,17,55,4.29,4.47,4.53,4.53,4.53,4.76,4.35,2,0.65,1,35.0,30.0,0.8404537564447419,206.0
0,1.0,1,1,0,0,0,1,0,0,0,0,0,1.0,1.0,1.0,3.0,7.0,268,4,8,4.75,4.75,4.5,5.0,5.0,4.75,4.75,1,0.12,1,145.0,34.0,6.804786265185211,228.33
0,1.0,1,1,0,0,0,0,0,1,0,0,0,1.5,2.0,2.0,1.0,7.0,4,13,16,5.0,5.0,5.0,5.0,5.0,5.0,4.92,1,0.39,1,69.0,34.0,1.7331418132682794,514.0
1,2.0,1,1,0,0,0,0,0,1,0,0,0,1.0,1.0,2.0,1.0,12.0,352,260,255,4.8,4.8,4.9,4.72,4.79,4.73,4.65,2,9.14,1,34.0,31.0,2.927649675061889,297.0
1,1.0,1,1,0,1,0,1,0,0,0,0,0,1.0,1.0,1.0,4.0,60.0,49,49,144,4.98,4.98,4.96,4.98,4.96,4.9,4.92,1,1.44,1,162.0,33.0,1.9919649455574382,198.0
0,1.0,1,1,0,0,0,1,0,0,0,0,0,1.0,1.0,1.0,2.0,1125.0,73,10,16,5.0,5.0,4.9,5.0,5.0,5.0,4.7,1,0.29,1,127.0,34.0,2.970860271545005,279.5
1,1.0,1,1,0,1,0,1,0,0,0,0,0,1.5,1.0,1.0,1.0,1125.0,153,65,31,4.88,4.88,4.88,4.89,4.95,4.72,4.6,1,1.98,1,149.0,107.0,3.524044862980148,215.0
0,1.0,1,1,0,0,0,1,0,0,0,0,0,1.0,1.0,1.0,3.0,365.0,365,4,0,5.0,4.5,4.75,5.0,4.5,4.5,4.5,1,0.12,1,132.0,132.0,4.1624555277923285,418.67
0,1.0,1,1,0,1,0,1,0,0,0,0,0,1.0,1.0,1.0,2.0,365.0,267,0,0,-1.0,-1.0,-1.0,-1.0,-1.0,-1.0,-1.0,1,0.0,0,127.0,126.0,3.7635540254500466,451.0
0,1.0,1,1,0,0,0,1,0,0,0,0,0,1.0,1.0,1.0,1.0,30.0,18,9,0,5.0,5.0,4.89,4.78,5.0,4.44,4.44,1,0.26,1,140.0,122.0,2.937751079155242,239.6
0,1.0,1,1,0,0,0,1,0,0,0,0,0,1.0,1.0,1.0,3.0,365.0,65,9,23,4.78,4.67,4.67,4.78,4.89,4.56,4.44,1,0.27,1,122.0,34.0,2.952178709564897,232.33
0,1.0,1,1,0,0,0,1,0,0,0,0,0,1.0,1.0,1.0,1.0,360.0,22,5,39,5.0,5.0,5.0,5.0,5.0,5.0,5.0,1,0.46,1,83.0,29.0,2.5136125871508455,217.0
1,1.0,1,1,0,0,0,0,0,1,0,0,0,1.0,2.0,2.0,1.0,1125.0,312,231,255,4.84,4.86,4.9,4.93,4.96,4.95,4.59,1,6.59,1,151.0,96.0,0.7205710359528318,459.89
0,1.0,1,1,0,0,0,1,0,0,0,0,0,1.0,1.0,1.0,2.0,10.0,9,12,16,5.0,5.0,4.92,5.0,5.0,4.92,5.0,1,0.39,1,121.0,79.0,1.484753976057751,350.0
0,1.0,1,1,0,0,0,0,0,1,0,0,0,1.0,2.0,2.0,1.0,365.0,19,10,23,5.0,5.0,5.0,5.0,5.0,5.0,4.8,1,0.3,1,142.0,34.0,2.376583756161402,377.0
0,1.0,1,1,0,0,0,0,0,1,0,0,0,2.0,2.0,3.0,3.0,10.0,173,4,23,4.75,4.75,4.75,5.0,5.0,4.75,4.25,1,0.29,1,150.0,22.0,6.2455081893479685,344.33
0,1.0,1,1,0,0,0,1,0,0,0,0,0,1.0,1.0,1.0,2.0,1125.0,358,1,0,5.0,5.0,5.0,5.0,5.0,4.0,4.0,1,0.03,1,119.0,34.0,3.555043669697152,354.0
1,1.0,1,1,0,0,0,0,0,1,0,0,0,1.0,2.0,2.0,1.0,30.0,17,24,70,4.96,4.88,4.67,4.92,4.96,4.88,4.54,1,0.69,1,132.0,132.0,1.488793603714641,468.0
0,1.0,1,1,0,0,0,0,0,1,0,0,0,1.5,2.0,3.0,3.0,30.0,153,10,0,5.0,5.0,4.9,4.9,5.0,4.8,4.7,1,0.29,1,148.0,34.0,4.800060607752802,342.67
0,1.0,1,1,0,0,0,1,0,0,0,0,0,1.5,1.0,1.0,3.0,30.0,97,16,31,5.0,5.0,5.0,5.0,5.0,5.0,4.88,1,0.48,1,130.0,34.0,1.3528869402723624,325.33
0,1.0,1,1,0,0,0,0,0,0,0,1,0,3.0,4.0,5.0,4.0,30.0,253,0,0,-1.0,-1.0,-1.0,-1.0,-1.0,-1.0,-1.0,1,0.0,0,83.0,34.0,5.29524828279366,399.5
0,1.0,1,1,0,0,0,1,0,0,0,0,0,1.0,1.0,2.0,2.0,365.0,365,16,70,4.94,4.81,4.81,5.0,4.88,4.94,4.75,1,0.68,1,137.0,24.0,1.8185663837700747,474.0
0,1.0,1,1,0,0,0,1,0,0,0,0,0,1.0,1.0,1.0,2.0,10.0,56,9,16,5.0,5.0,5.0,5.0,5.0,4.89,4.89,1,0.27,1,109.0,34.0,2.6675099200131913,245.5
0,697.0,1,1,0,1,0,1,0,0,0,0,0,1.0,1.0,1.0,1.0,1125.0,263,6,0,4.83,4.67,4.83,4.17,5.0,4.67,4.0,9,0.25,1,43.0,43.0,3.609360456177584,220.0
0,697.0,1,1,0,1,0,1,0,0,0,0,0,1.0,1.0,1.0,1.0,1125.0,263,8,39,5.0,5.0,5.0,5.0,5.0,5.0,5.0,9,0.36,1,43.0,43.0,3.609360456177584,220.0
0,697.0,1,1,0,1,0,1,0,0,0,0,0,1.0,1.0,1.0,1.0,1125.0,263,2,0,3.5,3.5,3.5,5.0,3.0,4.5,2.5,9,0.09,1,43.0,43.0,3.609360456177584,220.0
0,697.0,1,1,0,1,0,1,0,0,0,0,0,1.0,1.0,1.0,1.0,1125.0,285,0,0,-1.0,-1.0,-1.0,-1.0,-1.0,-1.0,-1.0,9,0.0,0,43.0,43.0,3.609627083804079,321.0
0,697.0,1,1,0,1,0,1,0,0,0,0,0,1.0,1.0,1.0,1.0,1125.0,285,1,0,4.0,4.0,4.0,3.0,2.0,5.0,4.0,9,0.04,1,43.0,43.0,3.609627083804079,320.8
0,697.0,1,1,0,1,0,0,0,1,0,0,0,2.0,2.0,2.0,1.0,1125.0,244,4,8,3.5,4.0,4.75,3.75,3.25,3.75,3.5,9,0.18,1,43.0,43.0,3.609360456177584,420.0
0,697.0,1,1,0,1,0,0,0,1,0,0,0,2.0,2.0,2.0,1.0,1125.0,278,0,0,-1.0,-1.0,-1.0,-1.0,-1.0,-1.0,-1.0,9,0.0,0,43.0,43.0,3.609627083804079,440.8
0,697.0,1,1,0,1,0,0,0,0,0,1,0,3.0,3.0,3.0,1.0,1125.0,236,4,8,4.25,4.75,4.25,4.75,4.25,3.75,3.75,9,0.13,1,43.0,43.0,3.609627083804079,631.0
0,1.0,1,1,0,0,0,0,0,1,0,0,0,2.0,3.0,6.0,3.0,30.0,11,16,47,5.0,5.0,5.0,5.0,5.0,4.94,4.94,1,0.53,1,133.0,100.0,1.1126195177388327,698.67
0,1.0,1,1,0,0,0,0,0,1,0,0,0,1.0,2.0,3.0,3.0,31.0,50,6,8,4.83,5.0,4.67,5.0,5.0,4.83,4.83,1,0.18,1,167.0,84.0,5.253776178728586,181.67
0,2.0,1,1,0,0,0,0,0,1,0,0,0,1.0,2.0,2.0,2.0,10.0,266,6,0,4.83,4.83,4.83,4.83,4.83,4.67,4.33,2,0.18,1,57.0,43.0,2.5860259976900437,496.5
0,1.0,1,1,0,0,0,1,0,0,0,0,0,1.5,1.0,1.0,2.0,365.0,77,4,8,4.75,4.75,4.5,5.0,4.75,4.75,4.5,1,0.13,1,146.0,34.0,3.315045619097442,289.29
0,1.0,1,1,0,0,0,0,0,1,0,0,0,1.5,2.0,2.0,4.0,14.0,25,14,32,4.93,4.93,5.0,4.93,5.0,4.71,4.79,1,0.42,1,34.0,34.0,2.2561081579319806,502.25
0,1.0,1,1,0,0,0,1,0,0,0,0,0,1.0,1.0,1.0,5.0,30.0,71,6,0,5.0,4.83,5.0,5.0,5.0,5.0,4.5,1,0.18,1,120.0,33.0,1.3068305019810877,285.4
0,1.0,1,1,0,0,0,1,0,0,0,0,0,1.0,1.0,1.0,3.0,3.0,67,21,39,4.9,4.95,4.86,5.0,5.0,5.0,4.71,1,0.61,1,109.0,34.0,1.9442059974947485,354.0
0,2.0,1,1,0,1,0,1,0,0,0,0,0,1.5,1.0,1.0,1.0,365.0,353,160,255,4.68,4.7,4.72,4.76,4.81,4.93,4.41,2,4.61,1,34.0,34.0,1.0413202572959324,135.8
0,2.0,1,1,0,1,0,1,0,0,0,0,0,1.5,1.0,1.0,1.0,1125.0,180,128,234,4.71,4.72,4.7,4.88,4.9,4.94,4.49,2,3.7,1,34.0,34.0,0.9314852880665048,135.8
0,1.0,1,1,0,1,0,1,0,0,0,0,0,1.0,1.0,1.0,1.0,30.0,126,16,39,4.63,4.75,4.81,4.81,4.88,4.69,4.38,1,0.53,1,122.0,30.0,6.474144917394928,143.0
0,1.0,1,1,0,0,0,0,0,1,0,0,0,1.0,2.0,2.0,1.0,14.0,11,14,0,4.86,4.71,4.71,4.86,4.86,4.93,4.71,1,0.42,1,34.0,34.0,1.3677999652126673,475.67
1,1.0,1,1,0,0,0,1,0,0,0,0,0,1.0,1.0,1.0,2.0,365.0,10,32,133,4.94,4.94,4.94,4.94,4.94,4.91,4.78,1,0.94,1,51.0,34.0,2.306780195330677,245.67
0,1.0,1,1,0,0,0,1,0,0,0,0,0,1.0,1.0,1.0,3.0,25.0,80,11,31,5.0,5.0,5.0,5.0,5.0,5.0,5.0,1,0.35,1,131.0,31.0,2.8280089796519823,223.33
0,1.0,1,1,0,0,0,0,1,0,0,0,0,1.0,1.0,1.0,3.0,15.0,174,6,39,3.67,4.0,3.67,4.67,4.17,4.83,3.67,1,0.42,1,128.0,82.0,1.2117373283126962,386.33
0,1.0,1,1,0,0,0,1,0,0,0,0,0,1.5,1.0,1.0,4.0,10.0,125,7,0,5.0,5.0,5.0,5.0,5.0,5.0,4.86,1,0.21,1,154.0,34.0,1.5417945346590165,345.25
0,1.0,1,1,0,0,0,1,0,0,0,0,0,1.5,1.0,1.0,2.0,30.0,14,13,23,5.0,5.0,5.0,5.0,5.0,4.92,4.77,1,0.38,1,138.0,138.0,2.68730742481231,451.0
0,1.0,1,1,0,0,0,1,0,0,0,0,0,1.0,1.0,1.0,6.0,9.0,269,6,0,4.67,4.83,4.67,5.0,4.83,4.67,4.5,1,0.18,1,165.0,50.0,3.7511916173360995,285.33
0,1.0,1,1,0,1,0,1,0,0,0,0,0,1.0,1.0,1.0,2.0,1125.0,335,56,140,4.29,4.39,4.05,4.48,4.41,4.57,3.91,1,1.84,1,149.0,146.0,3.223032109672425,122.11
0,1.0,1,1,0,0,0,1,0,0,0,0,0,1.0,1.0,1.0,1.0,30.0,231,14,23,4.57,4.43,4.71,4.93,4.64,4.71,4.07,1,0.42,1,129.0,33.0,0.49991348006664016,236.0
1,2.0,1,1,0,0,0,0,0,0,1,0,0,1.0,2.0,3.0,1.0,12.0,337,249,255,4.73,4.73,4.89,4.66,4.74,4.69,4.49,2,8.78,1,34.0,31.0,2.927649675061889,402.0
0,1.0,1,1,0,0,0,1,0,0,0,0,0,1.0,1.0,1.0,1.0,30.0,83,9,70,5.0,4.89,5.0,4.89,5.0,4.56,4.89,1,0.89,1,70.0,10.0,5.199591387630553,256.0
0,1.0,1,1,0,0,0,1,0,0,0,0,0,1.5,1.0,1.0,3.0,30.0,25,12,23,5.0,4.92,4.92,5.0,5.0,4.92,4.83,1,0.35,1,132.0,34.0,3.118103291352942,327.33
0,1.0,1,1,0,0,0,1,0,0,0,0,0,1.5,1.0,1.0,2.0,90.0,20,9,23,5.0,5.0,4.89,5.0,5.0,5.0,4.67,1,0.27,1,180.0,93.0,0.8047385311460764,476.0
0,1.0,1,1,0,0,0,1,0,0,0,0,0,1.5,1.0,1.0,2.0,365.0,8,3,0,5.0,4.67,4.33,5.0,4.67,4.67,4.67,1,0.09,1,119.0,49.0,2.028238592478121,244.5
0,1.0,1,1,0,0,0,1,0,0,0,0,0,1.0,1.0,1.0,3.0,30.0,53,5,0,5.0,5.0,4.8,5.0,5.0,4.8,5.0,1,0.19,1,139.0,139.0,3.8363563374928233,270.33
0,1.0,1,1,0,0,0,1,0,0,0,0,0,1.0,1.0,1.0,4.0,30.0,311,12,32,4.92,5.0,4.92,4.75,4.92,4.92,4.83,1,0.36,1,82.0,33.0,2.5993363267282477,254.5
0,1.0,1,1,0,0,0,0,0,1,0,0,0,1.5,2.0,3.0,1.0,30.0,47,16,55,4.94,5.0,4.94,5.0,5.0,4.88,4.81,1,0.61,1,152.0,26.0,1.557951839007182,456.47
0,1.0,1,1,0,0,0,1,0,0,0,0,0,1.0,1.0,1.0,3.0,30.0,139,3,0,5.0,4.33,4.67,5.0,5.0,4.67,4.0,1,0.09,1,143.0,95.0,2.9888910076843467,239.67
0,3.0,1,1,0,0,0,0,0,1,0,0,0,2.5,3.0,2.0,3.0,30.0,16,8,8,4.88,4.75,4.5,5.0,5.0,5.0,4.88,1,0.24,1,169.0,117.0,3.6453788277829635,477.67
0,1.0,1,1,0,0,0,0,0,0,0,0,0,1.0,1.0,1.0,5.0,6.0,218,10,30,5.0,5.0,4.9,5.0,5.0,5.0,4.9,1,0.33,1,94.0,31.0,2.573710278795344,204.4
1,1.0,1,1,0,1,0,1,0,0,0,0,0,1.0,1.0,1.0,2.0,365.0,328,139,255,4.95,4.94,4.91,4.89,4.98,4.88,4.82,1,4.12,1,170.0,101.0,2.1024110468992108,190.67
0,1.0,1,1,0,0,0,0,0,1,0,0,0,1.0,2.0,2.0,2.0,365.0,242,6,39,4.83,5.0,5.0,5.0,5.0,4.67,5.0,1,0.42,1,127.0,15.0,3.502137842624101,274.46
0,1.0,1,1,0,0,0,1,0,0,0,0,0,1.5,1.0,1.0,2.0,4.0,76,9,16,5.0,4.78,4.89,4.89,5.0,5.0,5.0,1,0.35,1,133.0,26.0,3.8810264106051617,217.0
0,1.0,1,1,0,0,0,1,0,0,0,0,0,1.5,1.0,1.0,2.0,6.0,177,5,16,5.0,5.0,5.0,5.0,5.0,5.0,4.6,1,0.15,1,87.0,34.0,1.9450566393940854,377.0
0,4.0,1,1,0,0,0,1,0,0,0,0,0,1.0,1.0,1.0,1.0,999.0,357,316,255,4.75,4.73,4.77,4.82,4.82,4.68,4.64,4,13.52,1,34.0,26.0,2.962229559791213,120.0
0,1.0,1,1,0,0,0,1,0,0,0,0,0,1.0,1.0,1.0,1.0,30.0,149,9,39,5.0,5.0,5.0,5.0,5.0,5.0,4.89,1,0.27,1,34.0,33.0,1.0604245394741576,620.33
1,1.0,1,1,0,0,0,1,0,0,0,0,0,1.0,1.0,1.0,3.0,7.0,12,44,172,4.98,4.95,4.91,4.98,5.0,4.98,4.84,1,1.28,1,34.0,34.0,1.3603945241791842,194.0
0,1.0,1,1,0,0,0,0,0,1,0,0,0,1.5,1.0,2.0,3.0,27.0,7,6,16,5.0,5.0,5.0,5.0,5.0,5.0,4.67,1,0.18,1,121.0,34.0,3.0205820039052953,323.0
0,1.0,1,1,0,0,0,1,0,0,0,0,0,1.0,1.0,1.0,3.0,30.0,21,4,8,5.0,4.75,4.75,5.0,5.0,5.0,4.25,1,0.16,1,163.0,163.0,3.5217477298150053,194.75
0,2.0,1,1,0,0,0,1,0,0,0,0,0,1.0,1.0,1.0,2.0,12.0,269,7,16,4.86,5.0,4.86,5.0,5.0,4.86,4.71,2,0.21,1,57.0,43.0,2.494283868155082,439.5
1,1.0,1,1,0,0,0,0,0,1,0,0,0,1.5,2.0,2.0,2.0,7.0,46,24,125,5.0,5.0,5.0,5.0,5.0,4.92,4.96,1,1.02,1,119.0,24.0,2.1169103510320517,510.0
0,1.0,1,1,0,1,0,1,0,0,0,0,0,1.0,1.0,1.0,2.0,1125.0,326,110,255,4.65,4.71,4.55,4.92,4.94,4.86,4.47,1,3.21,1,159.0,159.0,1.0003888988252,185.0
0,1.0,1,1,0,0,0,0,0,1,0,0,0,1.0,1.0,2.0,2.0,1125.0,181,11,23,5.0,5.0,4.82,5.0,4.91,4.82,4.64,1,0.33,1,96.0,33.0,3.5089287377488363,448.0
0,1.0,1,1,0,0,0,0,1,0,0,0,0,1.5,3.0,1.0,5.0,30.0,285,9,20,5.0,5.0,4.89,5.0,5.0,4.78,4.67,1,0.27,1,127.0,83.0,2.3699890214277484,371.0
1,3.0,1,1,0,0,0,1,0,0,0,0,0,1.0,1.0,1.0,3.0,28.0,169,101,255,4.91,4.95,4.86,4.85,4.93,4.48,4.76,3,3.08,1,107.0,32.0,7.159227667150798,112.0
0,1.0,1,1,0,0,0,0,0,1,0,0,0,1.0,2.0,4.0,2.0,365.0,71,21,55,4.95,5.0,4.95,5.0,5.0,4.76,4.52,1,0.64,1,145.0,122.0,2.324846749082263,472.0
0,1.0,1,1,0,0,0,0,0,1,0,0,0,2.0,3.0,4.0,3.0,26.0,22,2,16,5.0,5.0,5.0,5.0,5.0,4.0,4.5,1,0.36,1,172.0,164.0,4.031049937516509,300.2
0,1.0,1,1,0,0,0,1,0,0,0,0,0,1.0,1.0,2.0,4.0,30.0,7,1,0,5.0,5.0,5.0,5.0,5.0,5.0,5.0,1,0.04,1,157.0,33.0,1.9952582836051547,348.25
0,1.0,1,1,0,0,0,1,0,0,0,0,0,1.0,1.0,1.0,1.0,15.0,362,16,23,5.0,4.94,4.94,5.0,5.0,5.0,4.81,1,0.48,1,132.0,33.0,1.0567141722447102,622.0
0,1.0,1,1,0,0,0,1,0,0,0,0,0,1.0,1.0,1.0,2.0,30.0,253,9,8,5.0,5.0,5.0,5.0,5.0,5.0,5.0,1,0.27,1,63.0,33.0,2.3152153254211214,450.8
0,1.0,1,1,0,0,0,1,0,0,0,0,0,1.5,1.0,1.0,3.0,30.0,91,14,31,5.0,4.93,5.0,5.0,4.93,4.86,4.57,1,0.42,1,94.0,33.0,2.04677196053244,304.33
0,1.0,1,1,0,0,0,0,0,1,0,0,0,1.0,3.0,2.0,2.0,365.0,30,1,0,5.0,5.0,5.0,5.0,5.0,5.0,4.0,1,0.05,1,107.0,25.0,5.856123298152004,367.33
0,1.0,1,1,0,0,0,1,0,0,0,0,0,1.5,1.0,1.0,3.0,35.0,14,4,31,5.0,5.0,5.0,5.0,5.0,5.0,5.0,1,0.41,1,131.0,33.0,2.360603181984473,428.0
0,1.0,1,1,0,0,0,1,0,0,0,0,0,2.0,1.0,1.0,4.0,14.0,44,1,0,5.0,5.0,5.0,5.0,5.0,5.0,4.0,1,0.03,1,109.0,33.0,2.2316092690884544,298.25
0,1.0,1,1,0,0,0,1,0,0,0,0,0,1.0,1.0,1.0,6.0,30.0,356,11,24,5.0,4.91,5.0,5.0,5.0,5.0,4.73,1,0.33,1,94.0,33.0,1.5258130955924805,296.83
0,1.0,1,1,0,0,0,1,0,0,0,0,0,1.0,1.0,1.0,6.0,365.0,11,5,0,4.8,5.0,4.8,4.6,5.0,4.2,4.4,1,0.16,1,133.0,31.0,2.9677419205224673,202.5
0,1.0,1,1,0,0,0,1,0,0,0,0,0,1.0,1.0,1.0,2.0,9.0,3,12,31,4.75,4.75,4.67,4.67,4.92,4.67,4.33,1,0.37,1,33.0,33.0,1.9808764308449198,265.0
0,1.0,1,1,0,0,0,1,0,0,0,0,0,1.5,1.0,1.0,4.0,365.0,72,14,32,4.93,4.86,4.93,4.86,5.0,4.93,4.86,1,0.42,1,142.0,101.0,1.9483209204237206,309.75
0,4.0,1,1,0,0,0,0,0,1,0,0,0,1.0,1.0,2.0,1.0,999.0,308,37,125,4.86,4.89,4.78,4.84,4.81,4.81,4.65,4,1.43,1,34.0,26.0,3.051356340410084,182.0
0,4.0,1,1,0,0,0,0,0,1,0,0,0,1.0,1.0,1.0,1.0,999.0,310,30,117,4.77,4.83,4.87,4.97,4.83,4.8,4.77,4,1.17,1,34.0,26.0,3.087264738474104,274.0
0,4.0,1,1,0,0,0,1,0,0,0,0,0,1.0,1.0,1.0,1.0,999.0,239,61,255,4.79,4.74,4.64,4.77,4.82,4.64,4.64,4,2.45,1,34.0,26.0,2.9812584816401086,133.0
0,1.0,1,1,0,0,0,0,0,0,1,0,0,2.0,3.0,4.0,3.0,21.0,39,14,0,5.0,5.0,4.86,5.0,4.93,5.0,5.0,1,0.45,1,123.0,120.0,1.4068077013328728,567.0
0,2.0,1,1,0,1,0,0,0,0,0,0,0,1.5,1.0,1.0,2.0,365.0,339,21,125,4.76,4.62,4.71,4.81,4.86,4.81,4.43,2,0.63,1,147.0,82.0,2.4671612233896445,111.5
0,1.0,1,1,0,0,0,0,1,0,0,0,0,1.0,2.0,2.0,1.0,365.0,183,0,0,-1.0,-1.0,-1.0,-1.0,-1.0,-1.0,-1.0,1,0.0,0,87.0,59.0,6.572145656059651,143.0
0,1.0,1,1,0,0,0,1,0,0,0,0,0,1.0,1.0,1.0,4.0,30.0,42,9,8,5.0,5.0,5.0,5.0,5.0,5.0,4.89,1,0.27,1,130.0,33.0,1.8621755698929638,353.8
0,1.0,1,1,0,0,0,1,0,0,0,0,0,1.0,2.0,1.0,2.0,365.0,14,14,78,4.93,4.93,4.86,4.86,5.0,4.86,4.93,1,0.67,1,147.0,104.0,2.631042110933511,257.0
0,1.0,1,1,0,0,0,1,0,0,0,0,0,1.0,1.0,1.0,2.0,365.0,3,13,16,5.0,4.85,4.92,5.0,5.0,4.92,4.85,1,0.39,1,106.0,33.0,1.5027361360804197,359.5
0,1.0,1,1,0,0,0,1,0,0,0,0,0,1.5,1.0,1.0,1.0,14.0,18,6,8,5.0,5.0,5.0,5.0,5.0,5.0,5.0,1,0.18,1,124.0,101.0,2.295809178015574,257.0
0,1.0,1,1,0,0,0,1,0,0,0,0,0,1.5,2.0,1.0,2.0,8.0,72,16,0,4.94,4.94,4.94,5.0,5.0,5.0,4.75,1,0.48,1,145.0,33.0,2.010610291982032,342.5
0,1167.0,1,1,0,1,0,1,0,0,0,0,0,1.0,1.0,1.0,1.0,999.0,353,30,117,3.93,4.07,3.97,4.17,3.97,4.23,3.9,6,1.11,1,58.0,49.0,1.3080806359328152,132.0
0,1.0,1,1,0,0,0,1,0,0,0,0,0,1.0,1.0,1.0,1.0,1125.0,8,5,0,5.0,5.0,5.0,5.0,5.0,5.0,5.0,1,0.15,1,107.0,107.0,1.8931305631357305,217.0
0,1.0,1,1,0,0,0,0,0,1,0,0,0,2.0,2.0,2.0,1.0,1125.0,91,29,86,4.86,4.69,4.76,4.93,5.0,4.86,4.62,1,0.87,1,116.0,33.0,1.6931797280917544,714.0
0,1.0,1,1,0,0,0,0,0,1,0,0,0,2.0,3.0,3.0,3.0,7.0,30,3,0,4.67,4.67,4.67,4.67,4.67,5.0,4.67,1,0.14,1,146.0,22.0,3.7472891997670996,344.67
1,1.0,1,1,0,0,0,0,1,0,0,0,0,1.0,1.0,2.0,2.0,365.0,22,71,255,5.0,4.92,4.99,5.0,4.97,4.94,4.85,1,2.15,1,136.0,136.0,4.016112139049596,222.67
0,1.0,1,1,0,0,0,1,0,0,0,0,0,1.0,1.0,1.0,3.0,30.0,363,2,0,5.0,5.0,5.0,5.0,5.0,5.0,5.0,1,0.06,1,157.0,46.0,2.430360216058603,361.67
0,1.0,1,1,0,0,0,0,0,1,0,0,0,1.0,2.0,2.0,3.0,1125.0,7,9,0,4.78,4.89,4.44,5.0,5.0,4.67,4.56,1,0.27,1,121.0,33.0,2.5365872498460718,329.67
0,1.0,1,1,0,0,0,0,1,0,0,0,0,1.0,1.0,1.0,2.0,1125.0,145,17,16,4.88,4.94,4.94,4.88,5.0,4.88,4.76,1,0.53,1,33.0,33.0,2.738938612168979,271.5
1,1.0,1,1,0,0,0,0,1,0,0,0,0,1.0,2.0,2.0,1.0,3.0,10,30,78,4.87,4.9,4.7,5.0,4.97,4.83,4.7,1,0.91,1,146.0,98.0,2.8139312344763563,285.5
0,1.0,1,1,0,0,0,1,0,0,0,0,0,1.5,1.0,1.0,2.0,5.0,32,5,8,4.8,5.0,4.6,5.0,5.0,5.0,4.6,1,0.15,1,126.0,59.0,1.33686101339585,239.75
0,1.0,1,1,0,0,0,1,0,0,0,0,0,1.0,1.0,1.0,3.0,10.0,48,21,70,4.9,5.0,4.9,4.95,5.0,4.81,4.76,1,0.65,1,156.0,112.0,3.2925907030329533,257.0
0,1.0,1,1,0,0,0,1,0,0,0,0,0,1.0,1.0,1.0,2.0,30.0,3,18,55,5.0,5.0,4.89,5.0,5.0,5.0,4.89,1,0.6,1,110.0,30.0,2.0898474061199805,189.5
0,1.0,1,1,0,0,0,0,0,1,0,0,0,1.0,1.0,2.0,1.0,365.0,84,31,94,4.55,4.71,4.1,4.84,4.84,4.81,4.52,1,0.95,1,43.0,33.0,1.3452193613704104,457.0
0,1.0,1,1,0,0,0,0,0,1,0,0,0,1.5,2.0,2.0,4.0,30.0,218,12,48,5.0,4.92,4.92,5.0,5.0,4.83,4.67,1,0.46,1,139.0,33.0,2.46353217801599,528.0
0,2.0,1,1,0,0,0,0,1,0,0,0,0,1.0,2.0,2.0,3.0,3.0,266,11,23,5.0,5.0,4.91,4.91,5.0,5.0,4.82,1,0.42,1,177.0,177.0,0.8303104454314552,589.67
0,1.0,1,1,0,0,0,0,0,1,0,0,0,1.0,2.0,2.0,2.0,20.0,233,12,23,5.0,5.0,4.75,5.0,5.0,5.0,4.58,1,0.53,1,48.0,24.0,0.7189924366592273,742.0
0,1.0,1,1,0,0,0,1,0,0,0,0,0,1.5,1.0,1.0,2.0,365.0,54,11,8,4.82,4.73,4.64,4.91,4.91,4.91,4.45,1,0.36,1,97.0,60.0,1.341729968021661,479.33
0,1.0,0,1,0,0,0,0,0,0,0,1,0,1.5,4.0,6.0,5.0,14.0,29,5,0,4.6,5.0,4.6,4.8,4.8,4.2,4.4,1,0.16,1,46.0,33.0,3.684827175051533,414.4
0,1.0,1,1,0,0,0,1,0,0,0,0,0,1.0,2.0,2.0,4.0,21.0,64,2,0,5.0,5.0,5.0,5.0,5.0,4.5,4.0,1,0.1,1,128.0,33.0,2.598839391245381,257.0
0,1.0,1,1,0,0,0,1,0,0,0,0,0,1.0,1.0,1.0,3.0,365.0,156,9,16,4.89,4.89,5.0,4.89,4.89,4.89,4.78,1,0.36,1,123.0,25.0,3.579354748891103,228.33
0,2.0,1,1,0,0,0,1,0,0,0,0,0,1.0,1.0,1.0,7.0,365.0,269,2,0,5.0,5.0,5.0,5.0,5.0,5.0,5.0,1,0.06,1,93.0,78.0,2.2379716004487147,262.57
1,1.0,1,1,0,0,0,0,0,1,0,0,0,1.0,2.0,2.0,2.0,1125.0,135,55,164,4.89,4.93,4.85,4.89,4.89,4.93,4.67,1,1.65,1,101.0,33.0,2.1375842772843408,382.43
0,1.0,1,1,0,0,0,1,0,0,0,0,0,1.0,1.0,1.0,2.0,365.0,155,8,0,4.88,5.0,4.88,5.0,5.0,4.88,4.63,1,0.24,1,90.0,32.0,1.726671192020277,275.5
0,4.0,1,1,0,1,0,0,0,0,0,0,0,1.0,1.0,1.0,2.0,365.0,155,70,211,4.41,4.56,4.27,4.53,4.47,4.67,4.14,4,2.11,1,107.0,107.0,2.592798075460058,57.06
0,2.0,1,1,0,0,0,0,1,0,0,0,0,1.0,1.0,1.0,1.0,365.0,320,15,31,4.93,4.73,4.67,5.0,4.87,4.93,4.8,1,0.46,1,178.0,178.0,1.7473928231937839,500.5
0,1.0,1,1,0,0,0,1,0,0,0,0,0,1.5,1.0,1.0,5.0,31.0,358,2,0,5.0,5.0,5.0,5.0,5.0,5.0,5.0,1,0.06,1,131.0,85.0,1.973297069625859,327.6
0,1.0,1,1,0,0,0,1,0,0,0,0,0,1.0,1.0,1.0,2.0,365.0,166,3,8,5.0,5.0,5.0,5.0,5.0,5.0,5.0,1,0.12,1,148.0,148.0,1.6670511766800415,388.0
0,1.0,1,1,0,0,0,1,0,0,0,0,0,1.0,1.0,1.0,3.0,6.0,21,6,23,5.0,5.0,5.0,4.83,5.0,5.0,5.0,1,0.18,1,69.0,33.0,1.6717067035486912,342.67
0,1.0,1,1,0,0,0,0,0,1,0,0,0,1.0,2.0,2.0,4.0,30.0,338,2,0,5.0,5.0,4.5,5.0,5.0,5.0,5.0,1,0.07,1,151.0,32.0,2.079442331743494,684.75
0,1.0,1,1,0,0,0,1,0,0,0,0,0,1.0,1.0,1.0,2.0,365.0,22,9,23,4.89,5.0,4.89,4.78,5.0,4.89,4.67,1,0.28,1,72.0,33.0,1.535800814472375,288.75
0,1.0,1,1,0,0,0,0,1,0,0,0,0,1.0,1.0,1.0,2.0,700.0,36,17,55,4.88,4.94,4.76,4.88,5.0,4.94,4.82,1,0.51,1,45.0,33.0,1.6270392278812866,304.33
0,1.0,1,1,0,0,0,0,0,1,0,0,0,1.0,2.0,2.0,3.0,4.0,75,8,16,4.88,5.0,4.88,4.88,5.0,4.88,4.75,1,0.24,1,167.0,148.0,2.0459486878968347,426.33
0,4.0,1,1,0,0,0,0,0,1,0,0,0,2.0,4.0,4.0,4.0,365.0,27,5,24,5.0,5.0,4.8,5.0,5.0,5.0,5.0,1,0.19,1,147.0,126.0,3.121997899096174,675.0
0,1.0,1,1,0,0,0,0,0,1,0,0,0,1.5,3.0,1.0,5.0,23.0,28,4,20,5.0,5.0,5.0,5.0,5.0,5.0,4.5,1,0.13,1,159.0,33.0,2.624817260941306,358.4
0,1.0,1,1,0,0,0,0,1,0,0,0,0,1.0,2.0,2.0,4.0,7.0,37,3,8,5.0,5.0,4.67,5.0,5.0,5.0,4.67,1,0.09,1,159.0,109.0,3.5392462979821406,253.0
1,1.0,1,1,0,0,0,1,0,0,0,0,0,1.5,1.0,1.0,1.0,92.0,92,16,39,4.88,4.88,5.0,4.94,5.0,4.94,4.81,1,0.49,1,129.0,126.0,1.819075205658484,235.37
0,1.0,1,1,0,0,0,0,0,0,0,1,0,2.0,3.0,3.0,5.0,365.0,171,9,20,5.0,4.89,4.89,4.89,4.89,4.89,4.78,1,0.27,1,117.0,35.0,2.201403159564267,598.4
0,1.0,1,1,0,1,0,1,0,0,0,0,0,1.0,1.0,1.0,2.0,15.0,149,41,70,4.9,4.98,4.83,4.85,4.83,4.76,4.59,1,1.24,1,106.0,32.0,7.568883319449469,134.0
0,1.0,1,1,0,0,0,1,0,0,0,0,0,1.0,1.0,1.0,2.0,30.0,4,16,31,4.88,4.94,4.88,4.94,4.88,5.0,4.69,1,0.5,1,165.0,32.0,1.3230259655660637,488.0
1,1.0,1,1,0,1,0,0,0,1,0,0,0,1.0,2.0,3.0,3.0,365.0,152,119,255,4.89,4.85,4.87,4.96,4.94,4.91,4.7,1,3.67,1,36.0,36.0,1.287931145601722,311.92
0,1.0,1,1,0,0,0,0,0,0,0,1,0,2.0,3.0,3.0,6.0,30.0,54,6,12,4.67,4.67,4.67,5.0,5.0,4.67,4.5,1,0.2,1,155.0,31.0,7.602888266355407,353.83
0,1.0,1,1,0,0,0,1,0,0,0,0,0,1.0,1.0,1.0,2.0,10.0,12,6,0,5.0,5.0,5.0,5.0,5.0,5.0,5.0,1,0.19,1,107.0,32.0,2.777916687963621,305.5
0,2.0,1,1,0,0,0,1,0,0,0,0,0,1.5,1.0,1.0,2.0,1125.0,7,10,39,4.9,5.0,5.0,4.7,5.0,5.0,5.0,1,0.44,1,54.0,32.0,2.066078068944715,273.5
1,1.0,1,1,0,0,0,0,0,1,0,0,0,1.0,2.0,2.0,2.0,5.0,325,27,101,4.74,4.78,4.78,5.0,5.0,4.78,4.56,1,0.84,1,84.0,32.0,3.9324821017554523,185.5
1,1.0,1,1,0,0,0,0,0,1,0,0,0,2.0,3.0,4.0,2.0,30.0,11,31,62,4.97,5.0,4.97,4.94,5.0,4.94,4.68,1,0.96,1,129.0,127.0,4.392883527061563,359.5
0,1.0,1,1,0,0,0,1,0,0,0,0,0,1.0,1.0,1.0,5.0,15.0,147,14,50,5.0,4.93,4.93,5.0,4.93,5.0,4.79,1,0.47,1,156.0,130.0,1.75948062470292,397.13
0,1.0,1,1,0,0,0,0,0,1,0,0,0,1.0,2.0,2.0,1.0,365.0,5,16,55,5.0,4.94,4.94,4.63,4.81,4.88,4.88,1,0.65,1,178.0,177.0,1.6972108034002464,393.75
0,4.0,1,1,0,0,0,0,0,1,0,0,0,2.0,2.0,2.0,2.0,1125.0,325,13,39,4.85,4.77,4.77,4.92,4.92,4.92,4.54,1,0.42,1,139.0,101.0,2.5389279014914097,456.5
0,1.0,1,1,0,0,0,1,0,0,0,0,0,1.0,1.0,1.0,7.0,365.0,364,5,14,5.0,5.0,5.0,5.0,5.0,5.0,5.0,1,0.16,1,142.0,32.0,2.820250495353912,331.0
0,1.0,1,1,0,0,0,0,0,1,0,0,0,1.5,2.0,2.0,5.0,1125.0,177,7,10,5.0,4.86,4.86,5.0,5.0,5.0,4.71,1,0.22,1,129.0,32.0,2.3927858077026594,385.29
0,1.0,1,1,0,0,0,1,0,0,0,0,0,1.0,1.0,1.0,3.0,30.0,354,3,0,5.0,5.0,5.0,5.0,5.0,5.0,5.0,1,0.09,1,124.0,32.0,2.5150480916100606,394.0
0,1.0,1,1,0,0,0,1,0,0,0,0,0,1.0,1.0,2.0,3.0,365.0,19,6,16,5.0,5.0,5.0,5.0,5.0,4.83,5.0,1,0.19,1,142.0,32.0,2.6782990866628125,251.33
0,2.0,1,1,0,0,0,1,0,0,0,0,0,1.0,1.0,1.0,3.0,7.0,73,5,0,5.0,5.0,5.0,4.8,5.0,5.0,5.0,2,0.16,1,113.0,81.0,0.5268139441423196,449.0
0,1.0,1,1,0,0,0,1,0,0,0,0,0,1.0,1.0,1.0,2.0,30.0,73,10,47,4.9,4.9,5.0,4.6,5.0,4.3,4.5,1,0.31,1,32.0,32.0,3.115994902278697,385.0
1,3.0,1,1,0,0,0,0,0,1,0,0,0,1.0,2.0,3.0,3.0,28.0,157,78,234,4.94,4.9,4.83,4.85,4.94,4.41,4.69,3,2.4,1,107.0,32.0,7.159227667150798,164.0
1,5.0,1,1,0,0,0,1,0,0,0,0,0,2.5,2.0,1.0,4.0,365.0,146,34,104,4.97,4.94,5.0,4.97,5.0,5.0,4.76,2,1.04,1,158.0,136.0,1.1822304686829521,627.65
0,1.0,1,1,0,0,0,1,0,0,0,0,0,1.0,1.0,1.0,4.0,8.0,11,15,24,4.93,4.8,4.93,5.0,4.93,5.0,4.73,1,0.49,1,83.0,32.0,2.2870878048873733,285.5
0,1.0,1,1,0,0,0,0,0,1,0,0,0,1.5,2.0,2.0,4.0,30.0,15,10,40,4.9,4.8,4.9,5.0,5.0,5.0,4.8,1,0.5,1,68.0,21.0,1.6596569244043753,363.75
0,1.0,1,1,0,0,0,0,0,1,0,0,0,1.5,2.0,3.0,2.0,15.0,26,15,39,5.0,5.0,5.0,4.73,5.0,4.67,4.73,1,0.5,1,32.0,31.0,4.457725782575734,257.0
0,1.0,1,1,0,0,0,0,0,1,0,0,0,1.0,2.0,3.0,2.0,1125.0,37,20,23,4.85,4.8,4.7,4.8,5.0,4.8,4.65,1,0.61,1,70.0,34.0,2.305113472246705,434.0
0,1.0,1,1,0,0,0,0,1,0,0,0,0,1.0,2.0,2.0,4.0,365.0,20,15,24,4.93,5.0,5.0,5.0,4.93,4.8,4.8,1,0.5,1,155.0,103.0,2.4086903607948504,314.0
0,1.0,1,1,0,0,0,0,0,1,0,0,0,1.0,1.0,2.0,2.0,365.0,131,0,0,-1.0,-1.0,-1.0,-1.0,-1.0,-1.0,-1.0,1,0.0,0,120.0,5.0,1.6752281781162235,242.0
1,1.0,1,1,0,0,0,0,0,0,1,0,0,1.0,3.0,5.0,1.0,14.0,158,17,23,4.76,4.82,4.65,4.94,5.0,4.76,4.47,1,0.54,1,166.0,164.0,1.7186700444078156,719.0
0,1.0,1,1,0,0,0,1,0,0,0,0,0,1.0,1.0,1.0,3.0,365.0,169,6,47,4.83,4.83,4.5,5.0,5.0,5.0,4.5,1,2.81,1,123.0,85.0,2.864503884282263,775.2
0,1.0,1,1,0,0,0,1,0,0,0,0,0,1.0,1.0,1.0,1.0,365.0,132,24,78,4.88,4.83,4.83,4.79,4.92,4.92,4.5,1,0.78,1,48.0,32.0,1.1604739052914002,286.0
0,1.0,1,1,0,0,0,0,0,1,0,0,0,1.0,1.0,2.0,1.0,30.0,79,36,47,4.83,4.86,4.67,4.94,5.0,4.78,4.44,1,1.14,1,140.0,31.0,2.566995496578406,314.0
0,1.0,1,1,0,0,0,0,0,1,0,0,0,2.5,3.0,3.0,5.0,12.0,215,10,60,5.0,5.0,5.0,5.0,5.0,5.0,4.9,1,0.4,1,156.0,156.0,2.81565973791937,499.27
0,1.0,1,1,0,0,0,1,0,0,0,0,0,1.0,1.0,1.0,2.0,365.0,268,1,0,5.0,5.0,5.0,5.0,5.0,5.0,5.0,1,0.03,1,101.0,31.0,2.584735937643074,371.0
0,1.0,1,1,0,0,0,1,0,0,0,0,0,1.0,1.0,1.0,5.0,23.0,364,5,0,5.0,5.0,5.0,5.0,5.0,5.0,4.8,1,0.15,1,47.0,32.0,1.8997460581841779,315.0
0,1.0,1,1,0,0,0,0,0,1,0,0,0,1.0,2.0,2.0,1.0,250.0,272,38,133,4.87,4.79,4.61,4.95,4.97,5.0,4.47,1,1.18,1,127.0,32.0,1.1107418627404562,651.0
0,1.0,1,1,0,0,0,0,0,1,0,0,0,1.0,3.0,3.0,2.0,30.0,70,3,23,5.0,4.67,4.33,4.67,4.67,5.0,5.0,1,1.14,1,45.0,4.0,3.07048644368017,515.0
0,2.0,1,1,0,1,0,1,0,0,0,0,0,1.0,1.0,1.0,2.0,365.0,323,0,0,-1.0,-1.0,-1.0,-1.0,-1.0,-1.0,-1.0,2,0.0,0,171.0,171.0,6.78253994455509,187.5
0,1.0,1,1,0,0,0,1,0,0,0,0,0,1.0,1.0,2.0,1.0,5.0,155,6,47,4.83,4.83,4.67,5.0,5.0,5.0,4.83,1,0.59,1,149.0,126.0,1.7235782680006588,271.98
0,1.0,1,1,0,0,0,0,1,0,0,0,0,1.0,1.0,2.0,1.0,365.0,237,13,8,5.0,5.0,4.92,5.0,5.0,4.77,4.77,1,0.42,1,124.0,103.0,2.887777167277199,388.0
0,1.0,1,1,0,0,0,0,0,1,0,0,0,1.5,2.0,2.0,2.0,30.0,95,14,31,5.0,4.93,5.0,5.0,5.0,4.93,4.93,1,0.45,1,122.0,31.0,3.5784164452499856,405.5
0,2.0,1,1,0,1,0,1,0,0,0,0,0,1.0,1.0,1.0,2.0,365.0,303,2,8,5.0,5.0,5.0,5.0,5.0,4.5,4.5,2,0.08,1,171.0,171.0,7.037999497848425,146.0
0,1.0,1,1,0,0,0,1,0,0,0,0,0,1.0,2.0,2.0,3.0,365.0,72,2,0,5.0,5.0,5.0,5.0,5.0,5.0,5.0,1,0.06,1,61.0,44.0,2.3383928744117606,371.0
0,1.0,1,1,0,0,0,1,0,0,0,0,0,1.0,1.0,1.0,2.0,30.0,99,9,31,5.0,5.0,5.0,5.0,5.0,4.89,4.89,1,0.35,1,126.0,32.0,2.725661330244122,276.75
0,1.0,1,1,0,0,0,1,0,0,0,0,0,1.0,1.0,1.0,3.0,30.0,248,18,31,5.0,5.0,4.83,4.94,5.0,5.0,4.72,1,0.6,1,75.0,31.0,1.613993684059665,327.17
0,1.0,0,1,0,0,0,1,0,0,0,0,0,1.0,1.0,1.0,2.0,15.0,17,18,47,4.89,4.83,4.89,4.94,5.0,4.67,4.5,1,0.56,1,32.0,32.0,2.4822961748362364,200.0
0,4.0,1,1,0,0,0,0,0,1,0,0,0,2.5,2.0,2.0,1.0,365.0,84,0,0,-1.0,-1.0,-1.0,-1.0,-1.0,-1.0,-1.0,1,0.0,0,138.0,131.0,8.771931530108597,337.0
0,1.0,1,1,0,0,0,0,0,1,0,0,0,2.0,4.0,4.0,2.0,30.0,125,1,0,5.0,5.0,5.0,5.0,5.0,5.0,5.0,1,0.05,1,152.0,32.0,2.9397754647780863,685.0
0,1.0,1,1,0,0,0,1,0,0,0,0,0,1.5,1.0,2.0,2.0,365.0,12,10,31,5.0,5.0,4.8,4.8,5.0,4.8,4.8,1,0.41,1,128.0,32.0,2.4743574176327168,242.5
0,1.0,1,1,0,1,0,0,0,1,0,0,0,1.0,1.0,2.0,1.0,365.0,269,10,0,4.1,4.1,4.1,4.1,4.5,4.4,3.8,1,0.33,1,78.0,30.0,0.993322639304868,303.0
0,1.0,1,1,0,0,0,1,0,0,0,0,0,1.0,1.0,1.0,4.0,30.0,264,1,0,4.0,3.0,5.0,5.0,5.0,5.0,4.0,1,0.03,1,126.0,114.0,2.06553866242814,239.75
0,1.0,1,1,0,0,0,1,0,0,0,0,0,1.0,1.0,1.0,3.0,30.0,31,15,23,4.47,4.6,3.8,4.8,4.8,5.0,4.2,1,0.47,1,75.0,32.0,0.6075975308091909,228.33
0,1.0,1,1,0,0,0,1,0,0,0,0,0,1.0,1.0,1.0,3.0,20.0,77,3,23,5.0,5.0,4.67,5.0,5.0,5.0,4.67,1,0.28,1,170.0,84.0,2.5815854932444826,251.2
0,2.0,1,1,0,0,0,0,0,1,0,0,0,1.0,2.0,2.0,2.0,30.0,37,3,8,5.0,5.0,4.0,5.0,5.0,5.0,4.33,1,0.15,1,108.0,31.0,2.239751871145172,308.33
0,4.0,1,1,0,0,0,0,0,1,0,0,0,1.0,2.0,2.0,2.0,1125.0,281,127,255,4.72,4.69,4.82,4.87,4.82,4.52,4.56,4,4.02,1,32.0,32.0,8.80184206971606,205.41
0,1.0,1,1,0,0,0,1,0,0,0,0,0,1.0,1.0,1.0,1.0,365.0,255,0,0,-1.0,-1.0,-1.0,-1.0,-1.0,-1.0,-1.0,1,0.0,0,152.0,83.0,1.0416581201966122,229.0
0,1.0,1,1,0,0,0,0,0,1,0,0,0,1.5,2.0,2.0,3.0,21.0,16,13,16,5.0,5.0,5.0,5.0,5.0,4.92,4.62,1,0.41,1,124.0,62.0,2.239927494294608,356.75
0,1.0,1,1,0,0,0,0,1,0,0,0,0,1.5,2.0,2.0,3.0,365.0,357,7,0,4.86,5.0,4.71,5.0,5.0,4.86,4.86,1,0.22,1,118.0,32.0,1.4502530601687815,364.33
0,1.0,1,1,0,0,0,0,0,1,0,0,0,1.0,2.0,2.0,1.0,30.0,60,6,0,5.0,4.83,4.67,4.83,5.0,5.0,4.83,1,0.22,1,147.0,32.0,1.9935569950256946,366.75
0,1.0,1,1,0,0,0,1,0,0,0,0,0,1.0,1.0,1.0,3.0,14.0,89,7,0,4.71,4.86,4.71,5.0,5.0,5.0,4.43,1,0.23,1,126.0,32.0,1.0060398428915058,316.0
0,1.0,1,1,0,0,0,1,0,0,0,0,0,1.0,1.0,1.0,1.0,365.0,16,5,23,5.0,4.8,5.0,4.8,5.0,4.6,4.6,1,0.39,1,99.0,25.0,3.158489653518192,257.0
0,1.0,1,1,0,0,0,0,0,1,0,0,0,1.0,3.0,2.0,7.0,10.0,80,3,0,5.0,5.0,4.67,5.0,5.0,5.0,4.67,1,0.09,1,109.0,31.0,4.593308263633802,218.0
0,1.0,1,1,0,0,0,1,0,0,0,0,0,1.0,1.0,1.0,2.0,365.0,76,3,23,5.0,5.0,5.0,5.0,5.0,4.67,5.0,1,1.53,1,137.0,7.0,2.631822040194085,234.0
0,2.0,1,1,0,0,0,1,0,0,0,0,0,1.0,1.0,1.0,2.0,30.0,174,1,0,5.0,5.0,5.0,5.0,5.0,5.0,4.0,1,0.05,1,124.0,31.0,1.158504656955801,314.0
0,1.0,1,1,0,0,0,0,0,1,0,0,0,1.0,2.0,2.0,5.0,28.0,42,12,0,4.75,4.5,4.42,5.0,5.0,4.5,4.42,1,0.38,1,143.0,31.0,4.3465061770589974,225.0
0,1.0,1,1,0,0,0,1,0,0,0,0,0,1.0,1.0,1.0,2.0,365.0,6,8,31,4.88,5.0,4.88,4.88,5.0,4.88,4.63,1,0.28,1,117.0,31.0,2.480721081015316,206.67
0,1.0,1,1,0,0,0,0,0,1,0,0,0,1.0,2.0,1.0,2.0,14.0,269,3,8,3.0,3.0,3.0,3.67,4.0,4.33,3.0,1,0.1,1,94.0,31.0,1.231227829736771,447.0
0,1.0,1,1,0,0,0,0,0,1,0,0,0,1.0,2.0,1.0,1.0,8.0,8,7,47,5.0,5.0,5.0,5.0,5.0,4.57,4.86,1,0.57,1,159.0,14.0,2.3560339179895777,400.0
0,1.0,1,1,0,0,0,1,0,0,0,0,0,1.0,1.0,1.0,5.0,365.0,6,3,30,5.0,5.0,5.0,5.0,5.0,5.0,4.33,1,2.65,1,161.0,55.0,1.5643476344560074,319.6
0,1.0,1,1,0,0,0,1,0,0,0,0,0,1.0,1.0,1.0,4.0,30.0,15,12,32,4.83,4.75,4.75,4.83,4.83,4.92,4.5,1,0.4,1,97.0,31.0,1.470772189470012,311.0
0,1.0,1,1,0,0,0,0,0,1,0,0,0,1.0,2.0,2.0,4.0,14.0,46,5,0,4.4,4.8,3.6,4.8,4.8,4.4,4.2,1,0.17,1,95.0,31.0,1.9441976868846411,336.75
0,1.0,1,1,0,0,0,1,0,0,0,0,0,1.0,1.0,1.0,3.0,365.0,259,4,0,5.0,5.0,4.5,5.0,5.0,5.0,4.75,1,0.13,1,119.0,31.0,1.5457933240958344,413.0
1,1.0,1,1,0,1,0,1,0,0,0,0,0,1.0,1.0,1.0,2.0,14.0,25,54,101,5.0,4.98,4.96,5.0,4.98,5.0,4.89,1,1.97,1,105.0,27.0,1.1804461541482176,236.0
0,1.0,1,1,0,0,0,1,0,0,0,0,0,1.0,1.0,1.0,4.0,20.0,156,14,24,4.93,5.0,4.93,5.0,5.0,5.0,4.79,1,0.44,1,105.0,31.0,1.317686429014513,528.0
1,2.0,1,1,0,1,0,1,0,0,0,0,0,1.0,1.0,2.0,1.0,365.0,332,63,195,4.94,4.89,4.95,4.95,4.97,4.81,4.78,2,2.22,1,99.0,29.0,2.962575667158846,177.0
0,1.0,1,1,0,0,0,1,0,0,0,0,0,1.0,2.0,1.0,1.0,365.0,34,8,8,5.0,5.0,5.0,5.0,5.0,4.88,4.88,1,0.31,1,123.0,75.0,2.417937158706617,231.5
0,1.0,1,1,0,0,0,0,0,1,0,0,0,1.0,2.0,2.0,3.0,31.0,364,9,16,4.78,4.67,5.0,4.89,5.0,5.0,4.89,1,0.3,1,118.0,31.0,4.049272394448658,483.33
0,3.0,1,1,0,1,0,1,0,0,0,0,0,1.0,1.0,1.0,2.0,7.0,45,94,226,4.4,4.47,4.52,4.77,4.62,4.27,4.29,3,3.07,1,33.0,33.0,7.744117347036701,98.71
0,1.0,1,1,0,0,0,0,1,0,0,0,0,1.0,1.0,1.0,1.0,365.0,79,9,47,4.89,4.89,4.89,4.89,5.0,5.0,4.78,1,0.34,1,118.0,30.0,1.9806745463462145,327.0
0,1.0,1,1,0,0,0,1,0,0,0,0,0,1.0,1.0,1.0,4.0,30.0,7,9,48,5.0,5.0,5.0,5.0,5.0,5.0,5.0,1,0.51,1,154.0,19.0,1.8734687655498528,231.25
0,1.0,1,1,0,0,0,0,0,1,0,0,0,1.0,2.0,2.0,4.0,365.0,72,7,40,4.86,5.0,4.43,5.0,4.86,5.0,4.43,1,0.27,1,159.0,128.0,3.6557093636114417,334.0
0,1.0,1,1,0,0,0,1,0,0,0,0,0,1.0,1.0,1.0,2.0,30.0,60,7,31,4.86,5.0,5.0,5.0,4.86,5.0,4.86,1,0.28,1,136.0,97.0,2.1096384765738088,314.0
0,1.0,1,1,0,0,0,0,0,1,0,0,0,1.0,2.0,2.0,4.0,30.0,279,13,24,4.77,4.69,4.62,4.92,4.92,4.92,4.31,1,0.45,1,40.0,31.0,2.4415805139128763,369.75
0,1.0,1,1,0,0,0,0,0,1,0,0,0,1.5,2.0,2.0,2.0,30.0,10,6,16,5.0,5.0,4.67,4.83,5.0,4.67,4.67,1,0.2,1,128.0,69.0,2.664768339232626,331.0
0,3.0,1,1,0,0,0,1,0,0,0,0,0,1.0,1.0,2.0,1.0,365.0,179,6,16,4.83,5.0,5.0,4.67,4.83,4.5,4.5,2,0.23,1,142.0,31.0,3.580923557716917,240.0
0,1.0,1,1,0,0,0,0,0,1,0,0,0,1.5,2.0,2.0,3.0,365.0,53,17,39,4.82,4.88,4.71,4.94,4.94,5.0,4.65,1,0.55,1,78.0,30.0,1.404661512424193,386.33
0,1.0,1,1,0,0,0,0,0,1,0,0,0,1.0,2.0,2.0,3.0,12.0,69,2,8,5.0,5.0,5.0,5.0,5.0,5.0,5.0,1,0.08,1,130.0,30.0,0.9153969239673335,559.33
0,4.0,1,1,0,1,0,1,0,0,0,0,0,1.0,1.0,1.0,3.0,365.0,352,65,133,4.32,4.54,4.32,4.42,4.48,4.51,4.0,4,2.05,1,91.0,91.0,2.591339243176892,57.06
0,1.0,1,1,0,0,0,0,0,1,0,0,0,1.0,2.0,2.0,2.0,365.0,105,19,8,4.89,4.89,4.79,5.0,5.0,4.58,4.74,1,0.76,1,138.0,129.0,5.024468381307465,285.5
1,13.0,1,1,0,0,0,0,0,1,0,0,0,1.0,1.0,2.0,2.0,999.0,138,4,8,5.0,5.0,5.0,5.0,5.0,5.0,4.75,13,0.19,1,59.0,59.0,7.7817084127008425,334.5
0,1.0,1,1,0,0,0,1,0,0,0,0,0,1.0,1.0,1.0,2.0,365.0,66,7,31,5.0,5.0,4.86,4.86,5.0,4.86,4.86,1,0.29,1,151.0,131.0,4.719292947887379,174.5
0,1.0,1,1,0,0,0,1,0,0,0,0,0,1.0,1.0,1.0,4.0,365.0,172,8,32,4.75,5.0,5.0,5.0,4.88,4.75,4.63,1,0.35,1,122.0,26.0,2.1382294228087333,305.5
0,1.0,1,1,0,0,0,1,0,0,0,0,0,1.0,1.0,1.0,2.0,30.0,116,8,0,4.75,4.75,4.75,5.0,4.75,4.88,4.5,1,0.3,1,141.0,31.0,4.799216833547218,175.0
0,1.0,1,1,0,0,0,1,0,0,0,0,0,1.0,1.0,1.0,1.0,40.0,245,17,62,4.88,4.88,4.88,4.88,5.0,4.94,4.59,1,0.61,1,156.0,31.0,1.5423849751267122,206.67
0,1.0,1,1,0,0,0,1,0,0,0,0,0,1.0,1.0,2.0,3.0,30.0,44,14,47,4.71,4.86,4.57,4.5,4.71,5.0,4.21,1,0.47,1,136.0,31.0,2.5190179804907364,190.33
0,2.0,1,1,0,0,0,0,0,1,0,0,0,1.0,2.0,2.0,3.0,365.0,169,20,47,4.95,4.95,4.95,5.0,5.0,4.7,4.65,2,0.64,1,33.0,33.0,3.8281274046247318,381.67
1,1.0,1,1,0,0,0,0,0,1,0,0,0,1.0,1.0,2.0,1.0,365.0,171,129,255,4.99,4.98,5.0,4.96,4.99,4.75,4.85,1,4.21,1,122.0,79.0,5.020996710366055,205.5
0,1.0,1,1,0,0,0,0,1,0,0,0,0,1.0,1.0,2.0,2.0,12.0,16,6,31,5.0,5.0,5.0,5.0,5.0,5.0,4.67,1,0.43,1,123.0,31.0,2.3051678877368733,226.0
0,1.0,1,1,0,0,0,1,0,0,0,0,0,2.0,1.0,1.0,1.0,1125.0,8,8,16,4.88,4.75,4.88,4.75,4.88,4.75,4.88,1,0.27,1,140.0,30.0,2.0989533493673393,322.5
0,1.0,1,1,0,0,0,0,0,1,0,0,0,1.0,2.0,2.0,3.0,7.0,164,11,23,5.0,5.0,4.73,5.0,5.0,5.0,4.73,1,0.44,1,32.0,30.0,3.2052213702431462,475.67
0,1.0,1,1,0,0,0,1,0,0,0,0,0,1.0,1.0,1.0,2.0,12.0,34,7,23,4.71,4.71,4.43,4.86,4.86,4.57,4.29,1,0.27,1,166.0,30.0,1.7279168246813912,268.5
1,3.0,1,1,0,0,0,1,0,0,0,0,0,1.0,1.0,1.0,1.0,365.0,302,54,179,5.0,4.98,4.91,4.98,5.0,4.91,4.76,2,1.95,1,120.0,117.0,0.8471750713990585,302.41
0,1.0,1,1,0,0,0,1,0,0,0,0,0,1.5,1.0,1.0,3.0,365.0,127,5,16,4.6,4.6,4.8,4.6,5.0,4.4,4.6,1,0.2,1,141.0,26.0,2.6839614412033805,222.67
0,1.0,1,1,0,0,0,0,0,1,0,0,0,1.5,2.0,3.0,3.0,365.0,141,10,23,4.9,4.7,5.0,5.0,5.0,4.8,4.9,1,0.33,1,115.0,31.0,1.8221222628359346,610.75
0,1.0,1,1,0,0,0,0,0,1,0,0,0,1.0,2.0,2.0,5.0,14.0,11,6,0,5.0,4.83,4.83,5.0,5.0,5.0,4.67,1,0.19,1,124.0,31.0,0.9369197734192982,463.4
0,1.0,1,1,0,0,0,0,0,1,0,0,0,1.0,2.0,2.0,1.0,365.0,9,11,23,5.0,5.0,4.91,5.0,5.0,5.0,4.91,1,0.37,1,79.0,55.0,1.4462018740322764,617.0
0,2.0,1,1,0,0,0,1,0,0,0,0,0,1.0,1.0,1.0,2.0,7.0,207,1,8,5.0,5.0,5.0,5.0,5.0,5.0,5.0,2,0.41,1,124.0,96.0,3.9612958302359718,156.91
0,1.0,1,1,0,0,0,0,0,1,0,0,0,1.0,2.0,2.0,2.0,60.0,51,8,16,5.0,4.88,4.5,5.0,4.88,4.88,4.63,1,0.35,1,178.0,142.0,3.869004022906961,325.5
0,1.0,1,1,0,0,0,0,0,1,0,0,0,2.5,3.0,4.0,7.0,365.0,235,1,0,5.0,5.0,5.0,5.0,5.0,5.0,5.0,1,0.05,1,117.0,115.0,4.660266072610303,402.35
0,1.0,1,1,0,0,0,0,0,1,0,0,0,1.5,1.0,2.0,3.0,30.0,10,16,62,5.0,4.94,4.94,4.94,5.0,4.88,4.69,1,0.53,1,30.0,30.0,4.647564690346461,286.33
0,2.0,1,1,0,1,0,1,0,0,0,0,0,1.0,1.0,1.0,1.0,1125.0,227,19,62,5.0,5.0,4.95,5.0,5.0,5.0,4.79,2,0.61,1,153.0,152.0,1.295713387601978,314.0
0,2.0,1,1,0,1,0,1,0,0,0,0,0,1.0,1.0,1.0,1.0,1125.0,204,47,117,4.96,4.94,4.98,4.96,4.89,4.91,4.96,2,1.53,1,153.0,152.0,1.2894612654630613,243.5
0,1.0,1,1,0,0,0,0,0,1,0,0,0,1.0,3.0,3.0,6.0,30.0,207,3,0,5.0,4.67,4.67,5.0,5.0,4.67,5.0,1,0.13,1,170.0,165.0,4.992291511021877,446.83
0,1.0,1,1,0,0,0,1,0,0,0,0,0,1.0,1.0,1.0,2.0,20.0,268,17,70,4.71,4.82,4.71,4.82,5.0,4.71,4.41,1,0.59,1,103.0,58.0,2.996591408567856,285.5
0,1.0,1,1,0,0,0,1,0,0,0,0,0,1.0,1.0,1.0,1.0,30.0,2,1,8,5.0,5.0,5.0,5.0,5.0,5.0,5.0,1,1.0,1,75.0,30.0,1.815545486832818,320.0
0,1.0,1,1,0,0,0,0,0,1,0,0,0,3.0,2.0,2.0,5.0,365.0,353,7,10,5.0,5.0,4.71,4.86,4.71,5.0,4.71,1,0.23,1,51.0,30.0,1.6960276782964763,786.4
0,1.0,1,1,0,0,0,1,0,0,0,0,0,1.0,1.0,1.0,2.0,30.0,13,2,0,5.0,5.0,5.0,5.0,5.0,5.0,5.0,1,0.08,1,120.0,30.0,2.31427274220472,245.5
0,1.0,1,1,0,0,0,1,0,0,0,0,0,1.0,1.0,1.0,3.0,30.0,8,3,23,4.67,5.0,4.67,4.67,5.0,5.0,4.67,1,0.28,1,46.0,30.0,3.220065977014536,287.25
0,1.0,1,1,0,0,0,1,0,0,0,0,0,1.0,1.0,1.0,4.0,20.0,25,6,40,5.0,4.83,5.0,4.83,5.0,4.83,4.5,1,0.23,1,159.0,131.0,2.433308087270203,287.6
0,1.0,1,1,0,0,0,1,0,0,0,0,0,1.5,1.0,1.0,3.0,14.0,36,8,31,5.0,5.0,5.0,4.88,5.0,4.88,4.75,1,0.27,1,136.0,30.0,1.9580137400265747,305.0
0,2.0,1,1,0,0,0,1,0,0,0,0,0,1.0,1.0,1.0,2.0,1125.0,153,22,140,4.64,4.45,4.27,4.91,4.86,4.73,4.23,1,1.25,1,86.0,50.0,2.754400140049697,180.0
0,1.0,1,1,0,0,0,0,1,0,0,0,0,1.0,1.0,1.0,1.0,365.0,41,17,39,4.71,4.76,4.82,4.71,4.76,4.76,4.53,1,0.57,1,108.0,83.0,2.3917370923760912,288.0
1,3.0,1,1,0,0,0,0,1,0,0,0,0,1.0,1.0,2.0,1.0,1125.0,281,197,255,4.95,4.93,4.93,4.94,4.99,4.96,4.69,2,6.38,1,161.0,118.0,1.0538501216777167,228.24
0,1.0,1,1,0,0,0,0,0,1,0,0,0,1.5,3.0,6.0,2.0,7.0,137,3,8,4.33,4.67,4.33,4.67,4.67,4.67,3.33,1,0.1,1,141.0,30.0,5.5600892166758555,348.5
0,1.0,1,1,0,1,0,1,0,0,0,0,0,1.0,1.0,1.0,2.0,365.0,164,8,16,4.75,4.75,4.63,4.75,4.75,4.88,4.63,1,0.27,1,30.0,30.0,1.0829372885775392,195.33
0,2.0,1,1,0,0,0,0,0,1,0,0,0,2.0,4.0,4.0,4.0,21.0,13,9,16,4.89,4.78,5.0,5.0,5.0,4.89,4.56,1,0.35,1,140.0,98.0,4.520912963299307,385.25
0,1.0,1,1,0,0,0,1,0,0,0,0,0,1.5,1.0,1.0,4.0,365.0,350,13,40,5.0,5.0,4.85,5.0,4.92,4.85,4.77,1,0.43,1,63.0,30.0,1.4801618371724417,599.5
1,2.0,1,1,0,1,0,0,0,0,0,0,0,1.0,1.0,1.0,5.0,365.0,269,23,40,4.91,4.83,4.78,4.96,5.0,4.74,4.65,2,0.77,1,111.0,30.0,6.1772525834770775,125.0
0,1.0,1,1,0,0,0,0,0,1,0,0,0,2.0,3.0,4.0,2.0,30.0,260,0,0,-1.0,-1.0,-1.0,-1.0,-1.0,-1.0,-1.0,1,0.0,0,165.0,136.0,5.0324508997000255,422.5
0,1.0,1,1,0,0,0,0,0,1,0,0,0,1.0,2.0,2.0,4.0,21.0,119,12,24,4.75,4.83,4.42,4.92,4.92,4.75,4.5,1,0.4,1,141.0,30.0,1.564383449652557,456.5
0,2.0,1,1,0,1,0,0,0,0,0,0,0,1.0,1.0,1.0,1.0,100.0,100,36,109,4.89,4.78,4.78,4.97,4.94,4.75,4.81,2,1.17,1,41.0,30.0,3.9088378924244433,159.76
1,1.0,1,1,0,0,0,1,0,0,0,0,0,1.0,1.0,1.0,2.0,365.0,343,90,255,4.78,4.86,4.86,4.9,4.91,4.99,4.59,1,3.11,1,30.0,30.0,0.511320250923937,283.5
0,1.0,1,1,0,0,0,1,0,0,0,0,0,1.0,1.0,1.0,2.0,20.0,2,7,39,5.0,5.0,5.0,5.0,5.0,5.0,5.0,1,0.45,1,132.0,16.0,2.410826361060711,143.0
0,2.0,1,1,0,0,0,1,0,0,0,0,0,1.0,1.0,1.0,2.0,365.0,84,20,47,5.0,4.95,4.95,5.0,5.0,4.95,4.6,1,0.75,1,140.0,30.0,1.3809296712122978,338.0
0,1.0,1,1,0,0,0,0,0,1,0,0,0,1.5,3.0,2.0,3.0,1125.0,8,6,16,5.0,5.0,5.0,4.83,4.83,4.83,4.83,1,0.21,1,157.0,30.0,2.9742884891019257,308.33
1,2.0,1,1,0,1,0,0,0,0,0,0,0,2.0,1.0,1.0,5.0,365.0,250,29,130,4.93,4.86,4.59,4.93,4.97,4.72,4.83,2,0.95,1,111.0,30.0,6.1772525834770775,101.0
0,1.0,1,1,0,0,0,1,0,0,0,0,0,1.0,1.0,1.0,3.0,7.0,239,12,47,4.83,4.92,4.75,4.92,5.0,4.58,4.42,1,0.4,1,30.0,30.0,2.218210314784935,270.33
0,1.0,0,1,0,0,0,0,0,1,0,0,0,1.0,2.0,2.0,2.0,365.0,364,2,8,5.0,5.0,5.0,5.0,5.0,5.0,5.0,1,0.11,1,63.0,18.0,4.5029593501922465,397.0
0,1.0,1,1,0,0,0,1,0,0,0,0,0,1.0,1.0,1.0,1.0,29.0,10,9,16,4.78,4.89,4.78,4.67,4.89,5.0,4.67,1,0.3,1,48.0,30.0,4.964049544734705,379.0
0,1.0,1,1,0,0,0,1,0,0,0,0,0,1.0,1.0,1.0,3.0,365.0,267,10,39,5.0,5.0,5.0,5.0,5.0,4.9,4.9,1,0.33,1,120.0,30.0,1.1501297720070645,369.8
0,1.0,1,1,0,0,0,0,0,1,0,0,0,1.0,2.0,2.0,4.0,365.0,223,12,32,5.0,4.92,4.75,4.92,4.92,4.92,4.75,1,0.44,1,130.0,30.0,2.643846959669056,458.25
0,1.0,1,1,0,0,0,0,0,1,0,0,0,1.0,2.0,2.0,4.0,365.0,132,10,24,4.9,4.9,4.8,5.0,5.0,5.0,4.6,1,0.35,1,86.0,30.0,3.4061660469447577,416.75
1,1.0,1,1,0,1,0,0,1,0,0,0,0,1.0,1.0,3.0,1.0,4.0,33,114,255,4.89,4.91,4.96,4.97,4.99,4.91,4.82,1,3.79,1,47.0,30.0,1.1737449127684876,205.0
1,3.0,1,1,0,0,0,1,0,0,0,0,0,1.0,1.0,1.0,1.0,1125.0,220,206,255,4.82,4.87,4.84,4.75,4.86,4.95,4.67,3,7.27,1,70.0,47.0,0.7475584840118803,228.24
0,1.0,1,1,0,0,0,0,0,1,0,0,0,1.0,1.0,2.0,2.0,1125.0,61,7,16,4.86,4.71,4.71,4.86,4.86,4.71,4.14,1,0.23,1,107.0,107.0,3.5220135967437423,354.0
0,1.0,1,1,0,0,0,0,0,1,0,0,0,1.5,2.0,2.0,4.0,30.0,13,7,24,4.57,4.71,4.43,4.86,4.86,4.57,4.14,1,0.24,1,108.0,91.0,1.872365321033506,334.0
1,3.0,1,1,0,0,0,1,0,0,0,0,0,1.0,1.0,1.0,1.0,1125.0,277,166,255,4.76,4.77,4.84,4.77,4.87,4.93,4.51,3,5.94,1,70.0,47.0,0.7943990550957436,228.24
0,3.0,1,1,0,1,0,1,0,0,0,0,0,1.0,1.0,1.0,2.0,7.0,46,86,234,4.24,4.23,4.27,4.76,4.45,4.2,4.07,3,3.03,1,33.0,33.0,7.606796636121778,112.98
0,1.0,1,1,0,0,0,0,0,1,0,0,0,1.5,2.0,2.0,2.0,30.0,14,8,23,5.0,4.88,4.88,4.88,5.0,4.63,4.75,1,0.27,1,121.0,30.0,3.452928923721057,422.33
0,1.0,1,1,0,0,0,0,0,1,0,0,0,1.0,2.0,2.0,3.0,14.0,33,7,23,5.0,5.0,5.0,5.0,5.0,5.0,5.0,1,0.26,1,156.0,122.0,1.7317085134413286,531.79
1,1.0,1,1,0,0,0,1,0,0,0,0,0,1.0,1.0,1.0,1.0,365.0,32,20,55,4.8,4.85,4.85,4.85,4.8,4.9,4.7,1,0.67,1,157.0,30.0,1.6413930770410354,266.33
1,26.0,1,1,0,0,0,1,0,0,0,0,0,1.0,1.0,1.0,3.0,30.0,69,5,0,5.0,5.0,5.0,5.0,5.0,5.0,5.0,18,0.17,1,106.0,106.0,2.712083897213793,280.0
0,1.0,1,1,0,0,0,0,0,1,0,0,0,1.0,3.0,3.0,1.0,29.0,17,7,31,5.0,5.0,5.0,5.0,5.0,4.86,4.86,1,0.27,1,158.0,127.0,5.485704218384195,409.8
0,1.0,1,1,0,0,0,1,0,0,0,0,0,1.0,2.0,1.0,2.0,15.0,67,3,8,5.0,5.0,4.67,5.0,5.0,5.0,4.0,1,0.1,1,60.0,30.0,3.308215817325414,334.0
0,1.0,1,1,0,0,0,0,0,0,0,1,0,1.5,3.0,3.0,1.0,365.0,67,10,16,4.7,4.6,4.6,4.7,4.8,4.8,4.7,1,0.33,1,160.0,144.0,1.7633216991466203,464.33
0,1.0,1,1,0,0,0,0,0,1,0,0,0,1.0,3.0,5.0,1.0,9.0,17,22,23,5.0,5.0,4.95,4.95,5.0,4.73,4.91,1,0.73,1,147.0,30.0,4.390829428915437,418.67
0,1.0,1,1,0,0,0,1,0,0,0,0,0,1.0,1.0,1.0,1.0,365.0,364,4,8,5.0,5.0,5.0,5.0,5.0,5.0,5.0,1,0.19,1,128.0,24.0,2.9194344391398106,283.0
0,1.0,1,1,0,1,0,1,0,0,0,0,0,1.0,1.0,1.0,4.0,1125.0,98,15,24,4.6,4.87,4.13,4.8,4.87,4.73,4.27,1,0.5,1,112.0,30.0,2.532148489048905,129.25
0,1.0,1,1,0,0,0,1,0,0,0,0,0,1.0,1.0,1.0,5.0,30.0,330,15,60,5.0,4.93,5.0,4.93,5.0,5.0,4.93,1,0.51,1,149.0,30.0,1.4723146585773466,450.8
0,2.0,1,1,0,1,0,1,0,0,0,0,0,1.0,1.0,1.0,1.0,365.0,125,78,218,4.54,4.59,4.42,4.6,4.68,4.73,4.32,2,2.82,1,35.0,30.0,0.7761102456238306,172.0
0,1.0,1,1,0,0,0,0,1,0,0,0,0,1.5,2.0,2.0,6.0,30.0,121,5,12,5.0,5.0,4.8,5.0,5.0,5.0,5.0,1,0.17,1,146.0,105.0,1.4809421009994803,454.74
0,1.0,1,1,0,0,0,1,0,0,0,0,0,1.0,1.0,2.0,3.0,30.0,358,17,8,4.82,4.82,4.82,4.94,5.0,4.94,4.71,1,0.56,1,45.0,30.0,0.9221190425456695,428.0
0,1.0,1,1,0,0,0,1,0,0,0,0,0,1.0,1.0,1.0,3.0,365.0,101,5,16,5.0,4.8,4.8,5.0,5.0,4.8,4.6,1,0.2,1,97.0,30.0,2.279561071149457,279.67
0,1.0,1,1,0,0,0,0,1,0,0,0,0,1.0,1.0,2.0,1.0,1.0,69,19,55,4.79,4.95,4.68,4.95,5.0,4.95,4.68,1,0.7,1,44.0,28.0,0.7433584812308497,451.0
0,14.0,1,1,0,0,0,0,0,1,0,0,0,1.0,1.0,2.0,1.0,1125.0,192,7,31,3.29,3.29,2.71,3.86,3.57,3.86,2.86,1,0.49,1,40.0,40.0,4.886842523614453,190.0
0,1.0,1,1,0,0,0,1,0,0,0,0,0,1.0,1.0,1.0,1.0,20.0,258,14,31,5.0,4.93,5.0,5.0,4.93,4.93,4.57,1,0.52,1,134.0,30.0,2.013163970915427,457.0
0,1.0,1,1,0,0,0,1,0,0,0,0,0,1.0,1.0,1.0,3.0,5.0,19,15,31,5.0,5.0,5.0,5.0,5.0,5.0,4.93,1,0.5,1,143.0,143.0,1.490344317926555,308.33
1,1.0,1,1,0,0,0,1,0,0,0,0,0,1.0,1.0,1.0,2.0,365.0,123,95,255,4.96,4.94,4.98,4.98,4.98,4.91,4.75,1,3.62,1,82.0,26.0,9.549942834294423,157.14
0,1.0,1,1,0,0,0,0,0,1,0,0,0,1.0,2.0,3.0,2.0,365.0,10,7,8,4.71,4.86,4.14,5.0,4.86,4.71,4.71,1,0.23,1,34.0,30.0,2.921889125775003,325.0
1,3.0,1,1,0,1,0,1,0,0,0,0,0,1.0,1.0,1.0,3.0,365.0,151,75,218,4.8,4.91,4.69,4.92,4.97,4.96,4.71,3,2.61,1,30.0,29.0,1.0073613802141321,195.9
1,3.0,1,1,0,1,0,1,0,0,0,0,0,1.0,1.0,1.0,2.0,365.0,147,100,255,4.93,4.92,4.74,4.97,4.99,4.96,4.83,3,3.5,1,30.0,29.0,1.0073613802141321,202.06
0,1.0,1,1,0,0,0,1,0,0,0,0,0,1.0,1.0,1.0,2.0,365.0,266,1,0,5.0,5.0,5.0,5.0,5.0,5.0,4.0,1,0.04,1,42.0,29.0,3.467695783116562,285.5
0,1.0,1,1,0,0,0,1,0,0,0,0,0,1.0,1.0,1.0,2.0,5.0,89,1,0,4.0,5.0,5.0,5.0,5.0,5.0,5.0,1,0.05,1,157.0,29.0,2.700527951801345,342.5
0,1.0,1,1,0,0,0,1,0,0,0,0,0,1.0,1.0,1.0,1.0,1125.0,95,5,0,4.8,4.6,4.4,4.6,4.4,4.8,4.2,1,0.17,1,29.0,29.0,1.8492446049109805,302.5
0,1.0,1,1,0,0,0,0,0,1,0,0,0,1.0,3.0,2.0,3.0,365.0,8,4,0,5.0,5.0,4.75,5.0,5.0,5.0,4.75,1,0.18,1,169.0,143.0,4.84212000254554,369.0
0,1.0,1,1,0,0,0,1,0,0,0,0,0,1.0,1.0,1.0,1.0,14.0,194,6,16,5.0,5.0,4.83,5.0,5.0,4.67,4.5,1,0.25,1,131.0,24.0,2.8717735633852293,394.0
0,1.0,1,1,0,0,0,0,0,0,1,0,0,2.0,3.0,3.0,2.0,31.0,35,5,23,4.6,4.6,4.8,4.8,5.0,5.0,4.4,1,0.28,1,111.0,29.0,2.4036654691882884,724.0
0,1.0,1,1,0,0,0,1,0,0,0,0,0,1.5,1.0,1.0,3.0,30.0,62,9,8,4.78,5.0,4.78,5.0,4.56,4.89,4.78,1,0.33,1,91.0,29.0,2.0311649107403986,551.67
0,1.0,1,1,0,0,0,1,0,0,0,0,0,1.0,1.0,1.0,7.0,30.0,71,14,84,5.0,4.93,4.93,5.0,4.93,5.0,4.71,1,0.59,1,71.0,24.0,1.8795017164168097,237.54
0,3.0,1,1,0,1,0,1,0,0,0,0,0,1.0,1.0,1.0,1.0,30.0,365,1,0,5.0,5.0,5.0,5.0,5.0,5.0,5.0,3,0.08,1,111.0,110.0,6.075155768037334,273.88
1,1.0,1,1,0,0,0,1,0,0,0,0,0,1.0,1.0,1.0,2.0,365.0,268,23,62,4.96,4.91,4.96,5.0,4.96,5.0,4.7,1,0.84,1,159.0,29.0,1.1472551986381012,298.5
1,1.0,1,1,0,1,0,1,0,0,0,0,0,1.0,1.0,1.0,4.0,365.0,208,63,128,4.73,4.73,4.52,4.83,4.79,4.46,4.48,1,2.12,1,29.0,29.0,8.575582140825125,118.5
0,1.0,1,1,0,0,0,1,0,0,0,0,0,1.0,1.0,1.0,1.0,365.0,151,62,195,4.65,4.68,4.39,4.85,4.95,4.92,4.68,1,2.28,1,158.0,146.0,1.9252230782455517,124.67
0,1.0,1,1,0,0,0,0,0,1,0,0,0,1.5,3.0,2.0,4.0,21.0,262,3,8,4.67,5.0,4.33,5.0,5.0,5.0,4.67,1,0.17,1,163.0,163.0,4.304883604891217,217.0
0,1.0,1,1,0,0,0,0,0,1,0,0,0,1.5,2.0,2.0,1.0,1125.0,179,15,0,4.73,4.87,4.87,5.0,4.87,4.73,4.4,1,0.5,1,29.0,29.0,1.1369800465702686,400.0
1,1.0,1,1,0,1,0,1,0,0,0,0,0,1.5,1.0,1.0,1.0,365.0,59,220,255,4.85,4.85,4.78,4.85,4.85,4.88,4.66,1,7.59,1,169.0,169.0,1.6951495749798162,147.21
0,1.0,1,1,0,0,0,1,0,0,0,0,0,1.0,1.0,1.0,6.0,30.0,268,3,0,4.33,4.33,4.0,4.33,4.67,4.33,3.67,1,0.12,1,145.0,29.0,2.5886945550580562,324.33
1,3.0,1,1,0,0,0,0,0,0,1,0,0,1.0,2.0,3.0,3.0,28.0,158,99,255,4.84,4.88,4.8,4.8,4.94,4.38,4.68,3,3.31,1,107.0,32.0,7.076816325631722,303.0
1,1.0,1,1,0,0,0,1,0,0,0,0,0,1.5,1.0,1.0,3.0,1125.0,12,22,70,5.0,4.95,5.0,5.0,5.0,5.0,4.91,1,0.84,1,139.0,46.0,0.9436189502456264,331.0
0,1.0,1,1,0,0,0,0,0,1,0,0,0,1.5,3.0,2.0,2.0,30.0,305,0,0,-1.0,-1.0,-1.0,-1.0,-1.0,-1.0,-1.0,1,0.0,0,117.0,27.0,4.161265715011784,200.85
0,1.0,1,1,0,0,0,0,0,1,0,0,0,1.5,2.0,2.0,2.0,365.0,199,20,31,4.95,4.75,4.7,4.85,4.95,4.9,4.45,1,0.74,1,29.0,29.0,1.7903647648020091,599.5
0,1.0,1,1,0,0,0,1,0,0,0,0,0,1.0,1.0,1.0,5.0,365.0,71,8,40,4.88,5.0,4.88,4.88,4.88,4.88,4.75,1,0.31,1,147.0,117.0,1.958633276359904,193.0
0,1.0,1,1,0,0,0,0,1,0,0,0,0,1.0,1.0,2.0,1.0,1125.0,146,26,62,4.96,4.92,4.81,4.96,4.96,4.81,4.77,1,0.95,1,125.0,29.0,2.187435965735698,302.41
0,1.0,1,1,0,0,0,1,0,0,0,0,0,1.0,1.0,1.0,3.0,365.0,128,11,8,5.0,5.0,4.82,4.91,5.0,4.64,4.55,1,0.37,1,123.0,29.0,2.512337829328347,416.67
0,1.0,1,1,0,0,0,0,1,0,0,0,0,1.0,2.0,2.0,3.0,365.0,269,0,0,-1.0,-1.0,-1.0,-1.0,-1.0,-1.0,-1.0,1,0.0,0,117.0,92.0,3.7030237511213215,588.0
0,1.0,1,1,0,0,0,0,0,1,0,0,0,3.0,4.0,3.0,5.0,30.0,188,2,10,5.0,5.0,5.0,5.0,5.0,5.0,5.0,1,0.12,1,174.0,174.0,1.5923955327224641,485.0
0,1.0,1,1,0,1,0,1,0,0,0,0,0,1.0,1.0,1.0,2.0,5.0,177,11,47,4.91,4.91,4.64,4.91,5.0,4.73,4.55,1,0.4,1,29.0,29.0,6.629048330286866,160.0
0,1.0,1,1,0,0,0,0,0,1,0,0,0,1.0,4.0,3.0,2.0,365.0,259,0,0,-1.0,-1.0,-1.0,-1.0,-1.0,-1.0,-1.0,1,0.0,0,161.0,126.0,5.784856407978179,314.0
0,1.0,1,1,0,0,0,0,1,0,0,0,0,1.0,2.0,1.0,1.0,10.0,77,14,16,4.64,4.64,4.43,4.86,4.79,4.57,4.21,1,0.58,1,78.0,78.0,2.7461324003361236,216.82
0,1.0,1,1,0,0,0,0,0,0,0,0,0,1.0,1.0,1.0,4.0,20.0,99,12,48,5.0,4.92,4.92,5.0,5.0,4.83,4.83,1,0.43,1,109.0,29.0,2.341473971731137,209.0
0,2.0,1,1,0,0,0,0,1,0,0,0,0,1.0,3.0,2.0,7.0,50.0,89,0,0,-1.0,-1.0,-1.0,-1.0,-1.0,-1.0,-1.0,2,0.0,0,84.0,29.0,2.316960584584027,273.88
1,1.0,1,1,0,1,0,1,0,0,0,0,0,1.0,1.0,1.0,1.0,25.0,21,96,255,4.96,4.94,4.92,4.96,4.96,4.8,4.77,1,3.6,1,167.0,167.0,5.918358712481194,140.75
0,1.0,1,1,0,0,0,1,0,0,0,0,0,1.0,1.0,1.0,5.0,30.0,104,6,0,4.83,5.0,4.67,4.83,5.0,4.83,4.67,1,0.24,1,163.0,29.0,3.6141381618746338,433.8
0,1.0,1,1,0,0,0,1,0,0,0,0,0,1.0,1.0,1.0,7.0,90.0,65,7,56,4.71,4.71,4.86,4.86,5.0,4.57,4.57,1,0.26,1,180.0,130.0,2.2466750182936908,174.95
0,1.0,1,1,0,0,0,1,0,0,0,0,0,1.0,1.0,1.0,1.0,112.0,6,16,39,5.0,5.0,4.69,4.69,4.94,4.75,4.75,1,0.63,1,115.0,29.0,2.831062268023905,183.0
0,1.0,1,1,0,0,0,1,0,0,0,0,0,1.0,1.0,1.0,3.0,30.0,6,5,23,4.8,4.8,4.6,5.0,4.8,4.2,4.6,1,0.17,1,97.0,29.0,2.911133152258646,329.33
0,1.0,1,1,0,0,0,1,0,0,0,0,0,1.0,1.0,1.0,2.0,15.0,13,16,39,4.94,5.0,4.81,4.94,4.94,4.81,4.88,1,0.59,1,111.0,111.0,3.5831096068549666,251.5
0,1.0,1,1,0,0,0,0,0,1,0,0,0,2.0,2.0,2.0,1.0,30.0,126,6,23,5.0,5.0,5.0,5.0,5.0,5.0,4.83,1,0.23,1,137.0,29.0,3.3054256319912545,570.67
0,108.0,1,1,0,0,0,0,0,1,0,0,0,2.5,3.0,3.0,3.0,21.0,25,6,0,5.0,5.0,5.0,5.0,5.0,4.67,4.83,6,0.26,1,127.0,126.0,3.0641943330973875,295.67
1,6.0,1,1,0,1,0,0,0,1,0,0,0,1.0,2.0,2.0,3.0,365.0,89,0,0,-1.0,-1.0,-1.0,-1.0,-1.0,-1.0,-1.0,3,0.0,0,134.0,133.0,10.441330453233205,314.0
0,1.0,1,1,0,0,0,0,0,1,0,0,0,1.5,2.0,2.0,5.0,365.0,39,2,0,5.0,5.0,5.0,5.0,5.0,5.0,5.0,1,0.1,1,122.0,89.0,7.680810168747289,283.5
0,1.0,1,1,0,0,0,1,0,0,0,0,0,1.0,1.0,1.0,2.0,1125.0,227,16,55,4.63,4.69,4.56,4.5,4.75,4.75,4.31,1,0.59,1,29.0,29.0,3.04497851160329,233.0
0,1.0,1,1,0,1,0,1,0,0,0,0,0,1.0,1.0,1.0,1.0,365.0,259,0,0,-1.0,-1.0,-1.0,-1.0,-1.0,-1.0,-1.0,1,0.0,0,29.0,29.0,5.581130607081948,72.0
0,1.0,1,1,0,0,0,0,1,0,0,0,0,1.0,2.0,1.0,1.0,14.0,93,0,0,-1.0,-1.0,-1.0,-1.0,-1.0,-1.0,-1.0,1,0.0,0,141.0,101.0,2.565048186673396,434.0
0,1.0,1,1,0,0,0,1,0,0,0,0,0,1.0,1.0,1.0,4.0,21.0,265,2,0,5.0,5.0,5.0,5.0,5.0,5.0,5.0,1,0.1,1,115.0,29.0,1.426297256330739,257.0
0,2.0,1,1,0,0,0,1,0,0,0,0,0,1.0,1.0,1.0,2.0,30.0,88,11,31,4.73,4.82,4.55,4.91,4.82,4.45,4.45,1,0.44,1,123.0,36.0,2.4804077227587946,354.0
0,1.0,1,1,0,0,0,0,0,1,0,0,0,1.0,2.0,2.0,2.0,30.0,180,11,55,5.0,4.91,5.0,4.91,5.0,4.73,4.27,1,0.45,1,126.0,43.0,3.0442702105807933,787.5
1,2.0,1,1,0,1,0,1,0,0,0,0,0,1.0,1.0,2.0,2.0,365.0,327,96,255,4.99,4.96,4.98,4.99,5.0,4.82,4.88,2,3.47,1,99.0,29.0,2.934464681692737,161.25
0,1.0,1,1,0,0,0,1,0,0,0,0,0,1.0,1.0,1.0,5.0,365.0,269,0,0,-1.0,-1.0,-1.0,-1.0,-1.0,-1.0,-1.0,1,0.0,0,91.0,90.0,4.08215332029129,239.8
1,1.0,1,1,0,0,0,1,0,0,0,0,0,1.0,1.0,1.0,2.0,4.0,14,74,164,4.97,4.95,4.99,4.99,5.0,4.85,4.84,1,2.82,1,142.0,26.0,3.9254511586550436,239.0
0,1.0,1,1,0,0,0,1,0,0,0,0,0,1.0,1.0,1.0,4.0,93.0,137,11,56,5.0,5.0,5.0,5.0,5.0,4.73,5.0,1,0.67,1,120.0,17.0,3.1561541895668785,364.25
1,1.0,1,1,0,0,0,0,0,1,0,0,0,1.0,2.0,2.0,1.0,365.0,34,21,47,4.86,4.76,4.86,4.9,4.95,4.38,4.62,1,0.86,1,149.0,138.0,4.831433849157592,368.5
0,1.0,1,1,0,0,0,0,0,1,0,0,0,3.0,4.0,4.0,1.0,28.0,283,10,16,4.9,4.7,4.9,5.0,4.8,4.5,4.8,1,0.39,1,133.0,28.0,5.349212015634282,377.5
0,1.0,1,1,0,0,0,0,0,1,0,0,0,1.0,3.0,2.0,3.0,30.0,8,10,39,5.0,5.0,4.9,5.0,5.0,4.9,4.7,1,0.43,1,145.0,143.0,2.5353225024663093,330.98
0,1.0,1,1,0,0,0,1,0,0,0,0,0,1.0,1.0,1.0,3.0,15.0,179,16,39,4.94,5.0,4.81,5.0,5.0,5.0,4.75,1,0.66,1,141.0,27.0,1.7216536561404632,342.67
0,4.0,1,1,0,1,0,1,0,0,0,0,0,1.0,1.0,1.0,1.0,365.0,348,22,0,4.86,4.95,4.91,5.0,4.91,4.82,4.73,3,0.76,1,29.0,28.0,0.3937905803052121,120.0
1,1.0,1,1,0,0,0,0,1,0,0,0,0,1.0,1.0,2.0,1.0,365.0,266,92,255,4.95,4.95,4.93,4.97,4.97,4.98,4.78,1,3.44,1,112.0,26.0,1.3238948536394504,405.5
1,3.0,1,1,0,0,0,1,0,0,0,0,0,1.0,1.0,1.0,2.0,365.0,61,41,148,5.0,5.0,4.98,5.0,5.0,5.0,4.9,1,1.62,1,60.0,46.0,0.7277598141646541,390.29
0,1.0,1,1,0,0,0,0,0,1,0,0,0,2.0,3.0,2.0,3.0,30.0,29,6,8,5.0,5.0,4.83,5.0,5.0,5.0,4.83,1,0.23,1,167.0,102.0,5.971262978003933,489.0
1,2.0,1,1,0,0,0,0,0,1,0,0,0,1.5,1.0,2.0,2.0,1125.0,207,104,250,4.95,4.87,5.0,5.0,4.95,5.0,4.91,2,3.54,1,140.0,120.0,1.8024140396763835,369.36
0,1.0,1,1,0,0,0,0,0,1,0,0,0,1.0,2.0,2.0,3.0,365.0,43,19,62,4.95,4.95,4.79,5.0,4.95,4.68,4.58,1,0.71,1,144.0,144.0,3.8967984100335937,418.67
0,1.0,1,1,0,0,0,0,0,1,0,0,0,1.0,2.0,2.0,1.0,365.0,219,13,39,4.77,4.77,4.08,4.92,4.92,4.92,4.15,1,0.5,1,72.0,26.0,0.6509173184311539,434.0
1,1.0,1,1,0,0,0,1,0,0,0,0,0,1.0,1.0,1.0,2.0,1125.0,40,65,250,4.91,4.97,4.94,4.86,4.97,4.97,4.77,1,2.45,1,133.0,117.0,0.2975998046015231,481.5
0,1.0,1,1,0,0,0,1,0,0,0,0,0,1.0,1.0,1.0,2.0,365.0,54,15,47,4.87,4.87,4.8,4.93,5.0,4.87,4.53,1,0.54,1,137.0,136.0,1.7763641759258497,159.0
0,7.0,1,1,0,1,0,1,0,0,0,0,0,1.0,1.0,1.0,1.0,365.0,365,45,0,4.64,4.73,4.87,4.78,4.6,4.47,4.38,7,1.73,1,28.0,28.0,3.851060747270954,571.0
0,7.0,1,1,0,1,0,1,0,0,0,0,0,1.0,1.0,1.0,1.0,365.0,365,0,0,-1.0,-1.0,-1.0,-1.0,-1.0,-1.0,-1.0,7,0.0,0,28.0,28.0,3.851060747270954,571.0
0,7.0,1,1,0,1,0,0,1,0,0,0,0,1.0,1.0,1.0,1.0,365.0,365,7,0,4.43,4.29,4.57,4.14,4.0,4.43,3.57,7,0.28,1,28.0,28.0,3.850955191751534,571.0
0,7.0,1,1,0,1,0,1,0,0,0,0,0,1.0,1.0,1.0,1.0,365.0,365,0,0,-1.0,-1.0,-1.0,-1.0,-1.0,-1.0,-1.0,7,0.0,0,28.0,28.0,3.851060747270954,571.0
0,7.0,1,1,0,1,0,0,1,0,0,0,0,1.0,1.0,1.0,1.0,365.0,365,14,0,4.93,4.79,4.93,4.86,4.93,4.79,4.86,7,0.54,1,28.0,28.0,3.851060747270954,571.0
0,7.0,1,1,0,1,0,1,0,0,0,0,0,1.0,1.0,1.0,1.0,365.0,365,0,0,-1.0,-1.0,-1.0,-1.0,-1.0,-1.0,-1.0,7,0.0,0,28.0,28.0,3.851060747270954,571.0
0,7.0,1,1,0,1,0,0,1,0,0,0,0,1.0,1.0,1.0,1.0,365.0,365,2,0,5.0,5.0,5.0,4.5,4.5,3.0,4.0,7,0.08,1,28.0,28.0,3.851060747270954,571.0
1,21.0,1,1,0,0,0,0,0,1,0,0,0,1.0,1.0,2.0,2.0,1125.0,154,63,255,4.94,4.95,4.9,4.98,4.97,4.89,4.81,9,2.22,1,161.0,103.0,2.442550540421008,325.0
0,1.0,1,1,0,0,0,0,1,0,0,0,0,1.0,2.0,2.0,1.0,15.0,87,15,62,4.87,4.93,4.93,4.93,4.93,4.67,4.73,1,0.72,1,116.0,114.0,2.1928120772546804,366.0
0,1.0,1,1,0,0,0,1,0,0,0,0,0,1.0,1.0,1.0,3.0,8.0,71,16,47,5.0,4.81,4.63,4.94,5.0,5.0,4.63,1,0.61,1,145.0,126.0,1.5311040925526218,285.33
0,1.0,1,1,0,0,0,0,0,0,1,0,0,1.0,3.0,3.0,3.0,13.0,11,3,23,5.0,5.0,5.0,5.0,5.0,5.0,5.0,1,0.27,1,161.0,11.0,2.2347594294626654,347.0
0,1.0,1,1,0,0,0,1,0,0,0,0,0,1.0,1.0,1.0,2.0,365.0,193,5,0,5.0,5.0,5.0,5.0,5.0,5.0,4.6,1,0.2,1,28.0,25.0,2.45175526322166,361.5
0,4.0,1,1,0,1,0,1,0,0,0,0,0,1.0,1.0,1.0,1.0,365.0,353,78,255,4.82,4.82,4.87,4.85,4.9,4.87,4.62,3,2.78,1,29.0,28.0,0.3499787339718041,86.0
0,4.0,1,1,0,1,0,1,0,0,0,0,0,1.0,1.0,1.0,1.0,365.0,346,40,86,4.7,4.78,4.93,4.88,4.9,4.78,4.45,3,1.41,1,29.0,28.0,0.5090448909675565,159.0
0,1.0,1,1,0,1,0,1,0,0,0,0,0,1.0,1.0,1.0,2.0,120.0,320,15,78,4.93,4.87,4.87,5.0,5.0,4.93,4.53,1,0.53,1,28.0,28.0,1.2632679797354667,199.0
0,1.0,1,1,0,0,0,1,0,0,0,0,0,1.0,1.0,1.0,2.0,365.0,84,18,39,5.0,5.0,4.94,4.94,5.0,4.83,4.94,1,0.64,1,111.0,28.0,4.034996598854302,211.33
0,3.0,1,1,0,0,0,1,0,0,0,0,0,1.0,1.0,1.0,4.0,30.0,13,1,8,5.0,5.0,5.0,5.0,5.0,5.0,5.0,3,0.1,1,166.0,112.0,3.6189687243389193,225.5
0,1.0,1,1,0,0,0,0,0,1,0,0,0,1.0,2.0,2.0,2.0,15.0,97,5,23,4.8,4.8,4.8,5.0,5.0,4.8,4.6,1,0.33,1,81.0,46.0,1.643477016194805,553.5
0,1.0,1,1,0,0,0,1,0,0,0,0,0,1.0,1.0,1.0,3.0,365.0,13,10,31,4.7,5.0,4.8,4.7,4.7,4.9,4.6,1,0.38,1,89.0,49.0,2.5635092518572593,205.67
0,1.0,1,1,0,0,0,0,1,0,0,0,0,1.0,2.0,1.0,3.0,28.0,129,11,78,4.55,4.64,4.45,4.73,4.91,4.45,4.45,1,0.81,1,151.0,28.0,3.195488354757048,279.67
0,1.0,1,1,0,0,0,0,0,1,0,0,0,1.0,2.0,2.0,5.0,30.0,214,6,20,5.0,5.0,4.83,4.5,5.0,4.83,4.67,1,0.21,1,172.0,163.0,3.437193875636563,310.4
0,1.0,1,1,0,0,0,0,0,0,1,0,0,1.0,3.0,3.0,4.0,365.0,173,4,0,4.75,4.75,4.75,4.75,5.0,5.0,4.75,1,0.16,1,151.0,151.0,2.39983913485473,436.5
1,1.0,1,1,0,1,0,1,0,0,0,0,0,1.0,1.0,1.0,1.0,1125.0,29,65,255,4.92,4.92,4.92,4.91,4.97,4.86,4.8,1,3.01,1,117.0,21.0,3.6998928763284984,121.5
1,12.0,1,1,0,0,0,0,0,1,0,0,0,1.0,3.0,2.0,3.0,30.0,11,7,16,5.0,5.0,5.0,5.0,4.86,5.0,4.86,5,0.3,1,94.0,77.0,1.1717891771324414,630.0
0,1.0,1,1,0,0,0,1,0,0,0,0,0,1.5,1.0,1.0,2.0,365.0,311,14,23,5.0,5.0,5.0,4.93,5.0,5.0,5.0,1,0.52,1,149.0,28.0,2.126215697939608,228.5
0,1.0,1,1,0,0,0,1,0,0,0,0,0,1.0,1.0,1.0,2.0,365.0,18,5,8,5.0,5.0,5.0,5.0,5.0,5.0,5.0,1,0.19,1,159.0,28.0,2.6752730968522993,297.0
0,1.0,1,1,0,0,0,0,0,1,0,0,0,1.0,2.0,2.0,1.0,10.0,10,6,16,5.0,5.0,5.0,5.0,5.0,4.83,4.83,1,0.23,1,158.0,27.0,3.839162286604725,222.67
0,9.0,1,1,0,1,0,1,0,0,0,0,0,1.0,1.0,1.0,1.0,731.0,362,0,0,-1.0,-1.0,-1.0,-1.0,-1.0,-1.0,-1.0,9,0.0,0,28.0,28.0,0.6985490629483382,525.0
0,9.0,1,1,0,1,0,1,0,0,0,0,0,1.0,1.0,1.0,1.0,731.0,357,9,55,4.78,4.89,5.0,5.0,4.89,5.0,4.67,9,0.35,1,28.0,28.0,0.6985490629483382,464.0
0,9.0,1,1,0,1,0,1,0,0,0,0,0,1.0,1.0,1.0,1.0,731.0,360,0,0,-1.0,-1.0,-1.0,-1.0,-1.0,-1.0,-1.0,9,0.0,0,28.0,28.0,0.6985490629483382,697.0
0,9.0,1,1,0,1,0,1,0,0,0,0,0,1.0,1.0,1.0,1.0,731.0,350,0,0,-1.0,-1.0,-1.0,-1.0,-1.0,-1.0,-1.0,9,0.0,0,28.0,28.0,0.6985490629483382,697.0
0,2.0,1,1,0,1,0,1,0,0,0,0,0,1.0,1.0,1.0,2.0,365.0,342,93,218,4.41,4.56,4.32,4.71,4.7,4.66,4.31,2,3.27,1,29.0,28.0,1.3134673606157867,76.5
0,1.0,1,1,0,0,0,1,0,0,0,0,0,1.0,1.0,1.0,3.0,365.0,30,1,8,5.0,5.0,5.0,5.0,5.0,5.0,5.0,1,1.0,1,157.0,120.0,1.7802990956607456,239.67
0,2.0,1,1,0,0,0,0,0,1,0,0,0,1.5,2.0,2.0,2.0,30.0,16,3,23,5.0,5.0,5.0,5.0,5.0,4.67,5.0,2,1.25,1,175.0,3.0,1.96783536592411,507.83
0,4.0,1,1,0,1,0,0,0,1,0,0,0,1.5,2.0,2.0,1.0,1000.0,75,0,0,-1.0,-1.0,-1.0,-1.0,-1.0,-1.0,-1.0,4,0.0,0,117.0,81.0,0.4409809987119451,350.4
0,1.0,1,1,0,0,0,0,0,1,0,0,0,1.0,1.0,1.0,2.0,20.0,269,5,0,5.0,5.0,5.0,5.0,5.0,4.6,4.8,1,0.18,1,144.0,28.0,3.701083848836857,422.5
0,2.0,1,1,0,1,0,1,0,0,0,0,0,1.5,1.0,1.0,1.0,365.0,303,180,255,4.67,4.74,4.67,4.89,4.79,4.72,4.46,2,6.3,1,36.0,33.0,5.107439633965155,44.0
0,1.0,1,1,0,0,0,1,0,0,0,0,0,1.0,1.0,1.0,4.0,31.0,15,17,40,4.94,4.88,4.71,5.0,5.0,5.0,4.82,1,0.64,1,145.0,28.0,1.7190347068059793,199.75
0,1167.0,1,1,0,1,0,1,0,0,0,0,0,1.0,1.0,1.0,1.0,999.0,357,88,86,4.36,4.49,4.51,4.69,4.67,4.73,4.35,6,3.11,1,58.0,49.0,0.48527722363176845,130.0
0,1167.0,1,1,0,1,0,1,0,0,0,0,0,1.0,1.0,1.0,1.0,999.0,360,39,31,4.36,4.51,4.79,4.59,4.44,4.56,4.18,6,1.38,1,58.0,49.0,0.48527722363176845,200.0
0,4.0,1,1,0,1,0,0,0,1,0,0,0,1.0,2.0,2.0,2.0,1000.0,117,0,0,-1.0,-1.0,-1.0,-1.0,-1.0,-1.0,-1.0,4,0.0,0,117.0,81.0,0.4765390697831034,336.5
0,4.0,1,1,0,1,0,0,0,1,0,0,0,1.0,2.0,2.0,1.0,1000.0,90,1,0,5.0,3.0,4.0,4.0,4.0,5.0,4.0,4,0.04,1,117.0,81.0,0.6012354200469583,266.4
0,1.0,1,1,0,0,0,0,1,0,0,0,0,1.5,2.0,2.0,3.0,27.0,7,2,8,5.0,5.0,5.0,5.0,5.0,5.0,5.0,1,0.07,1,171.0,27.0,4.036097768559047,339.0
0,1.0,1,1,0,0,0,1,0,0,0,0,0,1.0,1.0,1.0,3.0,14.0,42,2,0,5.0,5.0,5.0,5.0,5.0,5.0,5.0,1,0.08,1,119.0,28.0,1.3631052427484283,608.67
0,5.0,1,1,0,1,0,1,0,0,0,0,0,1.0,1.0,2.0,2.0,365.0,19,102,164,4.87,4.89,4.85,4.95,4.94,4.82,4.76,5,3.7,1,28.0,28.0,3.1971562622537846,98.14
0,3.0,1,1,0,0,0,1,0,0,0,0,0,1.0,1.0,1.0,2.0,9.0,13,2,8,5.0,5.0,5.0,5.0,5.0,5.0,5.0,3,0.07,1,166.0,112.0,3.563451792363343,225.5
1,1.0,1,1,0,0,0,0,0,1,0,0,0,1.5,1.0,3.0,1.0,1125.0,213,135,255,4.92,4.9,4.96,4.99,5.0,4.88,4.74,1,4.79,1,28.0,28.0,1.2666772660605279,422.0
0,5.0,1,1,0,1,0,0,0,1,0,0,0,1.0,1.0,4.0,2.0,365.0,34,77,164,4.82,4.91,4.77,4.84,4.84,4.78,4.73,5,2.79,1,28.0,28.0,3.162042987230742,91.5
0,1.0,1,1,0,0,0,0,0,1,0,0,0,1.5,2.0,3.0,5.0,365.0,238,1,0,5.0,5.0,5.0,5.0,5.0,4.0,4.0,1,0.06,1,160.0,140.0,3.3898506543959313,209.98
0,1.0,1,1,0,0,0,1,0,0,0,0,0,1.0,1.0,1.0,3.0,365.0,108,14,62,5.0,5.0,4.86,5.0,5.0,4.57,4.71,1,0.64,1,107.0,28.0,2.616657210421813,241.67
0,1.0,0,1,0,0,0,0,0,1,0,0,0,1.0,2.0,2.0,1.0,365.0,260,20,55,4.75,4.8,4.45,4.9,4.9,5.0,4.5,1,0.74,1,29.0,28.0,0.5926258626439844,548.0
1,1.0,1,1,0,0,0,0,0,1,0,0,0,1.0,2.0,2.0,1.0,30.0,166,21,39,5.0,4.9,5.0,5.0,4.95,5.0,4.76,1,0.82,1,142.0,76.0,0.660478128061943,584.0
0,1.0,1,1,0,0,0,0,1,0,0,0,0,1.0,1.0,1.0,2.0,30.0,121,13,8,5.0,4.85,4.92,4.92,4.92,4.77,4.62,1,0.47,1,93.0,54.0,2.333770951013528,337.0
0,1.0,1,1,0,0,0,0,1,0,0,0,0,1.0,1.0,1.0,3.0,365.0,365,7,16,5.0,4.71,4.86,4.86,4.86,5.0,4.86,1,0.26,1,128.0,28.0,2.25684018005057,462.33
0,3.0,1,1,0,0,0,0,0,0,0,1,0,1.0,2.0,3.0,1.0,365.0,42,12,16,4.42,4.58,4.25,4.83,4.5,4.5,4.33,3,0.43,1,28.0,28.0,3.689419626406758,360.0
0,1.0,1,1,0,0,0,1,0,0,0,0,0,1.5,1.0,1.0,4.0,30.0,14,0,0,-1.0,-1.0,-1.0,-1.0,-1.0,-1.0,-1.0,1,0.0,0,153.0,104.0,2.9275116449261365,192.5
0,5.0,1,1,0,1,0,0,0,1,0,0,0,1.0,1.0,4.0,1.0,365.0,41,84,211,4.9,4.92,4.83,4.95,4.94,4.8,4.71,5,3.04,1,28.0,28.0,3.168465396315858,92.0
0,1.0,1,1,0,0,0,1,0,0,0,0,0,1.0,1.0,1.0,2.0,7.0,15,1,8,5.0,5.0,5.0,5.0,5.0,5.0,5.0,1,1.0,1,165.0,2.0,2.6336095104728194,219.11
0,1.0,1,1,0,0,0,1,0,0,0,0,0,1.0,1.0,1.0,3.0,30.0,24,6,16,4.83,4.83,4.5,4.83,5.0,4.83,4.17,1,0.22,1,138.0,90.0,2.8441066522268224,231.25
0,1.0,1,1,0,0,0,0,1,0,0,0,0,2.0,2.0,2.0,2.0,365.0,33,1,0,5.0,5.0,5.0,5.0,5.0,5.0,5.0,1,0.04,1,146.0,123.0,3.032516606195034,357.0
0,1.0,1,1,0,0,0,1,0,0,0,0,0,1.0,1.0,1.0,1.0,30.0,93,11,55,5.0,4.91,4.73,5.0,5.0,5.0,4.64,1,0.47,1,154.0,108.0,1.7506906415543957,285.5
1,1.0,1,1,0,0,0,1,0,0,0,0,0,1.0,1.0,2.0,2.0,21.0,10,16,78,5.0,5.0,4.94,4.88,5.0,4.94,4.88,1,0.63,1,164.0,164.0,2.9904630128463188,163.0
0,1.0,1,1,0,0,0,0,0,1,0,0,0,1.0,3.0,4.0,3.0,14.0,81,0,0,-1.0,-1.0,-1.0,-1.0,-1.0,-1.0,-1.0,1,0.0,0,143.0,28.0,6.236952303569164,352.8
0,1.0,1,1,0,0,0,0,0,1,0,0,0,1.0,2.0,2.0,3.0,10.0,34,11,16,4.82,4.91,4.36,5.0,5.0,4.73,4.36,1,0.47,1,135.0,24.0,2.7031879747455303,357.67
1,1.0,1,1,0,0,0,1,0,0,0,0,0,0.5,1.0,2.0,1.0,365.0,102,95,255,4.97,4.96,4.95,4.96,4.93,4.92,4.82,1,3.44,1,136.0,27.0,2.2017742873073054,171.33
1,26.0,1,1,0,0,0,0,1,0,0,0,0,1.5,2.0,2.0,3.0,365.0,48,3,0,4.67,4.33,4.0,5.0,5.0,4.67,4.33,18,0.12,1,106.0,106.0,3.05465981468655,272.0
0,1.0,1,1,0,1,0,0,0,1,0,0,0,1.0,1.0,2.0,1.0,365.0,270,9,8,3.44,3.56,3.44,3.89,3.56,4.22,2.89,1,0.34,1,60.0,60.0,0.9984939614090474,457.0
1,15.0,1,1,0,1,0,0,1,0,0,0,0,1.0,1.0,3.0,1.0,365.0,274,66,203,4.74,4.67,4.71,4.89,4.85,4.8,4.67,15,2.51,1,42.0,42.0,1.1504285158015979,193.0
0,2.0,1,1,0,0,0,0,0,1,0,0,0,1.0,3.0,2.0,2.0,7.0,113,3,8,5.0,5.0,5.0,5.0,5.0,4.67,4.67,1,0.13,1,120.0,25.0,3.412415742009112,400.0
0,5.0,1,1,0,0,0,1,0,0,0,0,0,1.0,1.0,1.0,1.0,999.0,259,167,255,4.5,4.52,4.62,4.82,4.65,4.6,4.32,5,6.15,1,90.0,90.0,2.625236090918669,193.0
0,5.0,1,1,0,0,0,0,0,1,0,0,0,1.0,1.0,2.0,1.0,999.0,287,181,255,4.55,4.72,4.69,4.82,4.62,4.54,4.34,5,7.28,1,90.0,90.0,2.625236090918669,253.5
0,5.0,1,1,0,0,0,0,0,1,0,0,0,1.0,1.0,2.0,1.0,999.0,280,65,234,4.45,4.6,4.54,4.82,4.72,4.48,4.18,5,2.43,1,90.0,90.0,2.625236090918669,323.5
0,5.0,1,1,0,0,0,0,0,1,0,0,0,2.0,2.0,3.0,1.0,999.0,230,53,250,4.26,4.47,4.49,4.75,4.38,4.51,4.09,5,2.16,1,90.0,90.0,2.625236090918669,296.0
0,5.0,1,1,0,0,0,0,0,1,0,0,0,1.0,2.0,3.0,1.0,999.0,254,25,78,4.28,4.28,4.08,4.56,4.36,4.4,4.0,5,0.93,1,90.0,90.0,2.625236090918669,278.0
0,1.0,1,1,0,0,0,0,0,1,0,0,0,1.5,3.0,3.0,1.0,365.0,11,12,23,4.92,4.92,4.5,5.0,5.0,4.5,4.58,1,0.46,1,179.0,179.0,3.663114162649076,278.33
0,1.0,1,1,0,0,0,1,0,0,0,0,0,1.0,1.0,1.0,3.0,30.0,269,5,16,5.0,5.0,4.6,4.8,5.0,5.0,4.2,1,0.23,1,71.0,27.0,1.273883573826614,447.0
0,1.0,1,1,0,0,0,1,0,0,0,0,0,1.0,1.0,1.0,1.0,14.0,32,10,39,5.0,5.0,5.0,5.0,5.0,5.0,4.89,1,0.38,1,121.0,50.0,1.8607712306667539,324.5
0,1.0,1,1,0,0,0,0,0,1,0,0,0,1.0,1.0,1.0,4.0,14.0,71,11,8,5.0,5.0,5.0,5.0,5.0,5.0,5.0,1,0.4,1,138.0,27.0,1.2087371234783875,285.5
0,1.0,1,1,0,0,0,1,0,0,0,0,0,1.0,1.0,1.0,4.0,12.0,258,10,40,5.0,5.0,5.0,5.0,5.0,4.9,4.9,1,0.38,1,61.0,47.0,2.983207813577401,359.5
0,4.0,1,1,0,0,0,1,0,0,0,0,0,1.5,1.0,1.0,1.0,730.0,152,8,23,5.0,4.88,4.75,5.0,4.88,5.0,4.75,3,0.3,1,124.0,124.0,1.0839211159620892,160.29
0,1.0,1,1,0,0,0,0,0,1,0,0,0,1.0,2.0,4.0,3.0,30.0,145,9,0,4.78,4.67,4.78,5.0,5.0,5.0,4.56,1,0.43,1,120.0,24.0,1.1865094580538724,339.0
0,1.0,1,1,0,0,0,0,0,1,0,0,0,1.0,1.0,2.0,2.0,30.0,38,20,70,4.95,4.9,4.9,5.0,4.95,4.85,4.65,1,0.88,1,122.0,22.0,2.6864130212722266,185.5
0,3.0,1,1,0,0,0,1,0,0,0,0,0,1.0,1.0,1.0,2.0,365.0,196,7,55,4.86,5.0,4.71,5.0,5.0,4.86,4.71,1,0.76,1,33.0,33.0,0.9614594328400462,382.5
0,2.0,0,1,0,1,0,1,0,0,0,0,0,1.0,1.0,1.0,1.0,365.0,343,26,39,4.85,4.92,4.81,5.0,4.92,5.0,4.58,2,0.94,1,27.0,27.0,0.9260348707308911,204.0
0,38.0,1,1,0,1,0,0,0,1,0,0,0,1.0,1.0,2.0,1.0,21.0,319,103,255,4.85,4.83,4.92,4.95,4.97,4.82,4.56,2,3.79,1,114.0,114.0,1.021706022164025,261.0
0,2.0,0,1,0,1,0,1,0,0,0,0,0,1.0,1.0,1.0,1.0,365.0,338,42,109,4.71,4.76,4.67,4.93,4.9,4.93,4.57,2,1.53,1,27.0,27.0,0.9159671509200197,166.0
0,2.0,1,1,0,1,0,1,0,0,0,0,0,1.0,1.0,1.0,1.0,95.0,87,159,255,4.69,4.79,4.79,4.91,4.79,4.92,4.57,2,5.72,1,104.0,104.0,1.4713702328373972,169.0
0,1.0,1,1,0,0,0,1,0,0,0,0,0,1.5,2.0,1.0,3.0,14.0,71,9,0,5.0,5.0,5.0,5.0,5.0,5.0,4.78,1,0.36,1,37.0,28.0,0.7540112739629495,502.33
0,1.0,1,1,0,0,0,0,1,0,0,0,0,1.0,2.0,4.0,5.0,10.0,230,1,0,5.0,5.0,5.0,5.0,5.0,5.0,5.0,1,0.04,1,83.0,27.0,3.9310933741521823,265.8
0,1.0,1,1,0,0,0,1,0,0,0,0,0,1.0,1.0,1.0,2.0,14.0,268,6,23,5.0,5.0,5.0,5.0,5.0,5.0,4.5,1,0.28,1,116.0,21.0,2.816447182925311,325.5
0,1.0,1,1,0,0,0,0,0,1,0,0,0,1.0,2.0,2.0,2.0,4.0,6,3,8,5.0,5.0,4.67,5.0,5.0,4.67,5.0,1,0.21,1,27.0,27.0,2.1216460580911187,605.0
1,1.0,1,1,0,0,0,1,0,0,0,0,0,1.0,1.0,1.0,3.0,30.0,291,49,250,4.96,4.98,5.0,5.0,5.0,5.0,4.96,1,2.3,1,82.0,22.0,1.6492384654872403,319.67
0,1.0,1,1,0,0,0,0,0,1,0,0,0,1.5,3.0,1.0,1.0,10.0,120,2,8,5.0,5.0,5.0,5.0,5.0,5.0,5.0,1,0.14,1,132.0,27.0,4.834119713937047,314.0
0,1.0,1,1,0,0,0,1,0,0,0,0,0,1.5,1.0,1.0,3.0,21.0,272,2,16,5.0,5.0,5.0,5.0,5.0,5.0,5.0,1,0.21,1,134.0,25.0,2.964816441592218,274.0
1,1.0,1,1,0,1,0,1,0,0,0,0,0,1.0,1.0,1.0,2.0,1125.0,111,37,133,4.95,4.89,4.81,4.97,4.95,4.92,4.7,1,1.39,1,106.0,27.0,2.4663499001602722,118.5
1,3.0,1,1,0,1,0,0,0,1,0,0,0,2.0,2.0,2.0,3.0,365.0,151,6,23,4.83,4.83,5.0,5.0,5.0,5.0,4.67,3,0.25,1,30.0,29.0,1.1060862777497162,517.33
0,4.0,1,1,0,0,0,1,0,0,0,0,0,1.0,1.0,1.0,2.0,365.0,148,0,0,-1.0,-1.0,-1.0,-1.0,-1.0,-1.0,-1.0,2,0.0,0,143.0,74.0,1.2401709201516242,252.93
0,1.0,1,1,0,0,0,0,1,0,0,0,0,1.0,2.0,3.0,1.0,365.0,315,1,8,5.0,5.0,4.0,5.0,5.0,5.0,4.0,1,0.65,1,105.0,12.0,3.452099241492287,271.0
0,1.0,1,1,0,0,0,1,0,0,0,0,0,1.0,1.0,1.0,2.0,25.0,106,6,23,5.0,4.83,5.0,4.83,4.83,5.0,4.67,1,0.22,1,68.0,27.0,1.3000775267550675,308.5
1,2.0,1,1,0,1,0,1,0,0,0,0,0,1.0,1.0,1.0,1.0,1125.0,46,106,255,4.94,4.95,4.94,4.93,4.97,4.87,4.79,1,4.18,1,169.0,93.0,2.341190190824922,188.29
1,1.0,1,1,0,1,0,1,0,0,0,0,0,1.0,1.0,1.0,1.0,7.0,71,78,234,4.94,4.9,4.99,4.99,4.99,4.83,4.68,1,3.08,1,118.0,25.0,2.8448356246829185,143.0
0,1.0,1,1,0,0,0,1,0,0,0,0,0,1.0,1.0,1.0,1.0,25.0,173,15,39,5.0,4.93,5.0,5.0,5.0,5.0,5.0,1,0.6,1,116.0,26.0,2.167437018927355,326.0
0,1.0,1,1,0,0,0,1,0,0,0,0,0,1.0,1.0,1.0,3.0,10.0,157,17,62,5.0,4.94,4.88,5.0,5.0,4.94,4.82,1,0.65,1,97.0,27.0,1.657680568938522,251.33
0,25.0,1,1,0,0,0,0,0,1,0,0,0,1.0,2.0,2.0,1.0,365.0,184,46,86,4.74,4.63,4.76,4.93,4.83,4.89,4.52,2,1.71,1,29.0,29.0,0.48331678618893664,466.5
0,1.0,1,1,0,0,0,0,0,0,1,0,0,1.5,3.0,3.0,3.0,18.0,6,8,31,4.75,4.88,4.63,5.0,4.88,4.75,4.63,1,0.33,1,158.0,158.0,5.661623944456731,361.67
1,1.0,1,1,0,0,0,0,0,1,0,0,0,1.0,2.0,3.0,3.0,180.0,89,31,62,5.0,4.97,5.0,4.94,5.0,4.52,4.9,1,1.16,1,27.0,27.0,8.795896252820292,257.33
0,1.0,1,1,0,0,0,1,0,0,0,0,0,1.0,1.0,1.0,1.0,365.0,196,10,23,4.7,4.9,5.0,4.8,4.5,4.9,4.5,1,0.47,1,122.0,22.0,2.8504574983812647,251.5
1,3.0,1,1,0,0,0,1,0,0,0,0,0,1.0,1.0,2.0,1.0,9.0,6,14,39,5.0,4.93,4.86,5.0,5.0,4.93,4.79,1,0.53,1,97.0,59.0,1.3757568129185982,458.67
0,1.0,1,1,0,0,0,0,0,1,0,0,0,1.0,2.0,2.0,3.0,365.0,24,5,23,4.6,4.6,4.8,4.4,5.0,4.6,4.2,1,0.21,1,133.0,26.0,3.6071049860209747,384.6
0,2.0,1,1,0,0,0,0,0,1,0,0,0,1.0,2.0,2.0,3.0,1125.0,166,2,8,5.0,5.0,5.0,5.0,5.0,5.0,5.0,2,0.09,1,104.0,26.0,5.527619140090312,361.67
0,1.0,1,1,0,0,0,1,0,0,0,0,0,1.0,1.0,1.0,3.0,3.0,93,17,55,4.94,4.94,4.94,4.88,4.94,4.82,4.59,1,0.64,1,146.0,94.0,2.403394488759057,317.67
0,1.0,1,1,0,0,0,1,0,0,0,0,0,1.0,1.0,1.0,3.0,14.0,362,4,0,5.0,5.0,4.75,5.0,5.0,5.0,4.75,1,0.16,1,103.0,27.0,1.869726677772089,449.67
0,1.0,1,1,0,0,0,0,0,1,0,0,0,1.0,1.0,2.0,4.0,365.0,269,3,0,5.0,5.0,5.0,5.0,5.0,5.0,5.0,1,0.12,1,139.0,139.0,3.4860241555179554,311.0
0,1.0,1,1,0,0,0,0,0,1,0,0,0,1.0,2.0,1.0,2.0,30.0,5,12,23,4.92,5.0,4.83,5.0,5.0,4.67,4.67,1,0.45,1,27.0,26.0,4.5421304212439,327.0
0,4.0,1,1,0,0,0,0,0,1,0,0,0,1.0,1.0,2.0,1.0,999.0,208,55,234,4.6,4.71,4.8,4.82,4.73,4.6,4.47,4,2.29,1,92.0,91.0,2.9364688544674404,430.5
0,4.0,1,1,0,0,0,0,0,1,0,0,0,1.0,1.0,2.0,1.0,999.0,172,6,16,4.33,4.5,4.83,4.5,4.0,3.83,4.17,4,0.28,1,92.0,91.0,2.9364688544674404,320.5
0,4.0,1,1,0,0,0,0,0,0,0,1,0,1.0,1.0,3.0,1.0,999.0,238,204,255,4.61,4.62,4.55,4.73,4.69,4.46,4.37,4,8.34,1,92.0,91.0,2.9364688544674404,418.0
0,4.0,1,1,0,0,0,0,0,1,0,0,0,1.0,2.0,3.0,1.0,999.0,247,191,255,4.57,4.69,4.61,4.79,4.66,4.46,4.29,4,7.41,1,92.0,91.0,2.9364688544674404,410.0
0,1.0,1,1,0,0,0,1,0,0,0,0,0,1.0,1.0,1.0,2.0,3.0,8,10,39,4.9,4.9,5.0,5.0,4.7,5.0,4.7,1,0.38,1,132.0,27.0,1.3552600927248315,336.5
1,1.0,1,1,0,1,0,0,0,1,0,0,0,1.0,1.0,2.0,2.0,365.0,141,111,255,4.89,4.87,4.88,4.99,4.95,4.73,4.71,1,4.12,1,84.0,84.0,4.334327409039263,244.31
0,1.0,1,1,0,0,0,0,0,0,1,0,0,1.5,3.0,3.0,3.0,21.0,65,2,0,4.5,4.5,4.5,4.5,5.0,5.0,4.5,1,0.08,1,142.0,26.0,4.167406683686465,256.77
0,1.0,1,1,0,0,0,0,1,0,0,0,0,1.0,2.0,1.0,4.0,5.0,11,7,16,5.0,5.0,5.0,5.0,5.0,4.86,4.57,1,0.27,1,140.0,26.0,1.569148280803455,358.4
0,1.0,1,1,0,0,0,0,0,1,0,0,0,2.0,3.0,2.0,2.0,30.0,27,17,39,4.94,5.0,4.76,4.94,5.0,4.71,4.47,1,0.63,1,143.0,26.0,4.795728717479451,322.5
0,1.0,1,1,0,0,0,1,0,0,0,0,0,1.5,1.0,1.0,2.0,365.0,87,3,0,5.0,5.0,5.0,5.0,5.0,5.0,5.0,1,0.12,1,139.0,26.0,2.6239882632457165,276.0
0,1.0,1,1,0,0,0,1,0,0,0,0,0,1.0,1.0,1.0,2.0,10.0,88,2,16,5.0,5.0,5.0,5.0,5.0,5.0,5.0,1,2.0,1,107.0,1.0,2.0945873454138666,297.0
1,1.0,1,1,0,0,0,0,0,1,0,0,0,1.0,2.0,2.0,2.0,30.0,231,18,86,4.89,5.0,4.78,5.0,5.0,5.0,4.94,1,0.75,1,106.0,26.0,3.3855787881724257,650.67
0,5.0,1,1,0,0,0,0,0,1,0,0,0,1.0,2.0,3.0,2.0,999.0,347,162,255,4.68,4.8,4.59,4.8,4.75,4.7,4.46,5,6.39,1,91.0,91.0,1.884520911720453,289.0
0,5.0,1,1,0,0,0,0,0,1,0,0,0,1.0,2.0,3.0,2.0,999.0,314,48,94,4.56,4.54,4.58,4.73,4.65,4.52,4.35,5,1.88,1,91.0,91.0,1.8842994076840172,414.5
0,5.0,1,1,0,0,0,0,0,1,0,0,0,1.0,2.0,3.0,2.0,999.0,254,8,39,4.75,4.75,4.75,4.5,4.88,4.88,4.5,5,0.31,1,91.0,91.0,1.8842994076840172,314.5
0,5.0,1,1,0,0,0,0,0,0,0,1,0,1.0,2.0,4.0,2.0,999.0,360,166,255,4.67,4.75,4.57,4.75,4.6,4.67,4.34,5,6.24,1,91.0,91.0,1.8842994076840172,379.5
0,5.0,1,1,0,0,0,0,0,0,0,1,0,1.0,2.0,4.0,2.0,999.0,354,74,255,4.57,4.74,4.5,4.68,4.61,4.7,4.34,5,2.86,1,91.0,91.0,1.8842994076840172,362.0
0,1.0,1,1,0,0,0,1,0,0,0,0,0,1.0,1.0,1.0,2.0,120.0,121,17,62,5.0,5.0,4.94,5.0,5.0,5.0,5.0,1,0.81,1,135.0,82.0,1.1753756918243163,399.5
0,2.0,1,1,0,0,0,0,0,1,0,0,0,1.0,1.0,2.0,1.0,999.0,159,79,255,4.32,4.51,4.23,4.58,4.34,4.76,4.11,2,3.13,1,26.0,26.0,1.1141864679143911,283.0
0,1.0,1,1,0,0,0,1,0,0,0,0,0,1.0,1.0,1.0,2.0,30.0,123,3,16,5.0,5.0,5.0,5.0,5.0,5.0,5.0,1,0.11,1,145.0,75.0,1.3183967427580967,342.67
1,1.0,1,1,0,0,0,1,0,0,0,0,0,1.0,1.0,1.0,2.0,21.0,10,21,78,5.0,5.0,4.86,4.95,5.0,4.95,4.57,1,0.79,1,119.0,112.0,3.3716101372691387,262.5
0,5.0,1,1,0,1,0,0,0,1,0,0,0,1.0,1.0,4.0,1.0,1000.0,41,113,255,4.69,4.72,4.66,4.77,4.87,4.87,4.65,5,4.37,1,70.0,70.0,0.5657774531086313,140.0
0,5.0,1,1,0,1,0,0,0,0,1,0,0,1.0,1.0,5.0,1.0,1000.0,67,140,255,4.67,4.66,4.69,4.74,4.82,4.87,4.41,5,5.26,1,70.0,70.0,0.5657774531086313,170.0
0,5.0,1,1,0,1,0,0,0,0,0,1,0,1.0,1.0,6.0,1.0,1000.0,57,71,255,4.62,4.69,4.52,4.63,4.77,4.86,4.59,5,2.78,1,70.0,70.0,0.5657774531086313,220.0
0,1.0,1,1,0,0,0,1,0,0,0,0,0,1.0,1.0,1.0,1.0,14.0,52,7,31,5.0,5.0,4.86,5.0,4.86,4.71,4.57,1,0.5,1,142.0,139.0,2.2368226694741438,258.67
0,1.0,1,1,0,0,0,0,0,1,0,0,0,1.0,3.0,4.0,4.0,30.0,89,4,0,4.75,4.75,4.75,4.75,4.75,4.25,4.25,1,0.15,1,179.0,26.0,2.8454945279503803,425.25
0,1.0,1,1,0,0,0,1,0,0,0,0,0,1.0,1.0,1.0,7.0,30.0,269,4,0,5.0,5.0,5.0,4.75,4.75,5.0,4.75,1,0.15,1,123.0,26.0,4.735009910637631,237.43
1,2.0,1,1,0,1,0,1,0,0,0,0,0,1.0,1.0,4.0,1.0,731.0,284,25,94,4.96,4.96,5.0,5.0,5.0,4.92,4.84,2,0.96,1,36.0,36.0,6.01031035380859,127.0
0,1.0,1,1,0,0,0,1,0,0,0,0,0,1.0,1.0,1.0,2.0,365.0,253,15,23,4.8,4.93,4.47,5.0,5.0,5.0,4.33,1,0.57,1,34.0,26.0,1.411143774065135,300.0
0,1.0,1,1,0,0,0,1,0,0,0,0,0,1.0,1.0,1.0,3.0,30.0,255,6,16,5.0,5.0,5.0,5.0,5.0,4.83,4.67,1,0.23,1,128.0,26.0,1.3574791327599363,428.0
0,1.0,1,1,0,0,0,0,0,1,0,0,0,1.0,2.0,2.0,2.0,365.0,182,20,62,5.0,5.0,5.0,5.0,5.0,4.95,4.8,1,0.76,1,120.0,75.0,2.894607042851183,428.0
0,1.0,1,1,0,0,0,0,0,1,0,0,0,1.0,2.0,2.0,1.0,60.0,219,14,31,4.93,4.93,4.93,4.86,4.93,5.0,4.79,1,0.53,1,127.0,42.0,1.0046148357350249,447.0
0,1.0,1,1,0,0,0,0,0,1,0,0,0,1.5,2.0,3.0,3.0,365.0,82,3,0,5.0,5.0,4.67,4.67,5.0,4.67,4.67,1,0.12,1,120.0,42.0,5.9981344920570905,360.33
0,1.0,1,1,0,0,0,0,0,1,0,0,0,1.0,2.0,3.0,3.0,30.0,100,4,8,4.5,4.5,5.0,5.0,4.75,4.25,4.25,1,0.16,1,26.0,26.0,2.100607226918771,350.0
0,2.0,1,1,0,0,0,0,0,1,0,0,0,1.0,1.0,3.0,1.0,999.0,258,249,255,4.41,4.39,4.49,4.74,4.61,4.66,4.22,2,9.99,1,90.0,90.0,1.457622959734022,240.0
0,2.0,1,1,0,0,0,0,0,0,0,1,0,1.0,2.0,4.0,1.0,999.0,223,180,255,4.22,4.11,4.19,4.63,4.52,4.71,4.04,2,6.89,1,90.0,90.0,1.457622959734022,422.0
1,40.0,1,0,0,1,0,0,0,0,0,0,0,1.0,1.0,1.0,7.0,365.0,26,5,28,5.0,4.8,4.6,5.0,5.0,4.8,4.2,10,0.2,1,144.0,137.0,2.7260589783197835,108.43
0,1.0,1,1,0,0,0,1,0,0,0,0,0,1.0,1.0,1.0,1.0,30.0,71,15,39,4.87,4.87,4.73,5.0,4.87,4.73,4.87,1,0.57,1,156.0,26.0,5.373032790424062,184.0
1,2.0,1,1,0,0,0,0,0,1,0,0,0,1.5,3.0,3.0,4.0,21.0,8,3,8,5.0,5.0,5.0,5.0,5.0,5.0,5.0,1,0.13,1,42.0,42.0,1.241272445878272,649.25
1,1.0,1,1,0,0,0,0,0,1,0,0,0,1.0,2.0,2.0,1.0,10.0,7,20,47,4.9,4.9,4.65,4.95,4.95,4.6,4.45,1,0.83,1,132.0,92.0,4.320280462700223,251.25
0,1.0,1,1,0,0,0,0,0,0,1,0,0,1.0,3.0,1.0,4.0,7.0,9,1,0,5.0,5.0,4.0,5.0,5.0,5.0,3.0,1,0.04,1,49.0,49.0,4.6493163963396915,342.5
0,1.0,1,1,0,0,0,1,0,0,0,0,0,1.5,1.0,1.0,1.0,30.0,178,17,78,4.76,4.76,4.65,4.59,4.71,4.41,4.29,1,0.65,1,98.0,26.0,6.8928807785829465,200.0
0,1.0,1,1,0,0,0,0,0,1,0,0,0,1.0,2.0,2.0,3.0,14.0,328,14,23,5.0,4.93,4.93,5.0,5.0,5.0,4.71,1,0.59,1,154.0,26.0,2.2966712873582344,742.0
1,1.0,1,1,0,0,0,0,0,1,0,0,0,1.5,2.0,2.0,3.0,365.0,271,84,250,4.89,4.87,4.94,4.94,4.95,4.96,4.79,1,3.19,1,148.0,144.0,1.8657400258553307,430.0
1,2.0,1,1,0,0,0,0,0,1,0,0,0,1.5,3.0,3.0,1.0,30.0,34,15,62,5.0,5.0,4.8,5.0,5.0,5.0,4.87,2,0.57,1,171.0,171.0,2.605107953733711,525.0
0,5.0,1,1,0,0,0,1,0,0,0,0,0,1.0,1.0,1.0,1.0,999.0,286,188,255,4.34,4.47,4.37,4.52,4.6,4.69,4.1,5,7.18,1,90.0,89.0,1.4556421969076925,149.5
0,5.0,1,1,0,0,0,1,0,0,0,0,0,1.0,1.0,1.0,1.0,999.0,300,56,218,4.2,3.89,4.21,4.34,4.34,4.63,3.95,5,2.14,1,90.0,89.0,1.4556421969076925,190.5
0,5.0,1,1,0,0,0,0,0,0,0,1,0,1.0,1.0,2.0,1.0,999.0,198,31,156,4.52,4.48,4.55,4.58,4.68,4.71,4.29,5,1.29,1,90.0,89.0,1.4556421969076925,453.5
0,1.0,1,1,0,0,0,0,0,0,0,1,0,1.0,4.0,4.0,2.0,30.0,107,3,0,4.67,5.0,4.67,4.67,5.0,4.67,4.67,1,0.12,1,118.0,118.0,7.639285287799475,338.0
0,1.0,1,1,0,0,0,1,0,0,0,0,0,1.0,1.0,1.0,3.0,365.0,71,3,8,4.67,5.0,4.33,4.33,5.0,4.67,4.33,1,0.2,1,166.0,16.0,2.7104651458816615,221.67
0,1.0,1,1,0,0,0,1,0,0,0,0,0,1.0,1.0,1.0,2.0,8.0,64,11,31,5.0,5.0,4.82,5.0,5.0,5.0,4.64,1,0.46,1,146.0,25.0,2.1502736001501335,243.67
0,1.0,1,1,0,0,0,1,0,0,0,0,0,1.0,1.0,1.0,5.0,365.0,45,0,0,-1.0,-1.0,-1.0,-1.0,-1.0,-1.0,-1.0,1,0.0,0,26.0,24.0,0.7984118266203384,513.57
0,1.0,1,1,0,0,0,1,0,0,0,0,0,1.0,1.0,1.0,3.0,365.0,75,8,39,4.88,4.75,4.88,5.0,4.88,5.0,4.75,1,0.34,1,26.0,25.0,0.8460402001070216,473.67
0,4.0,1,1,0,0,0,0,0,1,0,0,0,1.0,1.0,2.0,2.0,999.0,303,16,39,4.63,4.69,4.88,4.56,4.81,4.44,4.31,4,0.66,1,90.0,90.0,3.3640057172926343,283.0
0,4.0,1,1,0,0,0,0,0,1,0,0,0,1.0,2.0,3.0,2.0,999.0,234,18,47,4.78,4.78,4.78,5.0,4.83,4.44,4.67,4,0.73,1,90.0,90.0,3.364290143888735,271.0
0,4.0,1,1,0,0,0,0,0,1,0,0,0,1.0,2.0,3.0,2.0,999.0,326,35,140,4.51,4.57,4.34,4.66,4.6,4.4,4.06,4,1.39,1,90.0,90.0,3.3640057172926343,260.0
0,4.0,1,1,0,0,0,0,0,0,0,1,0,2.0,2.0,3.0,2.0,999.0,226,13,31,4.31,4.46,4.54,3.62,4.46,4.38,4.38,4,0.55,1,90.0,90.0,3.3640057172926343,450.0
0,1.0,1,1,0,0,0,1,0,0,0,0,0,1.0,1.0,1.0,4.0,1125.0,84,5,16,5.0,5.0,5.0,5.0,5.0,5.0,4.8,1,0.24,1,125.0,26.0,2.7781657493280787,245.75
0,1.0,1,1,0,0,0,1,0,0,0,0,0,1.5,1.0,1.0,2.0,365.0,139,11,23,5.0,5.0,4.91,5.0,5.0,5.0,4.91,1,0.55,1,97.0,21.0,0.7408107041885247,473.6
1,3.0,1,1,0,0,0,0,0,0,0,1,0,1.0,1.0,3.0,1.0,90.0,135,16,23,4.94,4.81,4.94,4.94,5.0,5.0,4.81,2,0.68,1,53.0,26.0,1.4000723141272835,363.75
0,1.0,1,1,0,0,0,0,0,0,1,0,0,1.0,3.0,6.0,6.0,14.0,10,8,36,4.75,4.88,4.38,5.0,5.0,5.0,4.5,1,0.35,1,26.0,26.0,3.675737470887286,254.83
0,1.0,1,1,0,0,0,1,0,0,0,0,0,1.0,1.0,1.0,7.0,30.0,13,1,14,5.0,5.0,5.0,5.0,5.0,5.0,5.0,1,0.1,1,124.0,26.0,5.471975574848512,193.02
0,1.0,1,1,0,0,0,1,0,0,0,0,0,1.0,1.0,1.0,5.0,30.0,224,15,40,5.0,4.93,4.93,4.93,5.0,5.0,4.8,1,0.57,1,130.0,26.0,1.0142533470064872,559.2
0,1.0,1,1,0,0,0,1,0,0,0,0,0,1.0,1.0,1.0,3.0,365.0,125,4,16,5.0,5.0,5.0,5.0,5.0,4.5,4.25,1,0.18,1,153.0,119.0,3.9179706519245396,224.0
0,1.0,1,1,0,0,0,1,0,0,0,0,0,1.0,2.0,4.0,1.0,365.0,145,5,0,4.4,4.8,4.4,5.0,5.0,4.8,4.2,1,0.19,1,142.0,137.0,3.5160399974110366,285.0
0,1.0,1,1,0,1,0,1,0,0,0,0,0,1.5,1.0,1.0,1.0,1125.0,16,18,8,4.39,4.17,4.22,4.72,4.72,4.17,3.94,1,0.68,1,109.0,103.0,5.348207650374485,151.0
0,1.0,1,1,0,0,0,1,0,0,0,0,0,1.0,1.0,1.0,3.0,365.0,19,10,23,5.0,4.9,4.9,5.0,5.0,4.9,4.7,1,0.39,1,163.0,25.0,1.9709134405301385,239.67
0,1.0,1,1,0,0,0,0,0,1,0,0,0,1.0,2.0,2.0,2.0,25.0,320,74,195,4.91,4.73,4.86,4.92,4.92,4.76,4.49,1,2.81,1,98.0,98.0,5.044847890347049,265.33
0,1.0,1,1,0,0,0,0,0,1,0,0,0,1.0,3.0,4.0,2.0,9.0,23,8,39,4.88,4.75,4.63,5.0,5.0,4.88,4.75,1,0.35,1,29.0,26.0,2.8461223288007744,427.0
0,1.0,1,1,0,0,0,1,0,0,0,0,0,1.0,1.0,1.0,1.0,365.0,269,0,0,-1.0,-1.0,-1.0,-1.0,-1.0,-1.0,-1.0,1,0.0,0,123.0,43.0,2.9325997469101024,457.0
0,1.0,1,1,0,0,0,0,0,0,0,1,0,2.0,3.0,3.0,5.0,20.0,126,2,0,5.0,5.0,5.0,5.0,5.0,5.0,5.0,1,0.09,1,26.0,26.0,8.7345603227717,479.4
0,1.0,1,1,0,0,0,0,0,1,0,0,0,1.0,3.0,2.0,2.0,30.0,32,7,23,4.86,5.0,4.86,5.0,5.0,4.86,4.86,1,0.31,1,135.0,26.0,4.479351608509919,251.25
1,1.0,1,1,0,0,0,0,0,1,0,0,0,1.0,3.0,2.0,3.0,14.0,29,21,70,5.0,5.0,4.95,4.95,5.0,5.0,5.0,1,0.86,1,76.0,26.0,1.5450864744710802,719.0
1,1.0,1,1,0,0,0,0,0,1,0,0,0,1.5,2.0,2.0,1.0,1125.0,170,29,94,4.93,4.93,4.86,4.97,4.97,4.79,4.79,1,1.13,1,105.0,26.0,2.3990142087832926,593.5
0,1.0,1,1,0,0,0,1,0,0,0,0,0,1.0,1.0,2.0,2.0,30.0,8,15,47,4.87,4.93,4.87,4.87,5.0,5.0,4.8,1,0.59,1,108.0,26.0,2.389655976234094,215.0
0,2.0,1,1,0,0,0,0,0,1,0,0,0,1.5,2.0,2.0,4.0,10.0,71,8,8,4.88,5.0,4.88,5.0,5.0,5.0,4.88,2,0.32,1,131.0,43.0,2.773302568031389,513.75
0,1.0,1,1,0,0,0,1,0,0,0,0,0,1.0,1.0,1.0,2.0,365.0,3,19,39,5.0,5.0,4.89,4.95,5.0,4.89,4.84,1,0.77,1,106.0,25.0,2.2947941766114144,257.0
0,1.0,1,1,0,0,0,1,0,0,0,0,0,1.0,1.0,1.0,7.0,365.0,56,14,14,4.93,4.64,4.57,4.93,5.0,4.71,4.64,1,0.56,1,26.0,26.0,2.265913206706513,143.36
0,1.0,1,1,0,0,0,1,0,0,0,0,0,1.0,1.0,1.0,1.0,30.0,156,5,0,5.0,5.0,4.4,5.0,4.4,4.8,4.8,1,0.19,1,30.0,26.0,2.1769517504562304,229.0
0,1.0,1,1,0,0,0,1,0,0,0,0,0,1.0,1.0,2.0,1.0,365.0,269,0,0,-1.0,-1.0,-1.0,-1.0,-1.0,-1.0,-1.0,1,0.0,0,120.0,26.0,2.1700583502324493,309.0
1,3.0,1,1,0,1,0,1,0,0,0,0,0,1.0,1.0,1.0,2.0,1125.0,288,29,62,4.97,4.93,4.97,4.93,5.0,5.0,4.83,3,1.12,1,129.0,25.0,1.6043082150961812,224.0
1,3.0,1,1,0,0,0,0,0,1,0,0,0,1.0,1.0,3.0,1.0,365.0,48,75,255,4.63,4.69,4.61,4.93,4.92,4.52,4.4,3,2.94,1,121.0,26.0,4.0940120111845495,327.67
0,1.0,1,1,0,0,0,0,0,1,0,0,0,2.0,4.0,2.0,3.0,30.0,16,10,0,5.0,4.9,4.9,5.0,5.0,4.8,4.8,1,0.4,1,26.0,26.0,3.8566557232611793,546.0
0,1.0,1,1,0,1,0,1,0,0,0,0,0,1.0,1.0,1.0,1.0,365.0,52,83,250,4.96,4.95,4.99,5.0,5.0,4.8,4.8,1,3.76,1,26.0,22.0,4.523279128531715,131.0
1,7.0,1,1,0,0,0,0,0,1,0,0,0,1.0,2.0,2.0,7.0,181.0,347,28,140,4.89,4.93,4.93,5.0,4.96,4.89,4.82,7,1.25,1,138.0,115.0,2.0719080099684897,356.71
0,1.0,1,1,0,0,0,0,0,1,0,0,0,1.0,2.0,2.0,2.0,5.0,17,7,23,5.0,5.0,5.0,5.0,5.0,5.0,5.0,1,0.29,1,99.0,26.0,1.5287344620877454,504.97
0,1.0,1,1,0,0,0,0,0,1,0,0,0,1.0,3.0,3.0,3.0,10.0,53,12,39,5.0,5.0,4.92,5.0,5.0,4.58,4.92,1,0.47,1,122.0,25.0,2.7236644034884017,551.67
0,8.0,1,1,0,1,0,0,0,1,0,0,0,1.0,1.0,1.0,1.0,7.0,170,23,109,4.52,4.65,4.48,4.57,4.61,4.61,4.52,8,0.93,1,88.0,86.0,1.5884061499935185,214.0
1,2.0,1,1,0,1,0,1,0,0,0,0,0,1.0,1.0,1.0,1.0,365.0,20,42,195,4.71,4.71,4.52,4.88,4.83,4.62,4.57,2,1.63,1,102.0,96.0,6.038330559046772,75.0
0,8.0,1,1,0,1,0,1,0,0,0,0,0,1.0,1.0,1.0,1.0,7.0,191,13,8,4.31,4.38,4.38,4.46,4.62,4.92,4.38,8,0.59,1,88.0,86.0,1.5884061499935185,135.0
0,8.0,1,1,0,1,0,0,0,0,0,0,0,1.0,1.0,1.0,1.0,7.0,185,47,133,4.51,4.57,4.62,4.91,4.62,4.87,4.53,8,1.81,1,88.0,86.0,1.6636381252771866,132.0
1,1.0,1,1,0,1,0,1,0,0,0,0,0,1.0,1.0,1.0,1.0,365.0,78,95,255,4.78,4.81,4.85,4.93,4.93,4.8,4.54,1,3.81,1,82.0,82.0,1.940117465686923,149.0
0,1.0,1,1,0,0,0,0,0,1,0,0,0,1.0,2.0,2.0,5.0,9.0,8,11,40,4.82,4.91,4.82,4.82,4.91,4.73,4.73,1,0.56,1,125.0,22.0,2.8046352898370728,373.0
0,8.0,1,1,0,1,0,1,0,0,0,0,0,1.0,1.0,1.0,1.0,7.0,192,5,23,4.8,4.8,5.0,4.6,4.6,4.6,4.8,8,0.21,1,88.0,86.0,1.5884061499935185,149.0
0,8.0,1,1,0,1,0,1,0,0,0,0,0,1.0,1.0,1.0,1.0,7.0,194,5,23,4.4,4.2,4.2,4.8,4.6,4.2,3.8,8,0.3,1,88.0,86.0,1.5884061499935185,156.0
0,8.0,1,1,0,1,0,1,0,0,0,0,0,1.0,1.0,2.0,1.0,7.0,166,3,8,3.67,3.33,4.0,3.67,3.67,3.67,4.0,8,0.16,1,88.0,86.0,1.5884061499935185,199.0
0,8.0,1,1,0,1,0,0,1,0,0,0,0,1.0,1.0,2.0,1.0,7.0,183,23,101,4.83,4.87,4.83,5.0,4.96,4.87,4.78,8,0.89,1,88.0,86.0,1.5884061499935185,163.0
1,7.0,1,1,0,0,0,0,0,1,0,0,0,1.0,2.0,2.0,7.0,181.0,345,50,252,4.9,4.94,4.86,4.96,4.9,4.98,4.78,7,1.99,1,138.0,115.0,2.0719080099684897,249.43
1,7.0,1,1,0,0,0,0,0,1,0,0,0,1.0,2.0,2.0,7.0,181.0,338,34,238,4.91,4.94,4.88,4.97,4.91,4.88,4.79,7,1.36,1,138.0,115.0,2.0719080099684897,249.43
0,1.0,1,1,0,0,0,1,0,0,0,0,0,1.0,1.0,1.0,1.0,35.0,218,16,39,5.0,4.94,4.88,5.0,5.0,5.0,4.88,1,0.74,1,152.0,82.0,1.6904444860923202,259.75
0,1.0,0,1,0,0,0,0,0,1,0,0,0,1.0,2.0,2.0,1.0,365.0,269,1,0,5.0,5.0,5.0,5.0,5.0,5.0,5.0,1,0.04,1,132.0,25.0,2.173383053502201,742.0
0,1.0,1,1,0,0,0,0,0,1,0,0,0,1.0,3.0,3.0,4.0,365.0,268,4,16,5.0,5.0,5.0,5.0,5.0,5.0,4.75,1,0.17,1,161.0,143.0,5.581211871073984,254.0
0,1.0,1,1,0,0,0,1,0,0,0,0,0,1.0,1.0,1.0,5.0,6.0,30,6,10,4.5,5.0,4.5,5.0,4.83,5.0,4.5,1,0.25,1,46.0,25.0,1.6778727748020084,228.4
1,1.0,1,1,0,0,0,0,0,0,0,1,0,1.5,2.0,3.0,1.0,365.0,123,155,255,4.92,4.91,4.92,4.98,4.95,4.98,4.75,1,6.01,1,127.0,25.0,0.6070127187202082,713.24
0,1.0,1,1,0,0,0,1,0,0,0,0,0,1.5,1.0,1.0,3.0,14.0,263,1,0,5.0,5.0,5.0,5.0,5.0,5.0,5.0,1,0.05,1,118.0,25.0,2.788178703845779,646.67
1,3.0,1,1,0,1,0,1,0,0,0,0,0,1.0,1.0,2.0,2.0,1125.0,295,69,172,4.96,4.96,4.97,4.93,4.93,4.97,4.86,3,2.67,1,129.0,25.0,1.838754021018349,238.0
1,1.0,1,0,0,0,0,0,0,1,0,0,0,1.0,1.0,2.0,1.0,365.0,191,165,255,4.79,4.84,4.7,4.81,4.65,4.92,4.61,1,6.31,1,172.0,172.0,1.3242715890592947,216.82
0,1.0,1,1,0,0,0,1,0,0,0,0,0,1.0,1.0,1.0,3.0,30.0,320,12,47,5.0,5.0,5.0,4.92,5.0,5.0,5.0,1,0.57,1,130.0,22.0,1.7433328065440683,258.67
0,1.0,1,1,0,0,0,1,0,0,0,0,0,1.5,1.0,1.0,5.0,100.0,335,9,20,4.78,4.78,4.89,4.89,4.56,4.78,4.44,1,0.37,1,118.0,25.0,0.5294246188193205,460.0
0,1.0,1,1,0,1,0,1,0,0,0,0,0,1.0,1.0,1.0,1.0,365.0,153,0,0,-1.0,-1.0,-1.0,-1.0,-1.0,-1.0,-1.0,1,0.0,0,114.0,25.0,1.7379468506472429,175.0
0,1.0,1,1,0,0,0,1,0,0,0,0,0,1.0,1.0,1.0,3.0,14.0,126,5,16,5.0,5.0,4.6,5.0,4.8,4.8,4.4,1,0.21,1,158.0,25.0,2.402274442505961,285.33
0,1.0,1,1,0,0,0,1,0,0,0,0,0,1.0,1.0,1.0,3.0,30.0,3,5,31,5.0,5.0,4.8,5.0,5.0,5.0,5.0,1,0.23,1,139.0,25.0,3.02439140453312,247.33
0,1.0,1,1,0,0,0,0,0,1,0,0,0,1.0,1.0,2.0,1.0,30.0,55,11,31,5.0,4.91,5.0,5.0,5.0,5.0,4.82,1,0.43,1,81.0,25.0,1.7021451764992526,435.67
0,1.0,1,1,0,0,0,1,0,0,0,0,0,1.0,1.0,1.0,3.0,30.0,314,18,39,5.0,5.0,5.0,5.0,5.0,5.0,4.78,1,0.75,1,75.0,25.0,1.6115959714490604,380.67
0,1.0,1,1,0,0,0,0,0,1,0,0,0,1.0,1.0,2.0,2.0,365.0,102,14,47,4.79,4.93,4.86,5.0,5.0,5.0,4.79,1,0.55,1,115.0,25.0,1.3583521606022606,479.5
0,1.0,1,1,0,0,0,1,0,0,0,0,0,1.0,1.0,1.0,3.0,365.0,26,1,0,5.0,5.0,5.0,5.0,5.0,5.0,5.0,1,0.04,1,124.0,25.0,1.336273776782182,331.0
0,1.0,1,1,0,0,0,1,0,0,0,0,0,1.0,1.0,1.0,2.0,365.0,4,4,31,4.75,5.0,5.0,4.75,4.5,4.75,4.75,1,0.43,1,106.0,24.0,1.4376363093136908,320.5
0,1.0,1,1,0,0,0,0,0,1,0,0,0,1.0,2.0,2.0,2.0,1125.0,64,12,31,4.42,4.58,4.25,4.25,4.5,4.67,4.25,1,0.54,1,25.0,25.0,1.2282210433595373,600.67
0,1.0,1,1,0,0,0,0,0,1,0,0,0,1.0,2.0,3.0,2.0,1125.0,82,16,47,4.94,4.81,4.94,4.75,5.0,4.88,4.75,1,0.64,1,151.0,107.0,2.453197813839862,396.24
1,1.0,1,1,0,1,0,1,0,0,0,0,0,1.0,1.0,1.0,1.0,365.0,5,24,94,4.75,4.79,4.75,4.96,4.88,4.92,4.54,1,0.95,1,58.0,30.0,1.8021882497592627,276.0
0,5.0,1,1,0,1,0,0,0,0,0,1,0,1.5,1.0,6.0,1.0,1000.0,61,75,255,4.56,4.69,4.63,4.75,4.8,4.83,4.49,5,3.18,1,70.0,70.0,0.6106247662382168,170.0
0,26.0,1,1,0,1,0,1,0,0,0,0,0,1.0,1.0,1.0,1.0,1125.0,27,24,31,4.5,4.71,4.58,4.54,4.67,4.71,4.33,17,0.93,1,130.0,130.0,1.4031033384684664,144.0
1,3.0,1,1,0,1,0,0,0,1,0,0,0,2.0,2.0,2.0,2.0,1125.0,259,11,23,4.82,4.64,4.91,4.82,5.0,4.91,4.55,3,0.45,1,129.0,25.0,1.8251968671453334,471.0
0,26.0,1,1,0,1,0,1,0,0,0,0,0,1.0,1.0,1.0,1.0,1125.0,26,44,55,4.48,4.59,4.34,4.66,4.68,4.93,4.43,17,1.7,1,130.0,130.0,1.376600595514999,172.5
0,1.0,1,1,0,0,0,1,0,0,0,0,0,1.0,1.0,1.0,3.0,365.0,101,7,31,5.0,5.0,4.86,5.0,4.86,5.0,4.57,1,0.29,1,122.0,25.0,2.1649299740552803,371.0
0,1.0,1,1,0,0,0,0,0,1,0,0,0,2.0,4.0,4.0,5.0,14.0,110,2,0,5.0,5.0,4.5,5.0,5.0,4.5,4.5,1,0.09,1,156.0,24.0,3.3034431210059476,501.0
0,1.0,1,1,0,0,0,0,0,1,0,0,0,1.5,3.0,4.0,1.0,30.0,25,14,62,5.0,4.93,4.86,5.0,5.0,5.0,4.93,1,0.61,1,176.0,25.0,1.792695865566069,695.74
0,1.0,1,1,0,0,0,0,0,0,1,0,0,1.5,3.0,2.0,3.0,18.0,16,4,0,5.0,5.0,5.0,5.0,5.0,4.75,5.0,1,0.16,1,164.0,124.0,3.5908277786149534,367.17
0,1.0,0,1,0,0,0,1,0,0,0,0,0,1.0,1.0,1.0,2.0,365.0,43,3,23,5.0,5.0,4.67,5.0,5.0,5.0,4.67,1,0.53,1,63.0,6.0,2.8422563997353283,228.5
1,48.0,1,1,0,0,0,0,0,1,0,0,0,1.0,2.0,2.0,4.0,1125.0,86,5,32,4.6,4.8,4.8,4.8,4.8,4.8,4.6,14,0.2,1,95.0,95.0,6.5431798254451,470.5
1,1.0,1,1,0,0,0,1,0,0,0,0,0,1.0,1.0,2.0,1.0,30.0,199,15,31,5.0,5.0,5.0,5.0,4.87,4.8,4.87,1,0.59,1,161.0,138.0,2.6624672982851463,290.0
0,1.0,1,1,0,0,0,1,0,0,0,0,0,1.0,1.0,1.0,3.0,30.0,72,1,0,5.0,5.0,4.0,5.0,5.0,5.0,5.0,1,0.05,1,81.0,24.0,2.18890657678386,296.6
0,1.0,0,1,0,0,0,1,0,0,0,0,0,1.0,1.0,1.0,3.0,365.0,253,9,16,5.0,4.89,5.0,5.0,5.0,5.0,4.78,1,0.36,1,62.0,25.0,2.7848658017409957,361.67
0,1.0,1,1,0,0,0,1,0,0,0,0,0,1.0,1.0,1.0,2.0,365.0,7,12,39,5.0,4.92,5.0,5.0,5.0,4.92,4.92,1,0.5,1,133.0,25.0,1.411713847448149,282.5
0,1.0,1,1,0,0,0,1,0,0,0,0,0,1.0,1.0,1.0,5.0,365.0,63,7,0,5.0,5.0,4.71,4.57,5.0,5.0,4.71,1,0.27,1,123.0,25.0,2.023580789102247,582.0
0,2.0,1,1,0,0,0,0,0,1,0,0,0,1.0,3.0,3.0,3.0,365.0,10,2,0,5.0,5.0,5.0,5.0,5.0,5.0,5.0,1,0.1,1,145.0,142.0,5.6292912697758135,314.0
1,8.0,1,1,0,1,0,0,0,1,0,0,0,1.0,2.0,2.0,1.0,999.0,319,22,23,4.86,4.86,4.91,4.95,4.68,4.95,4.59,8,0.87,1,55.0,55.0,0.9400032693999871,583.0
0,2.0,1,1,0,0,0,1,0,0,0,0,0,1.0,1.0,1.0,1.0,365.0,239,3,8,5.0,5.0,5.0,5.0,5.0,5.0,5.0,2,0.17,1,143.0,143.0,2.085383834500019,131.89
1,8.0,1,1,0,1,0,0,0,1,0,0,0,1.0,2.0,2.0,1.0,999.0,276,0,0,-1.0,-1.0,-1.0,-1.0,-1.0,-1.0,-1.0,8,0.0,0,55.0,55.0,0.8292718535810184,513.0
0,1.0,1,1,0,0,0,1,0,0,0,0,0,1.0,1.0,1.0,2.0,365.0,90,15,39,4.87,4.93,4.8,4.93,5.0,4.87,4.53,1,0.59,1,120.0,25.0,2.9212183384546098,225.5
0,1.0,1,1,0,0,0,0,1,0,0,0,0,1.0,2.0,1.0,4.0,30.0,8,12,40,5.0,5.0,4.67,5.0,5.0,4.75,4.75,1,0.47,1,150.0,25.0,3.921569477910928,299.75
0,7.0,1,1,0,0,0,1,0,0,0,0,0,1.0,1.0,1.0,1.0,999.0,294,100,255,4.61,4.62,4.44,4.82,4.73,4.62,4.38,7,3.96,1,92.0,92.0,2.3280626885978353,225.0
0,7.0,1,1,0,0,0,0,1,0,0,0,0,1.0,1.0,2.0,1.0,999.0,267,42,172,4.67,4.76,4.6,4.93,4.81,4.71,4.57,7,1.64,1,92.0,92.0,2.3280626885978353,248.5
0,7.0,1,1,0,0,0,0,0,1,0,0,0,1.0,1.0,2.0,1.0,999.0,296,241,255,4.6,4.63,4.56,4.88,4.76,4.56,4.39,7,9.56,1,92.0,92.0,2.3280626885978353,228.5
0,7.0,1,1,0,0,0,1,0,0,0,0,0,1.0,1.0,1.0,1.0,999.0,207,20,133,4.8,4.85,4.65,4.9,4.85,4.85,4.75,7,0.81,1,92.0,92.0,2.3280626885978353,278.0
0,7.0,1,1,0,0,0,0,0,1,0,0,0,1.0,1.0,2.0,1.0,999.0,279,23,94,4.7,4.7,4.52,5.0,4.7,4.61,4.3,7,0.93,1,92.0,92.0,2.3280626885978353,259.5
0,7.0,1,1,0,0,0,0,0,0,0,1,0,1.0,2.0,3.0,1.0,999.0,272,265,255,4.77,4.85,4.69,4.92,4.8,4.65,4.58,7,10.63,1,92.0,92.0,2.3280626885978353,279.5
1,1.0,1,1,0,0,0,0,0,1,0,0,0,1.0,2.0,2.0,1.0,365.0,290,128,255,4.98,4.97,4.98,4.99,4.99,4.97,4.88,1,5.5,1,79.0,23.0,1.0999186988254728,486.14
1,1.0,1,1,0,0,0,0,1,0,0,0,0,1.0,2.0,2.0,1.0,365.0,15,13,70,4.92,5.0,5.0,4.92,5.0,4.85,4.85,1,0.93,1,55.0,55.0,2.9464673162149895,548.0
1,1.0,1,1,0,0,0,1,0,0,0,0,0,1.0,1.0,1.0,1.0,999.0,63,14,86,4.64,4.43,4.79,4.86,4.71,4.57,4.14,1,0.59,1,101.0,101.0,3.577671115046837,309.0
0,1.0,1,1,0,0,0,1,0,0,0,0,0,1.0,1.0,1.0,1.0,30.0,263,2,0,4.5,4.5,5.0,5.0,5.0,4.0,4.5,1,0.09,1,129.0,25.0,2.007463259814895,343.0
0,1.0,1,1,0,0,0,1,0,0,0,0,0,1.0,1.0,1.0,4.0,365.0,11,13,48,4.92,4.77,4.85,5.0,4.92,4.54,4.54,1,0.52,1,142.0,29.0,2.451710108329107,205.5
0,1.0,1,1,0,0,0,1,0,0,0,0,0,1.0,1.0,1.0,1.0,365.0,44,89,255,4.66,4.69,4.74,4.89,4.84,4.88,4.58,1,3.61,1,79.0,79.0,0.8004693946960184,295.57
0,697.0,1,1,0,1,0,1,0,0,0,0,0,1.0,1.0,1.0,1.0,1125.0,285,0,0,-1.0,-1.0,-1.0,-1.0,-1.0,-1.0,-1.0,9,0.0,0,43.0,43.0,3.609627083804079,320.8
0,38.0,1,1,0,1,0,0,0,1,0,0,0,1.5,2.0,2.0,1.0,365.0,291,48,172,4.65,4.77,4.73,4.79,4.81,4.71,4.31,2,1.88,1,114.0,114.0,2.2282533645368536,210.0
0,1.0,1,1,0,0,0,0,0,1,0,0,0,1.0,1.0,2.0,2.0,30.0,153,13,31,4.92,4.92,4.92,4.92,4.92,4.77,4.62,1,0.53,1,143.0,25.0,2.337523030048156,226.0
1,1.0,1,1,0,0,0,0,0,1,0,0,0,1.0,2.0,2.0,2.0,365.0,143,79,255,4.97,4.9,5.0,4.97,5.0,4.86,4.9,1,3.14,1,162.0,146.0,5.498638978458638,249.5
0,1.0,1,1,0,0,0,1,0,0,0,0,0,1.0,1.0,1.0,3.0,14.0,320,6,47,5.0,5.0,5.0,5.0,5.0,5.0,5.0,1,0.53,1,127.0,11.0,2.4016192218374726,361.67
0,1.0,1,1,0,0,0,1,0,0,0,0,0,1.0,1.0,1.0,2.0,6.0,21,14,47,5.0,4.86,5.0,5.0,5.0,4.57,4.86,1,0.59,1,25.0,25.0,6.60307070265456,223.0
0,2.0,1,1,0,0,0,0,0,1,0,0,0,1.0,2.0,2.0,5.0,365.0,269,0,0,-1.0,-1.0,-1.0,-1.0,-1.0,-1.0,-1.0,1,0.0,0,143.0,140.0,4.501764014755944,411.0
0,1.0,1,1,0,1,0,1,0,0,0,0,0,1.0,1.0,1.0,2.0,14.0,247,6,16,5.0,5.0,5.0,5.0,5.0,5.0,5.0,1,0.24,1,153.0,25.0,2.5365766552017766,172.5
0,1.0,1,1,0,1,0,1,0,0,0,0,0,1.5,2.0,1.0,3.0,25.0,90,1,0,5.0,5.0,5.0,5.0,5.0,5.0,5.0,1,0.04,1,138.0,25.0,2.9730330816409816,318.62
0,1.0,1,1,0,0,0,0,0,1,0,0,0,2.0,2.0,2.0,3.0,365.0,225,10,16,4.9,4.9,4.8,4.9,5.0,4.9,4.7,1,0.41,1,123.0,41.0,2.3021614152893,666.0
0,1.0,1,1,0,0,0,0,0,1,0,0,0,1.0,2.0,2.0,3.0,365.0,128,14,78,5.0,4.93,4.93,5.0,5.0,4.71,4.57,1,0.59,1,119.0,25.0,2.1643710587419007,394.0
0,3.0,1,1,0,0,0,0,0,0,1,0,0,1.0,3.0,2.0,6.0,36.0,269,2,0,5.0,4.5,5.0,5.0,5.0,5.0,4.0,2,0.11,1,167.0,122.0,1.4739477126298444,751.33
0,1.0,1,1,0,0,0,0,1,0,0,0,0,1.0,1.0,1.0,2.0,15.0,24,24,78,4.83,4.71,4.79,4.58,4.96,4.5,4.42,1,0.96,1,25.0,25.0,2.1372838725588723,205.5
0,1.0,1,1,0,0,0,0,0,1,0,0,0,1.0,2.0,2.0,2.0,365.0,130,13,47,5.0,5.0,4.92,5.0,5.0,5.0,4.92,1,0.52,1,115.0,25.0,1.5735958197463642,601.33
0,1.0,1,1,0,0,0,1,0,0,0,0,0,1.0,1.0,1.0,3.0,14.0,82,18,31,4.94,4.94,4.94,4.94,5.0,4.94,4.78,1,0.73,1,141.0,76.0,2.726102053560917,258.67
0,1.0,1,1,0,0,0,0,0,1,0,0,0,1.0,2.0,3.0,3.0,30.0,130,26,94,4.73,4.73,4.5,4.96,4.92,4.65,4.35,1,1.05,1,25.0,25.0,3.4983334910184736,328.67
0,1.0,1,1,0,0,0,1,0,0,0,0,0,1.0,1.0,1.0,2.0,27.0,264,11,23,5.0,5.0,5.0,5.0,5.0,5.0,5.0,1,0.44,1,100.0,25.0,1.7770702863255596,338.5
0,1.0,1,1,0,0,0,0,1,0,0,0,0,1.0,1.0,2.0,3.0,30.0,6,9,16,5.0,4.89,5.0,5.0,5.0,5.0,5.0,1,0.37,1,153.0,25.0,2.5034348582015578,350.0
0,1.0,1,1,0,1,0,0,1,0,0,0,0,1.0,2.0,2.0,1.0,365.0,249,30,94,4.77,4.77,4.77,4.87,4.87,4.83,4.63,1,1.41,1,159.0,115.0,4.683619252604287,171.0
0,5.0,1,1,0,0,0,1,0,0,0,0,0,1.0,1.0,1.0,2.0,999.0,364,155,255,4.62,4.66,4.66,4.83,4.74,4.67,4.4,5,6.27,1,92.0,92.0,2.3969937335352656,208.5
0,5.0,1,1,0,0,0,0,0,1,0,0,0,1.0,1.0,2.0,2.0,999.0,342,238,255,4.61,4.6,4.53,4.87,4.71,4.56,4.34,5,9.62,1,92.0,92.0,2.3969937335352656,219.5
0,5.0,1,1,0,0,0,0,0,1,0,0,0,1.0,1.0,2.0,2.0,999.0,362,62,211,4.82,4.89,4.81,4.92,4.85,4.79,4.61,5,2.48,1,92.0,92.0,2.3969937335352656,268.0
0,5.0,1,1,0,0,0,0,0,0,0,1,0,1.0,2.0,4.0,2.0,999.0,342,100,255,4.52,4.53,4.31,4.77,4.66,4.65,4.34,5,4.03,1,92.0,92.0,2.3969937335352656,432.0
0,5.0,1,1,0,0,0,0,0,0,0,1,0,1.0,1.0,2.0,2.0,999.0,315,23,78,4.43,4.65,4.57,4.87,4.74,4.57,4.22,5,0.95,1,92.0,92.0,2.3969937335352656,488.5
1,2.0,1,1,0,1,0,1,0,0,0,0,0,1.0,1.0,1.0,2.0,365.0,81,102,255,4.99,4.93,4.97,4.97,4.95,4.99,4.88,1,4.07,1,144.0,54.0,1.2176120002751347,231.43
0,1.0,1,1,0,0,0,1,0,0,0,0,0,1.0,1.0,1.0,2.0,5.0,129,13,23,5.0,5.0,5.0,4.92,5.0,5.0,4.85,1,0.55,1,124.0,23.0,1.131670289139726,565.0
1,1.0,1,1,0,0,0,0,1,0,0,0,0,1.0,1.0,1.0,2.0,15.0,10,18,31,5.0,4.94,4.94,5.0,5.0,4.94,4.72,1,0.74,1,109.0,25.0,1.4882170245801722,373.0
0,1.0,1,1,0,0,0,0,0,1,0,0,0,1.0,4.0,1.0,1.0,1125.0,124,8,39,5.0,4.88,4.5,4.88,4.88,4.88,4.5,1,0.38,1,179.0,170.0,2.1765599578947614,377.0
0,1.0,1,1,0,0,0,1,0,0,0,0,0,1.0,1.0,1.0,5.0,30.0,176,1,0,5.0,5.0,5.0,5.0,5.0,5.0,5.0,1,0.08,1,123.0,25.0,2.529190270315465,244.4
0,1.0,1,1,0,0,0,1,0,0,0,0,0,1.0,2.0,1.0,4.0,14.0,48,6,8,5.0,5.0,5.0,5.0,5.0,5.0,5.0,1,0.24,1,145.0,25.0,3.810701730207991,228.25
0,1.0,1,1,0,0,0,1,0,0,0,0,0,1.0,1.0,2.0,3.0,30.0,267,3,16,5.0,5.0,5.0,5.0,5.0,5.0,4.67,1,0.14,1,121.0,121.0,2.95087283955883,384.67
0,3.0,1,1,0,0,0,1,0,0,0,0,0,1.0,1.0,1.0,3.0,30.0,165,16,39,4.88,4.94,4.81,5.0,5.0,4.88,4.75,1,0.75,1,99.0,24.0,2.448063895962782,357.57
0,1.0,1,1,0,0,0,0,0,1,0,0,0,1.5,3.0,2.0,4.0,21.0,13,7,16,5.0,5.0,5.0,4.86,5.0,5.0,5.0,1,0.3,1,173.0,24.0,3.783117324364193,362.5
0,1.0,1,1,0,0,0,1,0,0,0,0,0,1.0,1.0,1.0,2.0,30.0,5,14,47,4.86,4.93,4.79,5.0,5.0,4.93,4.79,1,0.59,1,143.0,24.0,1.3252795212194923,462.5
0,1.0,1,1,0,0,0,0,0,1,0,0,0,1.0,2.0,2.0,3.0,30.0,363,2,8,4.0,4.0,4.5,4.0,4.5,4.5,3.5,1,0.14,1,136.0,33.0,2.8954887443259327,789.33
0,1.0,1,1,0,0,0,1,0,0,0,0,0,1.0,1.0,1.0,2.0,30.0,356,0,0,-1.0,-1.0,-1.0,-1.0,-1.0,-1.0,-1.0,1,0.0,0,107.0,20.0,3.0945055969060067,342.5
0,1.0,1,1,0,0,0,1,0,0,0,0,0,1.5,1.0,1.0,5.0,600.0,363,7,10,5.0,5.0,4.86,5.0,5.0,5.0,4.71,1,0.33,1,76.0,25.0,1.1442543341014557,485.0
0,1.0,1,1,0,0,0,0,0,1,0,0,0,1.5,2.0,2.0,2.0,365.0,80,18,101,4.94,4.89,4.89,4.94,4.89,5.0,4.83,1,0.82,1,141.0,123.0,0.9889592146892088,514.0
1,7.0,1,1,0,0,0,1,0,0,0,0,0,1.0,1.0,1.0,1.0,999.0,233,254,255,4.81,4.87,4.77,4.89,4.85,4.36,4.59,7,10.28,1,81.0,78.0,3.8515727214803195,183.5
1,7.0,1,1,0,0,0,1,0,0,0,0,0,1.0,1.0,1.0,1.0,999.0,256,108,255,4.72,4.85,4.81,4.93,4.83,4.45,4.5,7,4.31,1,81.0,78.0,3.8515727214803195,213.5
1,7.0,1,1,0,0,0,0,0,1,0,0,0,1.0,1.0,2.0,1.0,999.0,258,255,255,4.7,4.7,4.73,4.76,4.68,4.28,4.44,7,10.32,1,81.0,78.0,3.85126346193036,239.5
1,7.0,1,1,0,0,0,0,0,1,0,0,0,1.0,1.0,2.0,1.0,999.0,187,26,172,4.77,4.81,4.69,4.77,4.69,4.42,4.5,7,1.75,1,81.0,78.0,3.85126346193036,207.5
1,7.0,1,1,0,0,0,0,0,1,0,0,0,1.0,1.0,2.0,1.0,999.0,243,132,255,4.81,4.86,4.77,4.83,4.73,4.43,4.52,7,5.29,1,81.0,78.0,3.85126346193036,276.5
1,7.0,1,1,0,0,0,0,0,1,0,0,0,1.0,1.0,2.0,1.0,999.0,207,27,156,4.81,4.89,4.89,4.78,4.89,4.48,4.78,7,1.09,1,81.0,78.0,3.85126346193036,202.5
1,7.0,1,1,0,0,0,0,0,0,0,1,0,1.0,1.0,1.0,1.0,999.0,209,117,255,4.76,4.79,4.7,4.73,4.74,4.29,4.58,7,4.95,1,81.0,78.0,3.85126346193036,337.0
0,1.0,1,1,0,0,0,1,0,0,0,0,0,1.0,1.0,1.0,6.0,30.0,288,4,12,4.75,4.5,4.5,5.0,5.0,5.0,4.25,1,0.28,1,78.0,16.0,1.8627659395951146,299.67
0,3.0,1,1,0,0,0,0,1,0,0,0,0,1.0,1.0,2.0,1.0,365.0,248,7,23,5.0,5.0,4.86,5.0,5.0,4.86,4.71,2,0.3,1,142.0,31.0,3.5252668559144524,303.0
0,4.0,1,1,0,0,0,1,0,0,0,0,0,1.0,1.0,1.0,1.0,365.0,281,19,101,4.74,4.79,4.68,4.89,4.84,4.95,4.47,3,0.88,1,95.0,32.0,1.7144337467980222,285.29
0,4.0,1,1,0,0,0,1,0,0,0,0,0,1.0,1.0,1.0,2.0,365.0,179,18,78,4.89,4.94,4.94,5.0,4.78,4.94,4.67,3,0.74,1,95.0,32.0,1.5713643907668335,228.24
0,1.0,1,1,0,0,0,0,1,0,0,0,0,1.0,2.0,2.0,1.0,30.0,99,2,16,5.0,5.0,5.0,5.0,5.0,5.0,5.0,1,0.98,1,154.0,25.0,2.207310937967145,320.0
1,15.0,1,1,0,0,0,1,0,0,0,0,0,1.0,1.0,1.0,7.0,365.0,27,4,42,4.5,4.75,4.25,5.0,5.0,4.75,4.5,4,0.23,1,103.0,97.0,1.4616698613454666,280.65
0,1.0,1,1,0,0,0,1,0,0,0,0,0,1.0,1.0,1.0,2.0,25.0,221,3,0,4.67,4.67,5.0,4.67,5.0,4.67,4.67,1,0.13,1,54.0,25.0,1.2114402983007948,245.5
0,1.0,1,1,0,0,0,0,0,1,0,0,0,1.5,3.0,3.0,1.0,30.0,94,10,39,5.0,5.0,4.9,5.0,5.0,5.0,4.9,1,0.43,1,130.0,113.0,4.070291054012677,514.0
1,1.0,1,1,0,0,0,0,0,1,0,0,0,1.0,3.0,3.0,1.0,15.0,30,14,62,5.0,4.93,4.93,5.0,4.93,5.0,4.57,1,0.59,1,134.0,134.0,1.7799453842911994,711.0
0,1.0,1,1,0,0,0,1,0,0,0,0,0,1.0,1.0,1.0,1.0,90.0,363,3,8,5.0,5.0,5.0,5.0,5.0,5.0,5.0,1,0.14,1,128.0,24.0,2.9899029359150657,314.0
0,1.0,1,1,0,0,0,1,0,0,0,0,0,1.0,1.0,1.0,1.0,3.0,10,12,94,5.0,4.92,5.0,5.0,5.0,4.75,4.75,1,1.42,1,87.0,9.0,3.118341089059428,190.33
1,1.0,1,1,0,1,0,1,0,0,0,0,0,1.0,1.0,1.0,1.0,365.0,118,66,156,4.82,4.79,4.82,4.83,4.83,4.65,4.62,1,2.64,1,24.0,24.0,6.046926868512714,159.76
1,1.0,1,1,0,0,0,1,0,0,0,0,0,1.0,1.0,1.0,1.0,365.0,254,111,255,4.93,4.86,4.98,4.86,4.97,4.84,4.81,1,6.85,1,156.0,101.0,4.05612316755403,185.0
0,1.0,1,1,0,0,0,1,0,0,0,0,0,1.0,1.0,1.0,4.0,30.0,57,8,0,5.0,5.0,5.0,4.75,5.0,5.0,4.5,1,0.33,1,83.0,24.0,2.3708589406703435,382.5
0,1.0,1,1,0,0,0,1,0,0,0,0,0,1.0,2.0,2.0,3.0,7.0,13,0,0,-1.0,-1.0,-1.0,-1.0,-1.0,-1.0,-1.0,1,0.0,0,135.0,103.0,1.2186106551865168,445.33
0,1.0,1,1,0,0,0,0,0,1,0,0,0,1.0,2.0,2.0,1.0,5.0,15,11,31,4.91,4.91,5.0,5.0,5.0,5.0,4.73,1,0.46,1,59.0,38.0,1.158682942506971,520.4
0,1.0,1,1,0,0,0,0,0,1,0,0,0,2.0,4.0,4.0,5.0,30.0,81,3,10,5.0,5.0,5.0,5.0,5.0,4.33,4.67,1,0.14,1,137.0,52.0,4.183565747560384,418.5
0,1.0,1,1,0,0,0,0,1,0,0,0,0,1.0,2.0,3.0,1.0,21.0,177,5,8,5.0,5.0,5.0,4.8,5.0,4.8,4.8,1,0.21,1,44.0,33.0,2.5466391589100166,423.0
0,1.0,1,1,0,0,0,0,0,0,1,0,0,1.5,2.0,3.0,3.0,365.0,9,6,23,4.67,4.33,3.67,4.5,4.83,4.67,4.0,1,0.26,1,24.0,24.0,5.89273997355817,380.67
0,1.0,1,1,0,0,0,0,0,1,0,0,0,1.0,2.0,3.0,2.0,30.0,153,10,47,5.0,5.0,5.0,5.0,5.0,4.9,4.9,1,0.41,1,89.0,24.0,2.2527918041628463,645.0
0,1.0,1,1,0,0,0,0,0,1,0,0,0,1.0,2.0,2.0,6.0,15.0,160,2,24,5.0,5.0,5.0,5.0,5.0,5.0,5.0,1,1.3,1,135.0,126.0,1.325806515639326,627.67
0,1.0,1,1,0,0,0,0,1,0,0,0,0,1.0,1.0,2.0,2.0,365.0,264,12,31,4.92,4.75,4.83,5.0,5.0,5.0,4.75,1,0.5,1,103.0,23.0,2.5099198273192784,348.25
0,1.0,1,1,0,0,0,0,0,1,0,0,0,1.5,3.0,4.0,4.0,6.0,144,3,0,4.67,5.0,5.0,5.0,5.0,4.67,4.67,1,0.13,1,129.0,24.0,3.917071421371002,399.5
0,1.0,1,1,0,0,0,1,0,0,0,0,0,1.0,1.0,1.0,3.0,1125.0,10,1,0,5.0,5.0,5.0,5.0,5.0,5.0,5.0,1,0.04,1,24.0,24.0,3.247210265876134,247.67
0,1.0,1,1,0,0,0,0,0,1,0,0,0,1.0,2.0,2.0,3.0,30.0,358,16,55,5.0,5.0,4.94,5.0,5.0,5.0,4.75,1,0.66,1,103.0,24.0,2.0639531226343584,599.33
1,1.0,1,1,0,0,0,0,0,0,1,0,0,2.0,2.0,2.0,2.0,365.0,64,27,94,4.74,4.59,4.56,5.0,4.85,4.81,4.44,1,1.08,1,120.0,48.0,2.7110568227768224,422.24
0,10.0,1,1,0,1,0,0,0,1,0,0,0,1.0,1.0,2.0,1.0,99.0,72,9,23,4.44,4.67,4.33,4.56,4.67,5.0,3.78,10,0.62,1,121.0,121.0,0.6899863140397908,244.5
0,3.0,1,1,0,1,0,1,0,0,0,0,0,1.0,1.0,2.0,1.0,365.0,159,2,16,5.0,5.0,5.0,5.0,5.0,5.0,4.5,3,0.17,1,24.0,24.0,1.1724465418693009,206.0
0,1.0,1,1,0,0,0,0,0,0,0,1,0,1.5,3.0,4.0,1.0,365.0,5,5,23,5.0,5.0,4.8,4.8,5.0,4.8,4.6,1,0.22,1,148.0,95.0,1.4204096404296835,681.0
0,1.0,1,1,0,0,0,1,0,0,0,0,0,1.0,1.0,2.0,2.0,60.0,10,3,0,5.0,5.0,4.67,5.0,5.0,5.0,5.0,1,0.21,1,136.0,71.0,2.5579084259362674,300.0
0,1.0,1,1,0,0,0,0,1,0,0,0,0,1.0,2.0,2.0,1.0,365.0,81,9,23,4.89,4.89,4.89,5.0,5.0,4.89,4.67,1,0.38,1,61.0,24.0,2.8560595462807425,280.0
0,1.0,1,1,0,0,0,1,0,0,0,0,0,1.0,1.0,1.0,3.0,30.0,157,22,62,4.73,4.73,4.45,4.82,4.91,4.91,4.59,1,0.9,1,39.0,24.0,2.638606073897247,251.33
0,1.0,1,1,0,0,0,1,0,0,0,0,0,1.0,1.0,1.0,1.0,365.0,72,15,31,5.0,5.0,4.87,5.0,4.87,5.0,4.73,1,0.61,1,123.0,35.0,1.7720673344900826,206.0
1,7.0,1,1,0,0,0,0,0,1,0,0,0,1.0,2.0,2.0,7.0,181.0,343,26,112,5.0,5.0,4.92,5.0,5.0,4.92,4.81,7,1.11,1,138.0,115.0,2.0902685321248264,400.86
1,7.0,1,1,0,0,0,0,0,1,0,0,0,1.0,2.0,2.0,7.0,181.0,358,22,98,4.86,4.73,4.73,4.91,4.95,4.95,4.59,7,0.94,1,138.0,115.0,2.0913148712022185,208.43
0,1.0,1,1,0,0,0,0,0,0,1,0,0,1.0,2.0,3.0,3.0,30.0,24,17,31,4.88,4.82,4.82,4.82,4.88,5.0,4.71,1,0.72,1,112.0,24.0,0.4603328567981641,380.67
1,3.0,1,1,0,1,0,1,0,0,0,0,0,1.0,1.0,1.0,1.0,8.0,113,65,255,4.97,4.98,4.98,4.98,4.98,5.0,4.82,3,2.61,1,125.0,125.0,0.876810762173904,200.0
0,2.0,1,1,0,0,0,0,0,1,0,0,0,1.0,3.0,3.0,7.0,60.0,225,1,0,5.0,5.0,5.0,5.0,5.0,5.0,5.0,2,0.04,1,84.0,29.0,7.050666885215873,204.38
0,1.0,1,1,0,0,0,1,0,0,0,0,0,1.5,1.0,1.0,1.0,7.0,233,15,31,4.93,4.93,4.8,4.93,4.93,4.8,4.53,1,0.62,1,114.0,24.0,2.3509983916293034,252.0
0,1.0,1,1,0,0,0,0,0,1,0,0,0,1.0,2.0,2.0,3.0,21.0,196,1,8,5.0,5.0,5.0,5.0,5.0,5.0,5.0,1,0.11,1,150.0,11.0,0.8890380430552279,515.67
0,1.0,1,1,0,0,0,0,0,1,0,0,0,2.0,3.0,3.0,1.0,30.0,286,4,16,5.0,5.0,5.0,5.0,5.0,5.0,5.0,1,0.23,1,126.0,24.0,1.579729534796447,628.0
0,1.0,0,1,0,0,0,1,0,0,0,0,0,1.0,1.0,1.0,1.0,8.0,80,10,39,4.8,5.0,5.0,5.0,5.0,4.89,4.67,1,0.48,1,145.0,22.0,1.4824494768328564,246.0
0,1.0,1,1,0,0,0,0,0,1,0,0,0,2.0,3.0,2.0,5.0,50.0,153,2,10,5.0,5.0,5.0,5.0,5.0,5.0,5.0,1,0.15,1,130.0,24.0,5.802614317083065,279.6
0,1.0,1,1,0,0,0,1,0,0,0,0,0,1.0,1.0,1.0,3.0,365.0,155,1,8,5.0,5.0,5.0,5.0,5.0,5.0,5.0,1,0.64,1,56.0,6.0,1.767558713874406,235.41
1,1.0,1,1,0,0,0,1,0,0,0,0,0,1.0,1.0,1.0,1.0,33.0,51,20,31,4.85,4.8,4.7,4.85,4.95,4.95,4.6,1,0.83,1,171.0,171.0,0.8171222290179228,246.78
0,1.0,1,1,0,0,0,1,0,0,0,0,0,1.0,1.0,1.0,2.0,365.0,250,3,8,5.0,5.0,5.0,5.0,5.0,5.0,4.33,1,0.13,1,33.0,24.0,2.783443341729225,250.5
0,1.0,1,1,0,0,0,1,0,0,0,0,0,1.0,1.0,1.0,2.0,30.0,32,12,16,5.0,5.0,4.92,5.0,5.0,5.0,4.67,1,0.51,1,120.0,24.0,3.335019253058488,226.0
0,1.0,1,1,0,0,0,1,0,0,0,0,0,1.0,1.0,1.0,3.0,1125.0,13,6,0,4.5,4.67,4.67,4.67,4.83,4.83,4.67,1,0.26,1,168.0,150.0,2.1985133827900665,293.0
0,1.0,1,1,0,0,0,0,0,1,0,0,0,1.0,2.0,2.0,2.0,7.0,194,26,86,4.92,4.96,4.85,4.85,4.85,4.65,4.77,1,1.1,1,89.0,24.0,6.666774542727104,261.5
0,1.0,1,1,0,0,0,0,0,0,1,0,0,2.0,4.0,4.0,3.0,365.0,44,6,8,5.0,4.83,4.83,5.0,5.0,5.0,4.83,1,0.27,1,134.0,122.0,4.838752463670073,454.67
0,1.0,1,1,0,0,0,1,0,0,0,0,0,1.0,1.0,1.0,1.0,30.0,119,18,31,4.89,4.94,4.89,5.0,4.94,4.94,4.94,1,0.76,1,129.0,24.0,3.188783679624658,221.25
0,1.0,1,1,0,0,0,0,0,1,0,0,0,1.0,3.0,4.0,4.0,21.0,183,0,0,-1.0,-1.0,-1.0,-1.0,-1.0,-1.0,-1.0,1,0.0,0,147.0,0.0,2.83856196175732,451.75
0,1.0,1,1,0,0,0,0,1,0,0,0,0,1.0,1.0,2.0,1.0,25.0,32,11,31,4.91,4.82,5.0,4.91,5.0,5.0,4.82,1,0.48,1,24.0,24.0,3.726220948643188,229.0
0,2.0,0,1,0,1,0,1,0,0,0,0,0,1.0,1.0,1.0,2.0,365.0,75,99,255,4.93,4.96,4.94,4.97,4.99,4.97,4.76,2,4.1,1,7.0,6.0,1.3667371025597375,217.0
0,2.0,0,1,0,1,0,1,0,0,0,0,0,1.0,1.0,1.0,2.0,365.0,31,80,255,4.95,4.98,4.94,4.98,4.98,4.91,4.79,2,3.34,1,7.0,6.0,1.3669307835402476,190.33
0,1.0,1,1,0,0,0,0,0,1,0,0,0,1.0,2.0,3.0,2.0,365.0,74,10,39,4.5,4.5,4.0,4.7,4.7,4.8,4.5,1,0.49,1,146.0,146.0,2.4019170726266177,255.06
0,1.0,1,1,0,1,0,1,0,0,0,0,0,1.0,1.0,1.0,2.0,28.0,288,48,226,4.67,4.77,4.42,4.9,4.88,4.81,4.44,1,2.02,1,24.0,24.0,3.3616560203420223,119.5
0,1.0,1,1,0,0,0,1,0,0,0,0,0,1.0,1.0,1.0,4.0,30.0,331,7,16,5.0,5.0,5.0,4.71,5.0,4.86,5.0,1,0.33,1,104.0,21.0,1.7578216147530048,334.0
0,1.0,1,1,0,0,0,1,0,0,0,0,0,1.0,1.0,1.0,4.0,18.0,193,8,24,5.0,5.0,5.0,4.88,5.0,4.88,4.88,1,0.36,1,102.0,24.0,2.7860338569675167,331.0
0,1.0,1,1,0,0,0,1,0,0,0,0,0,1.0,1.0,1.0,5.0,365.0,85,5,10,5.0,4.6,5.0,5.0,5.0,4.6,4.8,1,0.22,1,154.0,154.0,3.732120454578679,361.75
0,1.0,1,1,0,0,0,0,0,1,0,0,0,1.0,4.0,2.0,6.0,100.0,205,4,0,5.0,5.0,5.0,5.0,5.0,5.0,5.0,1,0.17,1,60.0,33.0,2.117496790132395,609.67
0,1.0,1,1,0,0,0,0,1,0,0,0,0,1.0,1.0,1.0,2.0,30.0,355,13,62,4.92,5.0,5.0,5.0,4.92,4.92,4.92,1,0.58,1,92.0,24.0,2.301002974874269,599.5
0,1.0,1,1,0,0,0,1,0,0,0,0,0,1.0,1.0,1.0,5.0,365.0,80,2,10,5.0,5.0,5.0,5.0,5.0,5.0,5.0,1,0.15,1,138.0,121.0,2.697561118637185,229.4
0,1.0,1,1,0,0,0,1,0,0,0,0,0,1.0,1.0,1.0,2.0,365.0,55,5,0,5.0,5.0,4.8,5.0,5.0,5.0,4.8,1,0.22,1,109.0,24.0,3.098469745342555,171.5
0,1.0,1,1,0,0,0,0,0,1,0,0,0,2.0,3.0,3.0,3.0,30.0,27,7,39,5.0,5.0,4.86,4.43,5.0,4.86,4.71,1,0.3,1,127.0,89.0,3.55401262092608,361.67
0,1.0,1,1,0,0,0,1,0,0,0,0,0,1.0,1.0,1.0,1.0,5.0,52,14,47,4.93,4.93,4.79,4.93,4.86,5.0,4.86,1,0.62,1,118.0,23.0,0.9284376286732268,363.0
0,1.0,1,1,0,0,0,1,0,0,0,0,0,1.0,1.0,1.0,2.0,30.0,73,0,0,-1.0,-1.0,-1.0,-1.0,-1.0,-1.0,-1.0,1,0.0,0,162.0,153.0,4.060341962034627,228.5
0,1.0,1,1,0,0,0,0,0,1,0,0,0,2.5,2.0,1.0,1.0,365.0,101,8,23,5.0,5.0,5.0,5.0,5.0,5.0,5.0,1,0.36,1,132.0,131.0,1.3686032805538464,627.65
0,1.0,1,1,0,0,0,1,0,0,0,0,0,1.0,1.0,1.0,4.0,9.0,35,11,40,4.91,4.91,5.0,5.0,5.0,4.91,4.64,1,0.46,1,87.0,23.0,1.7547148353477202,314.0
0,6.0,1,1,0,1,0,1,0,0,0,0,0,1.0,1.0,1.0,1.0,731.0,325,29,101,4.69,4.62,4.76,4.83,4.59,4.86,4.52,6,1.24,1,24.0,24.0,1.265188100828443,505.0
0,6.0,1,1,0,1,0,1,0,0,0,0,0,1.0,1.0,1.0,1.0,731.0,329,0,0,-1.0,-1.0,-1.0,-1.0,-1.0,-1.0,-1.0,6,0.0,0,24.0,24.0,1.265188100828443,554.0
0,6.0,1,1,0,1,0,1,0,0,0,0,0,1.0,1.0,1.0,1.0,731.0,337,4,0,3.5,3.5,4.0,4.0,4.0,5.0,3.25,6,0.19,1,24.0,24.0,1.265188100828443,461.0
0,6.0,1,1,0,1,0,1,0,0,0,0,0,1.0,1.0,1.0,1.0,731.0,279,0,0,-1.0,-1.0,-1.0,-1.0,-1.0,-1.0,-1.0,6,0.0,0,24.0,24.0,1.265188100828443,487.0
0,6.0,1,1,0,1,0,1,0,0,0,0,0,1.0,1.0,1.0,1.0,731.0,325,4,8,4.0,4.0,5.0,4.25,4.25,5.0,4.0,6,0.19,1,24.0,24.0,1.265188100828443,250.0
0,6.0,1,1,0,1,0,1,0,0,0,0,0,1.0,1.0,1.0,1.0,731.0,336,2,0,5.0,4.5,5.0,5.0,4.5,5.0,4.5,6,0.12,1,24.0,24.0,1.265188100828443,449.0
0,1.0,1,1,0,0,0,1,0,0,0,0,0,1.0,1.0,1.0,3.0,14.0,173,16,16,4.88,4.94,4.94,4.94,5.0,4.94,4.75,1,0.71,1,151.0,23.0,1.7490327286614735,239.67
0,1.0,0,1,0,0,0,1,0,0,0,0,0,1.0,1.0,1.0,1.0,30.0,268,11,31,4.45,4.64,4.73,4.91,4.91,4.82,4.0,1,0.45,1,71.0,24.0,2.8394353168609188,291.0
0,2.0,1,1,0,0,0,1,0,0,0,0,0,1.0,1.0,1.0,1.0,365.0,340,18,31,4.89,4.72,4.72,4.67,4.89,4.89,4.67,1,0.81,1,130.0,32.0,1.8032793780184146,257.0
0,1.0,1,1,0,0,0,0,0,1,0,0,0,1.0,2.0,2.0,4.0,365.0,7,2,0,5.0,5.0,4.5,5.0,5.0,4.5,4.5,1,0.08,1,126.0,121.0,2.904643868587881,298.0
0,1.0,1,1,0,0,0,0,0,0,1,0,0,2.0,3.0,3.0,4.0,30.0,13,6,24,4.67,5.0,4.83,4.67,4.83,4.5,4.0,1,0.26,1,145.0,23.0,6.250097337652004,456.21
0,1.0,1,1,0,0,0,0,1,0,0,0,0,1.0,2.0,1.0,5.0,20.0,10,2,10,5.0,5.0,5.0,5.0,5.0,5.0,5.0,1,0.14,1,133.0,92.0,2.528478547662799,286.67
0,1.0,1,1,0,0,0,0,0,1,0,0,0,1.0,2.0,2.0,2.0,20.0,16,9,39,4.67,4.67,4.78,4.44,4.89,4.78,4.33,1,0.39,1,187.0,185.0,1.9122091075984715,432.0
0,1.0,1,1,0,0,0,1,0,0,0,0,0,1.5,1.0,1.0,7.0,50.0,9,2,0,5.0,5.0,5.0,5.0,4.5,4.5,4.5,1,0.11,1,106.0,19.0,6.349278235857256,158.71
0,4.0,1,1,0,1,0,0,1,0,0,0,0,1.0,1.0,3.0,3.0,365.0,362,23,86,4.0,4.17,3.87,4.39,4.39,4.43,3.96,4,0.96,1,107.0,107.0,2.5659597589988032,57.06
0,1.0,0,1,0,0,0,1,0,0,0,0,0,1.0,1.0,1.0,1.0,365.0,323,7,8,5.0,5.0,5.0,4.71,5.0,5.0,4.86,1,0.34,1,41.0,24.0,1.053009428087166,520.0
0,1.0,1,1,0,0,0,1,0,0,0,0,0,1.0,1.0,1.0,3.0,120.0,210,12,16,4.92,4.92,5.0,4.83,5.0,4.75,4.92,1,0.51,1,118.0,24.0,2.208655550681642,380.67
1,1.0,1,1,0,0,0,1,0,0,0,0,0,1.0,1.0,1.0,1.0,365.0,56,123,255,4.94,4.97,4.94,4.98,4.98,4.68,4.76,1,5.1,1,122.0,24.0,7.273043923303464,125.67
0,1.0,0,1,0,0,0,0,1,0,0,0,0,1.0,1.0,3.0,3.0,365.0,50,6,31,5.0,5.0,4.83,5.0,5.0,5.0,5.0,1,0.3,1,92.0,38.0,1.3218018716258637,262.0
0,1.0,1,1,0,0,0,1,0,0,0,0,0,1.0,1.0,1.0,1.0,14.0,166,0,0,-1.0,-1.0,-1.0,-1.0,-1.0,-1.0,-1.0,1,0.0,0,156.0,147.0,1.4237225545719223,640.0
1,1.0,1,1,0,0,0,0,0,1,0,0,0,1.0,2.0,2.0,1.0,30.0,54,20,78,4.75,4.6,4.85,4.85,4.95,5.0,4.5,1,0.88,1,144.0,23.0,0.7196094609991996,582.0
0,1.0,1,1,0,0,0,0,0,1,0,0,0,1.0,2.0,2.0,3.0,7.0,7,1,0,5.0,5.0,5.0,5.0,5.0,5.0,5.0,1,0.05,1,138.0,23.0,1.0782120857790412,570.67
0,1.0,1,1,0,0,0,0,0,1,0,0,0,2.5,2.0,2.0,5.0,30.0,33,3,0,5.0,5.0,4.67,5.0,5.0,5.0,4.67,1,0.13,1,161.0,23.0,5.391942938552134,275.2
0,1.0,1,1,0,0,0,1,0,0,0,0,0,1.0,1.0,1.0,5.0,6.0,167,7,60,5.0,5.0,5.0,5.0,5.0,5.0,5.0,1,0.49,1,169.0,131.0,2.5709567564358466,248.8
0,1.0,1,1,0,0,0,1,0,0,0,0,0,1.0,1.0,1.0,1.0,1125.0,16,17,47,4.94,4.76,4.71,4.94,4.88,4.82,4.76,1,0.77,1,132.0,23.0,2.539531201314459,155.0
0,1.0,1,1,0,0,0,1,0,0,0,0,0,1.0,1.0,1.0,2.0,365.0,3,8,16,4.88,4.88,4.75,4.75,5.0,5.0,4.88,1,0.33,1,122.0,23.0,2.0806394729268796,377.0
0,1.0,0,1,0,0,0,0,1,0,0,0,0,1.0,3.0,3.0,1.0,365.0,365,0,0,-1.0,-1.0,-1.0,-1.0,-1.0,-1.0,-1.0,1,0.0,0,23.0,23.0,4.938271632868678,343.0
0,1.0,1,1,0,0,0,0,0,1,0,0,0,1.0,2.0,2.0,1.0,4.0,119,17,62,4.76,4.82,4.88,4.94,4.88,5.0,4.71,1,0.75,1,119.0,22.0,2.4047222309045053,548.0
0,1.0,1,1,0,0,0,1,0,0,0,0,0,1.0,2.0,2.0,3.0,265.0,40,0,0,-1.0,-1.0,-1.0,-1.0,-1.0,-1.0,-1.0,1,0.0,0,35.0,35.0,2.1672190232206097,279.67
0,1.0,1,1,0,0,0,0,0,0,0,0,1,1.0,3.0,6.0,2.0,725.0,36,2,8,5.0,5.0,3.5,5.0,5.0,5.0,5.0,1,0.09,1,173.0,173.0,1.6673542472852585,548.0
0,1.0,1,1,0,0,0,1,0,0,0,0,0,1.0,1.0,1.0,1.0,30.0,44,21,101,4.86,5.0,4.95,5.0,4.9,4.95,4.76,1,0.93,1,111.0,23.0,1.3417371936422793,297.0
0,1.0,1,1,0,0,0,0,0,1,0,0,0,1.0,2.0,2.0,3.0,14.0,359,0,0,-1.0,-1.0,-1.0,-1.0,-1.0,-1.0,-1.0,1,0.0,0,23.0,18.0,2.445986393759531,472.0
0,1.0,0,1,0,0,0,0,0,1,0,0,0,1.0,3.0,3.0,4.0,7.0,265,0,0,-1.0,-1.0,-1.0,-1.0,-1.0,-1.0,-1.0,1,0.0,0,52.0,23.0,7.217290874423397,314.0
0,3.0,1,1,0,0,0,1,0,0,0,0,0,1.5,1.0,1.0,1.0,30.0,51,5,16,5.0,5.0,5.0,5.0,5.0,4.8,5.0,2,0.23,1,138.0,23.0,1.7648091096009637,342.5
0,1.0,1,1,0,0,0,1,0,0,0,0,0,1.0,1.0,1.0,5.0,365.0,341,3,10,5.0,5.0,5.0,5.0,5.0,4.67,4.67,1,0.17,1,119.0,18.0,5.065106873029616,205.6
0,1.0,1,1,0,0,0,1,0,0,0,0,0,1.0,1.0,1.0,4.0,30.0,14,4,0,4.75,4.75,4.5,5.0,5.0,4.75,4.25,1,0.17,1,111.0,24.0,2.7542092360422563,168.75
0,1.0,1,1,0,0,0,1,0,0,0,0,0,1.0,1.0,1.0,2.0,30.0,23,5,39,4.8,4.8,5.0,5.0,5.0,4.8,5.0,1,0.55,1,132.0,17.0,3.8046390183761494,371.0
0,1.0,1,1,0,0,0,0,0,1,0,0,0,1.0,2.0,2.0,2.0,21.0,226,7,31,5.0,4.57,4.86,5.0,5.0,5.0,4.43,1,0.32,1,74.0,23.0,1.7476179420833167,482.5
0,1.0,1,1,0,0,0,0,0,1,0,0,0,1.0,2.0,2.0,2.0,365.0,239,14,55,5.0,4.93,5.0,5.0,5.0,5.0,4.93,1,0.59,1,95.0,23.0,3.1970288113994716,476.5
0,1.0,1,1,0,0,0,0,0,1,0,0,0,1.0,2.0,3.0,1.0,30.0,211,12,39,4.83,4.83,4.67,4.67,4.83,4.83,4.33,1,0.51,1,119.0,23.0,2.7545198759793164,532.67
0,1.0,1,1,0,0,0,0,1,0,0,0,0,1.0,1.0,2.0,2.0,7.0,16,15,70,4.93,5.0,4.93,4.93,5.0,5.0,4.4,1,0.66,1,90.0,23.0,1.5482170791762926,373.0
0,2.0,1,1,0,0,0,1,0,0,0,0,0,1.0,1.0,1.0,2.0,365.0,241,1,0,5.0,5.0,5.0,5.0,5.0,5.0,5.0,2,0.04,1,146.0,107.0,2.399012416979176,365.5
0,1.0,1,1,0,0,0,1,0,0,0,0,0,1.0,1.0,1.0,1.0,30.0,100,7,8,4.86,4.86,4.86,5.0,5.0,4.71,4.86,1,0.33,1,82.0,23.0,3.355835798611244,331.0
0,1.0,1,1,0,0,0,0,0,1,0,0,0,1.0,2.0,2.0,1.0,365.0,365,1,0,5.0,5.0,5.0,5.0,5.0,5.0,5.0,1,0.07,1,118.0,23.0,3.2389898324565425,628.0
0,1.0,1,1,0,0,0,0,0,1,0,0,0,2.0,3.0,3.0,3.0,27.0,14,8,31,5.0,4.88,5.0,5.0,5.0,4.88,4.88,1,0.35,1,94.0,23.0,4.041808692543418,344.33
0,1.0,1,1,0,0,0,1,0,0,0,0,0,1.5,1.0,1.0,3.0,8.0,166,6,0,4.83,4.83,5.0,4.83,5.0,4.83,4.67,1,0.26,1,122.0,23.0,1.8545439060779767,272.0
0,1.0,1,1,0,0,0,0,0,1,0,0,0,1.0,4.0,2.0,4.0,30.0,72,0,0,-1.0,-1.0,-1.0,-1.0,-1.0,-1.0,-1.0,1,0.0,0,46.0,6.0,3.0550074249151398,345.25
0,1.0,1,1,0,0,0,1,0,0,0,0,0,1.5,1.0,1.0,3.0,22.0,330,5,23,4.8,5.0,4.2,4.8,4.8,5.0,4.6,1,0.37,1,125.0,94.0,2.48576987012214,253.0
0,2.0,1,1,0,0,0,1,0,0,0,0,0,1.0,1.0,1.0,2.0,27.0,265,3,0,5.0,5.0,5.0,5.0,5.0,4.67,4.67,1,0.13,1,123.0,23.0,1.2810189899509157,442.5
0,1.0,1,1,0,0,0,1,0,0,0,0,0,1.0,1.0,1.0,2.0,365.0,12,13,0,4.92,4.92,4.85,4.85,5.0,4.38,4.54,1,0.57,1,92.0,23.0,3.9431464371998,302.5
0,1.0,1,1,0,0,0,0,1,0,0,0,0,1.0,1.0,1.0,3.0,365.0,255,5,8,5.0,4.8,4.4,5.0,5.0,4.6,4.4,1,0.22,1,92.0,23.0,4.3145596267237805,475.67
0,1.0,1,1,0,0,0,1,0,0,0,0,0,1.0,1.0,1.0,3.0,30.0,71,6,0,4.83,4.83,4.5,5.0,5.0,5.0,4.67,1,0.26,1,23.0,23.0,1.1033441018838834,226.33
0,1.0,1,1,0,0,0,0,0,1,0,0,0,1.0,3.0,2.0,3.0,21.0,98,7,16,5.0,5.0,5.0,4.86,5.0,4.57,5.0,1,0.34,1,166.0,23.0,3.2863071847000453,330.92
0,1.0,1,1,0,0,0,0,0,1,0,0,0,1.0,3.0,4.0,1.0,18.0,107,9,31,4.67,4.78,4.67,4.78,5.0,4.89,4.67,1,0.4,1,117.0,23.0,5.313399162168496,304.33
0,1.0,1,1,0,0,0,1,0,0,0,0,0,1.0,1.0,1.0,3.0,20.0,26,10,23,4.8,4.8,4.2,4.9,4.9,4.7,4.6,1,0.44,1,63.0,23.0,4.840980849730937,194.0
0,1.0,1,1,0,0,0,1,0,0,0,0,0,1.5,1.0,1.0,2.0,365.0,146,5,16,5.0,5.0,4.8,4.8,5.0,4.8,4.2,1,0.23,1,132.0,23.0,2.5102079788959273,365.5
0,1.0,1,1,0,0,0,1,0,0,0,0,0,1.0,1.0,1.0,3.0,365.0,28,13,39,5.0,4.92,4.92,5.0,5.0,5.0,4.85,1,0.58,1,134.0,23.0,1.7085644038197614,295.6
0,1.0,1,1,0,0,0,1,0,0,0,0,0,1.0,1.0,1.0,3.0,300.0,89,7,31,5.0,5.0,5.0,4.86,4.86,4.71,4.43,1,0.5,1,134.0,94.0,2.068484005768848,317.67
0,1.0,1,1,0,0,0,0,0,0,0,1,0,1.5,3.0,3.0,1.0,365.0,119,27,78,5.0,5.0,5.0,5.0,5.0,5.0,4.96,1,1.16,1,29.0,23.0,1.1556081971671002,450.0
0,1.0,1,1,0,0,0,0,0,1,0,0,0,1.0,3.0,2.0,2.0,35.0,93,2,8,5.0,5.0,5.0,5.0,5.0,4.5,4.5,1,0.15,1,59.0,59.0,4.854536793153612,379.5
1,6.0,1,1,0,1,0,1,0,0,0,0,0,1.0,1.0,2.0,2.0,365.0,11,64,255,4.88,4.94,4.78,5.0,4.97,4.94,4.8,6,3.03,1,138.0,138.0,0.8189590443270135,136.0
0,1.0,1,1,0,0,0,0,0,1,0,0,0,1.0,2.0,2.0,3.0,14.0,166,10,62,4.9,4.9,5.0,5.0,4.9,4.9,4.7,1,0.46,1,64.0,23.0,1.8718944634438022,599.33
0,1.0,1,1,0,0,0,0,0,1,0,0,0,1.0,2.0,2.0,2.0,30.0,175,10,31,4.7,4.8,4.8,4.9,4.8,4.7,4.8,1,0.44,1,129.0,47.0,3.632858219761347,321.0
1,1.0,1,1,0,1,0,1,0,0,0,0,0,1.0,1.0,1.0,2.0,365.0,123,22,62,4.68,4.68,4.5,4.91,4.91,4.68,4.36,1,0.98,1,82.0,23.0,1.8738879439768916,174.5
0,3.0,1,1,0,0,0,0,0,0,1,0,0,1.0,2.0,3.0,5.0,365.0,362,1,0,5.0,5.0,5.0,5.0,5.0,5.0,4.0,2,0.05,1,167.0,122.0,1.371941193856475,753.2
0,1.0,1,1,0,0,0,0,0,1,0,0,0,1.0,1.0,3.0,1.0,1125.0,169,93,255,4.49,4.53,4.55,4.76,4.77,4.86,4.4,1,4.14,1,127.0,122.0,0.951395108399437,216.0
0,1.0,1,1,0,1,0,0,0,1,0,0,0,2.0,2.0,2.0,2.0,365.0,151,9,31,3.89,3.78,4.11,4.0,4.11,4.44,3.56,1,0.43,1,23.0,23.0,0.6850519918395805,411.0
0,1.0,1,1,0,0,0,1,0,0,0,0,0,1.0,1.0,2.0,2.0,14.0,252,8,0,4.38,4.75,4.5,5.0,4.5,4.5,4.13,1,0.35,1,131.0,23.0,1.0733354217724453,285.5
0,1.0,1,1,0,0,0,0,0,1,0,0,0,1.0,3.0,3.0,3.0,18.0,225,2,0,5.0,5.0,4.5,5.0,5.0,5.0,5.0,1,0.09,1,82.0,23.0,1.6147272434455264,447.0
0,1.0,1,1,0,0,0,1,0,0,0,0,0,1.0,1.0,1.0,2.0,30.0,8,5,16,5.0,5.0,4.8,5.0,5.0,5.0,5.0,1,0.22,1,169.0,23.0,1.1593617521472357,320.0
0,3.0,1,1,0,0,0,1,0,0,0,0,0,1.0,1.0,2.0,1.0,365.0,27,6,16,4.5,4.17,4.67,5.0,5.0,4.0,4.17,3,0.27,1,28.0,28.0,3.686069094664389,215.0
0,1.0,1,1,0,0,0,1,0,0,0,0,0,1.0,1.0,1.0,3.0,6.0,33,9,31,5.0,5.0,4.78,4.78,4.89,5.0,4.78,1,0.39,1,45.0,23.0,1.4608161315657338,368.67
0,1.0,1,1,0,0,0,0,0,0,1,0,0,1.5,3.0,3.0,3.0,8.0,12,7,31,5.0,5.0,4.86,5.0,5.0,5.0,5.0,1,0.3,1,137.0,137.0,6.948986632968737,411.0
0,1.0,1,1,0,0,0,0,0,1,0,0,0,2.0,2.0,2.0,5.0,30.0,42,1,10,5.0,5.0,5.0,5.0,5.0,5.0,5.0,1,0.42,1,137.0,5.0,4.849547441320125,296.8
0,1.0,1,1,0,0,0,0,0,1,0,0,0,1.0,1.0,3.0,1.0,1125.0,58,92,255,4.65,4.74,4.68,4.92,4.85,4.87,4.55,1,3.98,1,23.0,23.0,1.089495143317959,210.0
0,1.0,1,1,0,0,0,0,0,1,0,0,0,1.0,1.0,1.0,2.0,365.0,87,0,0,-1.0,-1.0,-1.0,-1.0,-1.0,-1.0,-1.0,1,0.0,0,125.0,33.0,1.3612765903173145,645.5
0,1.0,1,1,0,0,0,0,0,1,0,0,0,2.0,2.0,2.0,4.0,22.0,224,0,0,-1.0,-1.0,-1.0,-1.0,-1.0,-1.0,-1.0,1,0.0,0,23.0,20.0,7.331583567424111,556.5
1,1.0,1,1,0,1,0,1,0,0,0,0,0,1.0,1.0,1.0,2.0,1125.0,48,70,255,5.0,4.99,5.0,4.97,4.99,4.91,4.9,1,3.15,1,23.0,23.0,2.562278122030431,209.0
0,1.0,1,1,0,0,0,0,0,1,0,0,0,1.0,3.0,5.0,1.0,14.0,13,4,16,5.0,5.0,4.25,5.0,5.0,5.0,4.5,1,0.18,1,109.0,23.0,5.268201833110366,474.0
0,1.0,1,1,0,0,0,0,0,1,0,0,0,1.0,3.0,4.0,4.0,60.0,180,0,0,-1.0,-1.0,-1.0,-1.0,-1.0,-1.0,-1.0,1,0.0,0,53.0,23.0,3.459328235338388,365.25
0,1.0,1,1,0,0,0,0,0,1,0,0,0,1.0,2.0,2.0,1.0,365.0,364,6,8,3.83,3.67,3.5,4.17,4.0,4.83,3.5,1,0.28,1,23.0,23.0,1.7035145208477978,617.0
0,1.0,1,1,0,0,0,1,0,0,0,0,0,1.0,1.0,1.0,7.0,30.0,20,7,42,4.86,4.86,4.86,4.86,5.0,4.86,4.71,1,0.32,1,60.0,23.0,2.656847434080128,256.86
0,1.0,1,1,0,0,0,1,0,0,0,0,0,1.0,1.0,1.0,4.0,4.0,49,21,48,4.95,4.95,4.95,4.95,4.95,4.95,4.81,1,0.99,1,132.0,22.0,1.0751956683417,367.0
0,1.0,1,1,0,0,0,1,0,0,0,0,0,1.0,1.0,1.0,5.0,365.0,337,4,0,4.5,4.75,4.75,4.75,5.0,4.75,4.25,1,0.19,1,145.0,23.0,2.6573873190278756,217.0
0,1.0,1,1,0,0,0,0,0,1,0,0,0,1.0,2.0,2.0,1.0,365.0,342,4,23,4.75,5.0,4.25,4.5,5.0,5.0,4.75,1,0.29,1,137.0,23.0,2.8385303661724137,314.0
0,1.0,1,1,0,0,0,0,0,1,0,0,0,1.0,2.0,1.0,3.0,365.0,284,4,16,5.0,5.0,5.0,5.0,5.0,5.0,4.75,1,0.28,1,125.0,49.0,3.402975631349674,349.0
1,5.0,1,1,0,0,0,1,0,0,0,0,0,1.0,1.0,2.0,3.0,30.0,61,30,187,4.83,4.8,4.6,4.97,4.9,4.97,4.6,5,1.35,1,23.0,23.0,0.848842141731394,270.67
0,1.0,1,1,0,0,0,1,0,0,0,0,0,1.0,1.0,1.0,2.0,365.0,27,10,31,4.9,4.8,4.7,5.0,5.0,4.3,4.8,1,0.53,1,108.0,20.0,3.0112475569172097,193.0
0,1.0,1,1,0,0,0,1,0,0,0,0,0,1.0,1.0,1.0,1.0,30.0,43,4,16,5.0,5.0,5.0,5.0,5.0,5.0,4.75,1,0.2,1,98.0,22.0,2.6817492123995246,275.71
0,5.0,1,1,0,1,0,0,0,1,0,0,0,1.0,1.0,2.0,2.0,365.0,17,61,211,4.89,4.9,4.87,4.93,4.92,4.75,4.69,5,2.6,1,28.0,28.0,3.2557136004612475,103.0
0,1.0,0,1,0,0,0,1,0,0,0,0,0,1.0,2.0,1.0,2.0,30.0,265,12,23,5.0,5.0,5.0,4.67,4.83,4.75,4.83,1,0.59,1,157.0,22.0,2.201593780758494,205.5
1,3.0,1,1,0,0,0,0,0,0,0,1,0,3.0,3.0,3.0,3.0,60.0,333,23,78,4.61,4.65,4.39,4.83,4.57,4.96,4.52,2,1.0,1,24.0,22.0,1.2953345388664164,574.33
0,1.0,1,1,0,0,0,1,0,0,0,0,0,1.0,1.0,1.0,2.0,31.0,289,9,23,4.67,4.56,4.44,5.0,5.0,5.0,4.33,1,0.42,1,22.0,22.0,0.8767927740839946,308.5
0,1.0,1,1,0,0,0,1,0,0,0,0,0,1.0,1.0,1.0,3.0,30.0,12,7,8,5.0,5.0,4.57,5.0,5.0,5.0,4.86,1,0.31,1,146.0,22.0,2.2045544114109608,277.33
1,3.0,1,1,0,0,0,0,1,0,0,0,0,1.0,2.0,2.0,5.0,365.0,365,24,100,4.79,4.71,4.71,4.33,4.67,4.96,4.67,2,1.04,1,24.0,22.0,0.9662462548373896,515.0
0,1.0,1,1,0,0,0,0,0,1,0,0,0,1.0,3.0,5.0,1.0,21.0,25,8,47,5.0,4.75,4.63,5.0,5.0,4.63,4.63,1,0.59,1,115.0,22.0,5.213219636530756,270.0
0,1.0,1,1,0,0,0,1,0,0,0,0,0,1.5,1.0,1.0,2.0,30.0,44,3,23,5.0,5.0,5.0,5.0,5.0,5.0,5.0,1,3.0,1,123.0,1.0,3.018732226566602,252.0
0,1.0,1,1,0,0,0,0,0,1,0,0,0,2.0,4.0,4.0,1.0,14.0,178,8,0,5.0,5.0,4.63,4.88,4.88,4.75,4.88,1,0.37,1,149.0,22.0,4.2794099668023895,330.94
1,1.0,1,1,0,0,0,0,1,0,0,0,0,1.5,2.0,2.0,2.0,1125.0,177,19,62,4.89,4.79,4.89,4.79,4.95,4.95,4.53,1,0.85,1,87.0,22.0,1.1064497990279598,637.16
0,2.0,1,1,0,0,0,0,0,0,0,1,0,2.0,3.0,3.0,3.0,365.0,156,6,16,4.5,4.33,4.0,4.33,5.0,5.0,4.5,2,0.27,1,181.0,132.0,2.7353989923848503,470.0
0,1.0,1,1,0,0,0,0,0,0,1,0,0,1.0,3.0,4.0,2.0,15.0,46,9,23,4.89,5.0,4.56,5.0,5.0,4.89,4.89,1,0.41,1,107.0,107.0,5.865928768651004,348.5
0,1.0,1,1,0,0,0,1,0,0,0,0,0,1.0,1.0,1.0,2.0,1125.0,148,6,16,5.0,5.0,4.83,5.0,5.0,4.5,4.83,1,0.26,1,62.0,22.0,2.7739351484912245,278.0
0,1.0,1,1,0,0,0,1,0,0,0,0,0,1.0,1.0,1.0,2.0,20.0,268,0,0,-1.0,-1.0,-1.0,-1.0,-1.0,-1.0,-1.0,1,0.0,0,124.0,22.0,5.262408795272218,280.0
1,2.0,1,1,0,0,0,0,0,1,0,0,0,3.0,2.0,4.0,1.0,365.0,162,1,0,5.0,5.0,5.0,5.0,5.0,5.0,5.0,2,0.06,1,104.0,104.0,0.8514801271297453,537.0
0,2.0,1,1,0,0,0,0,0,1,0,0,0,1.5,3.0,3.0,1.0,30.0,311,7,16,5.0,5.0,5.0,4.86,5.0,4.86,5.0,1,0.33,1,109.0,34.0,4.436206343097308,474.0
0,1.0,1,1,0,0,0,0,0,1,0,0,0,2.0,3.0,3.0,1.0,365.0,68,8,39,4.5,4.88,4.13,4.88,4.75,4.88,4.0,1,0.35,1,86.0,22.0,0.9958272751947814,446.0
1,1.0,1,1,0,0,0,0,0,1,0,0,0,1.0,1.0,2.0,1.0,4.0,20,9,16,4.67,4.78,4.33,4.78,4.78,5.0,4.44,1,0.41,1,22.0,22.0,0.9333252917730351,565.0
0,2.0,1,1,0,1,0,1,0,0,0,0,0,1.0,1.0,1.0,2.0,365.0,359,47,156,4.26,4.55,4.21,4.43,4.55,4.79,4.06,2,2.05,1,48.0,47.0,0.605728933494864,136.0
0,1.0,1,1,0,0,0,0,0,1,0,0,0,1.0,2.0,2.0,2.0,365.0,264,4,31,5.0,5.0,5.0,5.0,5.0,5.0,5.0,1,0.44,1,22.0,22.0,2.982814840520686,462.5
0,1.0,1,1,0,0,0,0,0,1,0,0,0,1.0,2.0,5.0,4.0,15.0,14,5,16,4.8,4.8,5.0,5.0,4.8,4.6,4.8,1,0.22,1,178.0,178.0,3.511988451455446,453.0
0,1.0,1,1,0,0,0,1,0,0,0,0,0,1.0,1.0,1.0,2.0,30.0,326,5,16,5.0,5.0,5.0,5.0,5.0,5.0,4.6,1,0.23,1,130.0,22.0,2.3913680142228215,305.5
0,1.0,1,1,0,0,0,1,0,0,0,0,0,1.0,1.0,1.0,2.0,365.0,365,2,8,5.0,5.0,5.0,5.0,5.0,5.0,4.0,1,0.09,1,139.0,36.0,3.5037688003706604,337.0
0,1.0,1,1,0,0,0,0,0,1,0,0,0,1.0,3.0,2.0,2.0,3.0,40,2,0,5.0,4.5,5.0,5.0,5.0,5.0,4.5,1,0.09,1,76.0,23.0,4.752275499682136,616.5
0,1.0,1,1,0,0,0,1,0,0,0,0,0,1.0,1.0,1.0,2.0,2.0,118,16,39,4.81,4.75,4.5,4.88,4.94,4.75,4.44,1,0.7,1,137.0,80.0,0.49284851604078744,342.5
0,1.0,1,1,0,0,0,1,0,0,0,0,0,1.0,1.0,1.0,3.0,30.0,149,10,47,5.0,4.9,5.0,5.0,5.0,4.9,4.6,1,0.44,1,83.0,22.0,3.293097368020321,217.0
0,1.0,1,1,0,0,0,1,0,0,0,0,0,1.0,1.0,1.0,1.0,30.0,106,7,23,4.57,4.43,4.71,4.86,4.71,4.86,4.29,1,0.33,1,102.0,22.0,1.4594770330411644,305.5
1,5.0,1,1,0,0,0,1,0,0,0,0,0,1.0,1.0,1.0,3.0,30.0,213,32,226,4.91,4.91,4.88,4.91,4.91,5.0,4.72,5,2.24,1,23.0,23.0,0.8577191270713139,224.0
0,1.0,1,1,0,0,0,0,0,1,0,0,0,1.0,2.0,2.0,3.0,20.0,126,10,39,5.0,5.0,5.0,5.0,4.9,5.0,5.0,1,0.47,1,169.0,21.0,3.612508262657429,704.0
0,1.0,1,1,0,0,0,1,0,0,0,0,0,1.0,1.0,1.0,1.0,365.0,253,5,16,4.6,5.0,4.2,5.0,4.8,4.8,4.0,1,0.28,1,118.0,22.0,2.927303825584878,228.5
0,1.0,1,1,0,0,0,1,0,0,0,0,0,1.5,1.0,1.0,7.0,7.0,169,10,28,5.0,5.0,5.0,5.0,5.0,5.0,5.0,1,0.47,1,25.0,22.0,3.333752256939416,322.0
0,1.0,1,1,0,0,0,1,0,0,0,0,0,1.0,1.0,1.0,2.0,365.0,44,7,23,5.0,4.86,5.0,5.0,5.0,4.86,4.29,1,0.33,1,126.0,22.0,1.4504102118473485,337.0
0,1.0,1,1,0,0,0,1,0,0,0,0,0,1.0,1.0,1.0,2.0,1125.0,68,18,39,4.83,5.0,4.61,4.89,5.0,4.83,4.72,1,0.93,1,102.0,21.0,3.21549721121401,217.0
0,1.0,1,1,0,1,0,1,0,0,0,0,0,1.5,1.0,1.0,3.0,365.0,130,6,31,4.83,4.67,5.0,4.83,4.83,4.83,4.67,1,0.27,1,145.0,45.0,2.4843077119079213,124.67
1,2.0,1,1,0,0,0,1,0,0,0,0,0,1.0,1.0,1.0,2.0,30.0,7,11,70,4.91,4.91,5.0,5.0,5.0,4.91,4.91,1,0.78,1,155.0,58.0,1.65639254615735,248.21
1,3.0,1,1,0,0,0,0,0,0,0,1,0,1.5,1.0,3.0,1.0,365.0,302,8,55,5.0,4.88,5.0,5.0,5.0,5.0,4.88,2,0.65,1,53.0,26.0,1.4091078641982158,358.25
0,1.0,1,1,0,0,0,1,0,0,0,0,0,1.0,1.0,1.0,2.0,1125.0,168,11,47,4.82,4.82,4.91,5.0,5.0,5.0,4.45,1,0.51,1,22.0,22.0,2.8914883142156467,258.0
0,1.0,1,1,0,0,0,1,0,0,0,0,0,1.0,1.0,1.0,4.0,15.0,165,10,64,5.0,4.9,4.9,4.9,5.0,4.8,4.7,1,0.45,1,68.0,22.0,1.5004304558116457,355.0
0,1.0,1,1,0,1,0,1,0,0,0,0,0,1.0,1.0,1.0,1.0,1125.0,266,29,156,4.07,3.79,4.07,4.59,4.52,4.83,3.69,1,1.84,1,112.0,22.0,1.2261195135061176,225.0
1,1.0,1,1,0,0,0,1,0,0,0,0,0,1.0,1.0,1.0,1.0,8.0,25,84,255,4.99,4.96,4.99,4.96,5.0,4.86,4.87,1,3.95,1,169.0,149.0,3.915612099215289,205.5
0,1.0,1,1,0,0,0,0,1,0,0,0,0,1.5,1.0,2.0,2.0,30.0,166,10,23,4.9,5.0,5.0,5.0,5.0,5.0,4.9,1,0.45,1,118.0,70.0,4.107997187885584,254.0
0,1.0,1,1,0,0,0,1,0,0,0,0,0,1.0,1.0,1.0,1.0,365.0,243,5,31,5.0,5.0,4.8,5.0,4.8,4.8,4.6,1,0.23,1,139.0,22.0,1.8430967339857314,354.0
1,2.0,1,1,0,0,0,1,0,0,0,0,0,1.5,1.0,2.0,1.0,1125.0,275,50,203,4.92,4.9,4.92,4.94,4.88,4.9,4.64,1,2.34,1,22.0,22.0,1.196744423982002,232.0
0,1.0,1,1,0,0,0,0,0,1,0,0,0,1.0,3.0,2.0,3.0,14.0,8,5,23,5.0,5.0,5.0,4.8,5.0,5.0,4.8,1,0.23,1,125.0,123.0,5.6757794104050685,257.0
0,1.0,1,1,0,0,0,0,0,1,0,0,0,1.0,1.0,2.0,5.0,22.0,158,9,40,5.0,5.0,4.78,5.0,5.0,4.78,4.78,1,0.41,1,90.0,22.0,1.1480502057885629,171.2
0,1.0,1,1,0,0,0,0,0,0,0,1,0,1.0,3.0,3.0,4.0,30.0,261,2,0,5.0,5.0,5.0,5.0,5.0,5.0,5.0,1,0.15,1,95.0,88.0,5.493720192549339,386.14
0,1.0,1,1,0,0,0,0,0,1,0,0,0,1.0,2.0,2.0,2.0,1125.0,232,19,94,4.79,4.84,4.74,5.0,4.79,4.79,4.32,1,0.89,1,131.0,131.0,3.014002065120891,439.0
0,1.0,1,1,0,0,0,1,0,0,0,0,0,1.0,1.0,1.0,7.0,21.0,166,12,98,5.0,5.0,4.83,5.0,5.0,5.0,4.92,1,0.56,1,118.0,22.0,1.8996895733610013,242.14
0,8.0,1,1,0,1,0,1,0,0,0,0,0,1.0,1.0,1.0,1.0,365.0,338,75,255,4.75,4.8,4.64,4.85,4.87,4.68,4.44,1,3.4,1,153.0,153.0,2.5407303163797557,102.71
0,1.0,1,1,0,0,0,1,0,0,0,0,0,1.0,1.0,1.0,5.0,100.0,264,7,10,4.86,4.71,4.71,4.71,5.0,4.71,4.43,1,0.33,1,156.0,22.0,2.6502889892322834,240.8
0,1.0,1,1,0,0,0,1,0,0,0,0,0,1.0,1.0,1.0,3.0,365.0,358,6,8,5.0,5.0,5.0,5.0,5.0,5.0,5.0,1,0.28,1,86.0,46.0,3.458864443670624,454.33
0,1.0,1,1,0,0,0,1,0,0,0,0,0,1.0,1.0,1.0,3.0,365.0,7,10,31,5.0,5.0,5.0,5.0,5.0,5.0,4.9,1,0.46,1,119.0,22.0,2.258325115120318,215.8
0,1.0,1,1,0,0,0,0,0,1,0,0,0,1.0,2.0,1.0,2.0,30.0,48,6,16,4.5,4.83,4.5,5.0,4.83,4.67,4.0,1,0.27,1,104.0,52.0,1.9905285275135944,321.43
0,1.0,1,1,0,0,0,0,0,1,0,0,0,1.0,2.0,2.0,3.0,365.0,99,6,31,5.0,4.83,5.0,5.0,4.83,4.83,4.83,1,0.29,1,141.0,74.0,2.6683966092467237,536.67
0,1.0,1,1,0,0,0,0,0,1,0,0,0,1.0,3.0,8.0,2.0,363.0,29,2,16,5.0,5.0,5.0,5.0,5.0,5.0,4.5,1,0.2,1,22.0,22.0,1.760552313707928,656.5
0,1.0,1,1,0,0,0,1,0,0,0,0,0,1.0,1.0,1.0,5.0,30.0,183,9,60,5.0,5.0,5.0,5.0,5.0,4.89,5.0,1,0.43,1,135.0,22.0,1.1561021146598367,299.0
0,1.0,1,1,0,0,0,0,0,1,0,0,0,1.0,2.0,2.0,4.0,23.0,46,3,8,4.67,5.0,3.33,4.33,5.0,5.0,4.67,1,0.14,1,124.0,22.0,1.843005872432859,402.5
0,1.0,0,1,0,0,0,0,0,1,0,0,0,2.0,3.0,2.0,3.0,365.0,108,4,23,5.0,5.0,5.0,5.0,5.0,5.0,4.5,1,0.23,1,56.0,22.0,1.5651713099004076,565.0
1,3.0,1,1,0,1,0,1,0,0,0,0,0,1.0,1.0,1.0,3.0,60.0,49,17,39,5.0,4.88,4.82,4.94,4.94,4.82,4.82,3,0.77,1,120.0,22.0,3.9216182339718793,141.0
0,1.0,1,0,0,0,0,0,0,1,0,0,0,1.0,3.0,2.0,1.0,12.0,56,4,31,5.0,5.0,5.0,5.0,5.0,5.0,5.0,1,0.96,1,69.0,69.0,0.584988768921257,333.0
0,1.0,1,1,0,0,0,0,0,1,0,0,0,1.0,3.0,2.0,3.0,14.0,77,8,47,4.88,4.75,4.63,5.0,5.0,5.0,4.75,1,0.36,1,83.0,59.0,2.0603094927193104,373.0
0,1.0,1,1,0,0,0,1,0,0,0,0,0,1.0,1.0,1.0,2.0,365.0,347,8,47,5.0,5.0,4.75,5.0,5.0,5.0,4.63,1,0.36,1,100.0,100.0,2.843233390004137,349.5
0,1.0,1,1,0,0,0,0,0,1,0,0,0,1.0,3.0,3.0,5.0,365.0,82,1,0,5.0,5.0,5.0,5.0,5.0,5.0,5.0,1,0.07,1,165.0,165.0,2.21296020900924,379.0
0,1.0,1,1,0,0,0,1,0,0,0,0,0,1.0,1.0,1.0,1.0,30.0,78,16,62,4.94,4.88,4.88,4.94,5.0,4.88,4.56,1,0.9,1,129.0,20.0,1.7651130351965472,245.22
0,1.0,1,1,0,0,0,1,0,0,0,0,0,1.0,1.0,1.0,2.0,30.0,8,9,0,5.0,5.0,4.78,5.0,4.89,5.0,5.0,1,0.42,1,143.0,22.0,1.5162496932669145,245.0
0,1.0,1,1,0,0,0,0,0,1,0,0,0,1.0,2.0,2.0,1.0,365.0,27,10,47,5.0,5.0,5.0,5.0,5.0,4.9,4.9,1,0.47,1,136.0,22.0,2.711438013218491,417.0
1,1.0,1,1,0,0,0,0,1,0,0,0,0,1.0,2.0,2.0,3.0,1125.0,362,12,94,5.0,5.0,5.0,5.0,5.0,5.0,4.75,1,1.07,1,124.0,12.0,1.8425979250757312,559.33
0,1.0,1,1,0,0,0,0,0,1,0,0,0,2.0,4.0,4.0,3.0,365.0,185,6,47,5.0,4.67,4.5,5.0,4.83,4.67,4.83,1,0.54,1,105.0,85.0,7.8581148179825195,761.0
0,1.0,1,1,0,0,0,0,0,1,0,0,0,1.0,2.0,2.0,1.0,60.0,153,16,78,4.81,4.88,4.88,5.0,4.94,4.88,4.81,1,0.73,1,101.0,101.0,2.015928155614861,500.75
0,1.0,1,1,0,0,0,1,0,0,0,0,0,1.5,1.0,3.0,1.0,10.0,24,17,86,4.94,4.94,4.94,4.94,4.94,4.88,4.94,1,0.77,1,154.0,22.0,4.670243703426701,171.5
1,1.0,1,1,0,0,0,0,0,1,0,0,0,1.0,2.0,2.0,3.0,15.0,20,15,86,4.93,4.93,5.0,4.93,5.0,5.0,4.93,1,0.67,1,68.0,22.0,0.8400661531628232,588.0
0,1.0,1,1,0,0,0,0,0,1,0,0,0,1.0,3.0,3.0,3.0,1125.0,222,17,31,4.88,4.59,4.47,5.0,5.0,4.59,4.53,1,0.76,1,115.0,22.0,2.7164840636690983,411.33
0,3.0,1,1,0,0,0,1,0,0,0,0,0,1.5,1.0,1.0,3.0,31.0,27,10,47,4.9,4.9,4.6,4.8,4.9,4.9,4.7,2,0.47,1,147.0,46.0,1.6275394363765516,458.67
0,1.0,1,1,0,0,0,0,0,0,1,0,0,1.0,3.0,3.0,2.0,7.0,229,13,55,5.0,5.0,4.85,4.92,4.92,4.62,4.77,1,0.62,1,122.0,114.0,5.969614667891139,426.0
0,1.0,1,1,0,0,0,0,0,0,1,0,0,1.0,4.0,3.0,3.0,30.0,29,4,23,5.0,5.0,5.0,5.0,5.0,5.0,5.0,1,0.29,1,139.0,127.0,5.5407530092944,247.5
1,1.0,1,1,0,0,0,0,0,1,0,0,0,1.0,2.0,2.0,1.0,340.0,333,24,86,5.0,4.96,5.0,5.0,5.0,4.92,4.92,1,1.11,1,109.0,22.0,2.1434306378158605,571.0
0,1.0,1,1,0,0,0,0,0,1,0,0,0,3.0,3.0,3.0,5.0,14.0,120,1,0,5.0,5.0,5.0,5.0,5.0,5.0,4.0,1,0.07,1,131.0,22.0,3.128181694262984,559.2
0,1.0,1,1,0,0,0,1,0,0,0,0,0,1.5,1.0,1.0,2.0,365.0,254,8,16,5.0,5.0,5.0,5.0,5.0,5.0,5.0,1,0.44,1,145.0,19.0,1.2484930085391839,528.0
0,1.0,1,1,0,0,0,0,0,1,0,0,0,1.0,4.0,4.0,3.0,14.0,13,4,23,5.0,4.75,4.75,5.0,4.75,4.5,4.75,1,0.29,1,22.0,22.0,3.003226751623621,449.0
0,1.0,1,1,0,0,0,0,0,1,0,0,0,1.0,2.0,2.0,3.0,14.0,357,5,16,4.6,4.4,4.2,4.8,4.8,4.8,4.2,1,0.23,1,81.0,22.0,1.4723357224334481,726.67
1,1.0,1,1,0,1,0,0,1,0,0,0,0,1.0,1.0,2.0,2.0,1125.0,285,127,255,4.94,4.93,4.98,4.98,4.97,4.95,4.84,1,5.8,1,144.0,22.0,1.4199158342288793,262.67
0,1.0,1,1,0,0,0,1,0,0,0,0,0,1.5,1.0,1.0,2.0,30.0,99,10,23,5.0,4.9,5.0,5.0,5.0,4.9,4.6,1,0.5,1,155.0,21.0,1.7232979158592194,373.5
0,1.0,1,1,0,0,0,0,0,1,0,0,0,1.0,3.0,4.0,5.0,30.0,49,16,30,4.81,4.88,5.0,5.0,4.75,4.88,4.5,1,0.74,1,116.0,115.0,1.4987994301376923,365.0
0,1.0,1,1,0,0,0,1,0,0,0,0,0,1.5,1.0,1.0,5.0,12.0,51,0,0,-1.0,-1.0,-1.0,-1.0,-1.0,-1.0,-1.0,1,0.0,0,104.0,1.0,1.6398747006268168,306.0
0,1.0,1,1,0,0,0,0,1,0,0,0,0,1.0,2.0,2.0,2.0,30.0,19,6,39,4.83,5.0,4.67,5.0,5.0,5.0,4.67,1,0.47,1,146.0,146.0,3.0326361520488962,333.5
0,1.0,1,1,0,0,0,1,0,0,0,0,0,1.0,2.0,2.0,2.0,30.0,16,2,0,5.0,5.0,5.0,5.0,5.0,5.0,5.0,1,0.14,1,122.0,25.0,3.217004299061575,265.0
0,1.0,1,1,0,0,0,1,0,0,0,0,0,1.0,1.0,1.0,7.0,30.0,275,2,0,5.0,5.0,5.0,5.0,5.0,4.0,5.0,1,0.14,1,129.0,22.0,2.397720432826024,227.71
0,1.0,1,1,0,0,0,1,0,0,0,0,0,1.0,1.0,1.0,3.0,14.0,80,4,16,5.0,5.0,4.75,5.0,5.0,4.75,4.75,1,0.18,1,146.0,114.0,2.3215255042876457,321.67
0,4.0,1,1,0,0,0,1,0,0,0,0,0,1.0,1.0,1.0,1.0,365.0,306,137,255,4.54,4.69,4.83,4.82,4.55,4.88,4.44,2,6.2,1,198.0,185.0,0.34899138657826206,176.88
0,1.0,1,1,0,0,0,1,0,0,0,0,0,1.0,1.0,1.0,2.0,30.0,17,10,47,4.9,5.0,4.9,5.0,5.0,4.9,4.7,1,0.56,1,124.0,19.0,3.7876474789950687,240.25
0,1.0,1,1,0,0,0,0,0,0,1,0,0,1.0,1.0,3.0,1.0,365.0,317,15,47,4.2,4.27,3.73,4.53,4.67,4.6,3.87,1,0.74,1,160.0,20.0,0.9241479148659958,241.33
1,1.0,1,1,0,0,0,1,0,0,0,0,0,1.0,1.0,1.0,3.0,30.0,358,13,55,5.0,4.92,4.92,4.92,5.0,4.92,4.69,1,0.62,1,108.0,107.0,0.9649128163941713,532.67
0,1.0,1,1,0,0,0,0,1,0,0,0,0,1.5,1.0,1.0,1.0,365.0,165,13,0,4.92,4.77,4.77,4.77,4.85,4.92,4.85,1,0.62,1,33.0,22.0,1.1390182391280985,354.0
0,3.0,1,1,0,0,0,0,0,1,0,0,0,1.5,1.0,2.0,1.0,365.0,365,2,8,5.0,4.5,4.5,4.5,4.5,5.0,4.5,2,0.1,1,108.0,108.0,1.4015359828169769,490.0
1,1.0,1,1,0,1,0,1,0,0,0,0,0,1.0,1.0,1.0,1.0,20.0,228,166,255,4.96,4.98,4.99,5.0,4.99,4.99,4.92,1,7.58,1,142.0,22.0,1.416848671455808,205.5
0,1.0,1,1,0,1,0,0,0,0,0,0,0,1.0,1.0,1.0,3.0,4.0,109,7,31,4.86,5.0,4.86,5.0,5.0,5.0,4.43,1,0.35,1,128.0,100.0,3.139571157739612,103.33
0,1.0,1,1,0,0,0,1,0,0,0,0,0,1.0,1.0,1.0,4.0,15.0,212,7,24,4.43,4.86,4.86,4.86,4.86,4.71,4.43,1,0.33,1,123.0,21.0,2.6576537250113805,239.75
0,1.0,1,1,0,0,0,1,0,0,0,0,0,1.0,1.0,1.0,7.0,30.0,28,1,0,5.0,5.0,5.0,5.0,5.0,5.0,5.0,1,0.05,1,130.0,21.0,0.993096967359364,320.34
1,1.0,1,1,0,1,0,1,0,0,0,0,0,1.0,1.0,1.0,1.0,10.0,149,39,172,4.92,5.0,4.92,5.0,5.0,4.97,4.74,1,2.39,1,71.0,18.0,1.2861971136183188,231.5
0,1.0,1,1,0,0,0,0,1,0,0,0,0,1.0,1.0,1.0,3.0,30.0,8,15,78,4.6,4.8,4.6,4.73,5.0,4.47,4.07,1,0.71,1,21.0,21.0,3.2808722254232876,205.67
0,1.0,1,1,0,0,0,0,0,1,0,0,0,1.0,1.0,2.0,3.0,13.0,21,9,31,5.0,5.0,4.78,5.0,5.0,5.0,5.0,1,0.42,1,119.0,21.0,2.9836863523006034,324.33
0,1.0,1,1,0,0,0,1,0,0,0,0,0,1.5,1.0,1.0,3.0,7.0,259,2,16,5.0,5.0,5.0,5.0,5.0,5.0,5.0,1,0.24,1,152.0,47.0,2.623638461774565,317.67
0,1.0,1,1,0,0,0,1,0,0,0,0,0,1.0,1.0,1.0,2.0,365.0,134,3,16,5.0,5.0,5.0,4.33,5.0,4.67,4.33,1,0.18,1,56.0,19.0,2.5715629999732936,306.0
0,1.0,1,1,0,0,0,1,0,0,0,0,0,1.0,1.0,1.0,3.0,365.0,179,7,8,5.0,5.0,4.71,5.0,5.0,5.0,4.86,1,0.33,1,132.0,21.0,0.5537629054743136,570.67
0,1.0,1,1,0,0,0,0,1,0,0,0,0,1.0,1.0,1.0,1.0,12.0,10,10,39,4.9,5.0,4.5,4.9,4.9,5.0,4.6,1,0.47,1,62.0,21.0,0.8928430640544615,285.0
1,5.0,1,1,0,1,0,0,0,0,0,0,0,1.5,1.0,1.0,1.0,1125.0,100,153,255,4.86,4.86,4.88,4.93,4.91,4.75,4.75,5,6.92,1,104.0,103.0,3.4263618976143944,122.0
0,1.0,1,1,0,0,0,0,1,0,0,0,0,1.0,2.0,1.0,5.0,30.0,7,7,40,4.86,4.86,5.0,5.0,5.0,5.0,4.57,1,0.33,1,159.0,155.0,4.632508771506743,262.6
0,1.0,1,1,0,0,0,0,0,1,0,0,0,1.0,2.0,2.0,5.0,365.0,25,1,0,5.0,5.0,5.0,5.0,5.0,5.0,5.0,1,0.06,1,108.0,18.0,2.1023241974458124,582.0
0,1.0,1,1,0,0,0,0,0,1,0,0,0,1.0,3.0,3.0,2.0,14.0,166,3,8,5.0,5.0,5.0,5.0,5.0,5.0,5.0,1,0.14,1,21.0,21.0,1.5493086378225296,727.5
0,5.0,1,1,0,0,0,0,0,1,0,0,0,1.0,2.0,6.0,2.0,365.0,171,13,55,4.85,5.0,4.77,5.0,5.0,4.85,4.77,5,0.73,1,106.0,94.0,4.381597864194822,260.99
0,1.0,1,1,0,0,0,1,0,0,0,0,0,1.0,1.0,1.0,1.0,365.0,63,5,31,4.8,4.8,4.8,5.0,5.0,4.8,4.8,1,0.24,1,35.0,35.0,2.608299306449245,179.0
0,1.0,1,1,0,0,0,0,0,1,0,0,0,1.5,4.0,2.0,2.0,30.0,43,10,39,5.0,5.0,4.8,5.0,5.0,4.7,4.8,1,0.46,1,130.0,21.0,5.498798168759497,265.5
0,1.0,1,1,0,0,0,1,0,0,0,0,0,1.0,1.0,1.0,1.0,30.0,35,8,16,5.0,5.0,4.75,4.88,5.0,4.75,4.63,1,0.42,1,88.0,21.0,4.363451906282672,150.06
0,1.0,1,1,0,0,0,1,0,0,0,0,0,1.5,1.0,1.0,5.0,14.0,160,6,40,5.0,5.0,5.0,5.0,5.0,5.0,4.83,1,0.28,1,124.0,21.0,2.716285387436383,292.2
0,1.0,1,1,0,0,0,1,0,0,0,0,0,1.0,1.0,1.0,1.0,8.0,2,4,0,5.0,4.75,5.0,4.75,5.0,4.5,4.5,1,0.2,1,115.0,20.0,5.669087488450834,214.0
0,1.0,1,1,0,0,0,0,0,1,0,0,0,1.0,2.0,2.0,2.0,30.0,140,8,55,5.0,5.0,5.0,5.0,5.0,5.0,4.88,1,0.59,1,124.0,19.0,0.5315018798032805,499.5
0,1.0,1,1,0,0,0,1,0,0,0,0,0,1.0,1.0,1.0,3.0,31.0,8,9,47,5.0,5.0,4.89,5.0,5.0,5.0,5.0,1,0.44,1,93.0,21.0,1.8355821316268737,246.0
0,1.0,1,1,0,0,0,1,0,0,0,0,0,1.0,1.0,1.0,3.0,13.0,4,6,8,5.0,4.83,5.0,5.0,5.0,4.83,4.5,1,0.29,1,133.0,129.0,3.4712826210514574,211.12
0,1.0,1,1,0,0,0,1,0,0,0,0,0,1.0,1.0,1.0,1.0,10.0,197,0,0,-1.0,-1.0,-1.0,-1.0,-1.0,-1.0,-1.0,1,0.0,0,159.0,21.0,2.77998447501068,206.0
0,6.0,1,1,0,1,0,0,1,0,0,0,0,1.5,1.0,2.0,2.0,365.0,348,109,255,4.66,4.63,4.58,4.79,4.73,4.87,4.41,2,5.11,1,165.0,165.0,0.7450837884029285,128.38
0,1.0,1,1,0,0,0,0,0,1,0,0,0,1.5,2.0,2.0,2.0,7.0,104,3,16,5.0,5.0,4.33,5.0,5.0,5.0,4.67,1,0.21,1,71.0,33.0,2.4093641625546938,221.0
0,2.0,1,1,0,0,0,1,0,0,0,0,0,1.0,1.0,1.0,3.0,7.0,292,13,16,4.92,4.85,4.92,5.0,4.92,4.92,4.77,1,0.61,1,68.0,21.0,2.0313277222570707,363.33
0,1.0,1,1,0,0,0,0,0,1,0,0,0,1.0,1.0,2.0,2.0,365.0,109,4,8,4.75,4.75,4.5,5.0,5.0,4.75,4.5,1,0.2,1,151.0,21.0,4.293991776251508,229.67
1,6.0,1,1,0,0,0,1,0,0,0,0,0,1.0,1.0,1.0,1.0,365.0,257,74,255,4.85,4.93,4.85,4.97,4.99,4.91,4.57,2,3.59,1,166.0,133.0,1.9568074538695917,176.88
0,1.0,1,1,0,0,0,1,0,0,0,0,0,1.5,1.0,1.0,1.0,730.0,165,5,23,5.0,5.0,5.0,5.0,5.0,4.2,4.6,1,0.24,1,106.0,21.0,2.3794694916579573,269.0
0,1.0,1,1,0,0,0,0,0,1,0,0,0,1.0,2.0,4.0,2.0,30.0,18,10,39,4.6,4.9,4.6,5.0,4.8,4.9,4.7,1,0.47,1,21.0,21.0,1.2571788369175663,359.5
0,1.0,0,1,0,0,0,0,0,1,0,0,0,1.0,1.0,2.0,1.0,365.0,196,60,255,4.77,4.8,4.72,4.8,4.87,4.85,4.62,1,2.78,1,51.0,33.0,1.4183865887843639,259.62
0,1.0,1,1,0,0,0,0,0,1,0,0,0,1.0,2.0,2.0,4.0,30.0,334,8,16,4.88,4.88,4.38,5.0,5.0,4.88,4.63,1,0.38,1,100.0,21.0,2.3819541753647613,464.0
0,1.0,1,1,0,0,0,1,0,0,0,0,0,1.5,1.0,1.0,3.0,29.0,364,4,23,4.5,4.25,3.75,4.25,5.0,4.5,3.75,1,0.28,1,59.0,21.0,1.6306335579557532,327.33
0,1.0,1,1,0,0,0,1,0,0,0,0,0,1.5,1.0,1.0,2.0,6.0,4,16,62,4.94,4.94,4.94,4.94,4.88,5.0,4.31,1,0.79,1,83.0,20.0,2.293117194327963,241.0
0,24.0,1,1,0,0,1,0,0,0,0,0,0,1.0,0.0,1.0,1.0,365.0,365,7,16,4.57,4.71,4.29,4.29,4.57,4.43,4.29,24,0.33,1,86.0,85.0,2.121194627941314,43.0
0,24.0,1,1,0,0,1,0,0,0,0,0,0,1.0,0.0,1.0,1.0,28.0,256,41,109,4.61,4.61,4.46,4.63,4.56,4.54,4.63,24,1.98,1,86.0,85.0,2.199095938957387,36.0
0,1.0,1,1,0,0,0,0,0,1,0,0,0,1.0,2.0,2.0,2.0,365.0,79,7,16,4.71,4.71,4.71,4.86,4.86,4.43,4.71,1,0.34,1,39.0,20.0,4.20016091910297,439.5
0,24.0,1,1,0,1,0,1,0,0,0,0,0,1.0,1.0,1.0,1.0,28.0,248,35,31,4.57,4.4,4.74,4.6,4.69,4.57,4.2,24,1.66,1,86.0,85.0,2.0060551518132557,162.0
0,24.0,1,1,0,1,0,1,0,0,0,0,0,1.0,1.0,1.0,1.0,28.0,248,5,31,4.8,4.6,5.0,5.0,4.8,4.8,4.6,24,0.28,1,86.0,85.0,2.0498618531175357,154.0
0,24.0,1,1,0,1,0,0,0,1,0,0,0,1.0,1.0,3.0,1.0,28.0,254,38,47,4.16,4.26,4.18,4.34,4.08,4.53,4.0,24,1.82,1,86.0,85.0,2.047779462369152,159.0
0,24.0,1,1,0,0,1,0,0,0,0,0,0,1.0,1.0,1.0,1.0,28.0,208,7,8,3.29,3.43,3.86,3.86,3.86,3.86,3.43,24,0.34,1,86.0,85.0,2.016494615630563,71.0
0,24.0,1,1,0,0,1,0,0,0,0,0,0,1.0,1.0,1.0,1.0,28.0,256,41,55,4.29,4.41,4.54,4.27,4.49,4.44,4.17,24,1.95,1,86.0,85.0,2.0328339823972583,51.0
0,24.0,1,1,0,1,0,0,0,0,0,1,0,1.0,1.0,4.0,1.0,10.0,246,0,0,-1.0,-1.0,-1.0,-1.0,-1.0,-1.0,-1.0,24,0.0,0,86.0,85.0,2.1983990414383774,255.0
0,24.0,1,1,0,1,0,0,0,0,0,1,0,1.0,1.0,4.0,1.0,28.0,247,12,55,4.42,4.42,4.58,4.0,4.5,4.75,4.25,24,0.65,1,86.0,85.0,2.1859000883906896,401.0
0,24.0,1,1,0,1,0,0,0,0,0,1,0,1.0,1.0,2.0,1.0,10.0,252,4,31,4.0,3.75,4.0,4.0,4.0,3.75,3.75,24,0.46,1,86.0,85.0,2.144711053437067,222.0
0,24.0,1,1,0,1,0,0,0,0,0,1,0,1.0,1.0,4.0,1.0,28.0,253,88,255,4.45,4.56,4.36,4.67,4.57,4.53,4.31,24,8.83,1,86.0,85.0,2.123513125284511,206.0
0,24.0,1,1,0,0,1,0,0,0,0,0,0,1.0,1.0,2.0,1.0,10.0,255,157,255,4.37,4.39,4.48,4.36,4.38,4.5,4.27,24,7.28,1,86.0,85.0,2.006914145416529,37.0
0,24.0,1,1,0,0,1,0,0,0,0,0,0,1.0,1.0,2.0,1.0,28.0,256,133,255,4.45,4.57,4.53,4.57,4.58,4.5,4.38,24,7.02,1,86.0,85.0,2.1865583770199915,31.0
0,24.0,1,1,0,1,0,0,0,1,0,0,0,1.0,1.0,2.0,1.0,28.0,254,153,255,4.46,4.57,4.4,4.61,4.56,4.52,4.26,24,7.33,1,86.0,85.0,2.095282831647489,142.0
0,24.0,1,1,0,1,0,0,0,1,0,0,0,1.0,1.0,2.0,1.0,10.0,253,12,16,4.33,4.33,4.5,4.33,4.33,4.33,3.75,24,0.56,1,86.0,85.0,2.077430726840582,190.0
0,1.0,1,1,0,0,0,0,0,0,1,0,0,2.0,3.0,4.0,4.0,20.0,12,0,0,-1.0,-1.0,-1.0,-1.0,-1.0,-1.0,-1.0,1,0.0,0,143.0,100.0,2.8094903439256718,324.75
0,1.0,1,1,0,0,0,0,0,1,0,0,0,1.5,1.0,1.0,3.0,9.0,21,12,39,5.0,5.0,5.0,5.0,5.0,4.92,4.92,1,0.62,1,145.0,21.0,1.4509086293452595,459.33
0,1.0,1,1,0,0,0,1,0,0,0,0,0,1.0,1.0,1.0,4.0,10.0,76,7,32,5.0,5.0,5.0,5.0,5.0,5.0,5.0,1,0.33,1,128.0,21.0,2.9470410547873698,214.0
1,13.0,1,1,0,0,0,1,0,0,0,0,0,1.0,1.0,1.0,2.0,999.0,167,11,47,4.82,4.82,4.55,5.0,4.91,4.64,4.64,13,0.51,1,59.0,59.0,7.292226808182539,271.5
0,1.0,1,1,0,0,0,1,0,0,0,0,0,1.0,1.0,1.0,4.0,30.0,21,11,24,4.82,4.82,4.73,4.73,5.0,4.73,4.73,1,0.53,1,120.0,21.0,2.3719445953568163,299.75
0,1.0,1,1,0,0,0,1,0,0,0,0,0,1.0,1.0,2.0,1.0,15.0,363,15,23,4.6,4.6,4.33,4.67,4.73,4.87,4.2,1,0.7,1,49.0,21.0,1.4069415455894556,400.0
0,1.0,1,1,0,0,0,0,1,0,0,0,0,1.5,2.0,1.0,3.0,30.0,19,5,0,5.0,4.8,5.0,5.0,5.0,4.8,5.0,1,0.26,1,159.0,118.0,1.8450005590195386,553.57
0,1.0,1,1,0,0,0,1,0,0,0,0,0,1.0,1.0,1.0,1.0,100.0,12,9,39,5.0,4.89,5.0,5.0,5.0,4.89,4.78,1,0.44,1,159.0,105.0,1.955289200787122,251.33
0,1.0,1,1,0,1,0,1,0,0,0,0,0,1.0,1.0,1.0,2.0,365.0,350,1,0,4.0,3.0,4.0,3.0,5.0,5.0,4.0,1,0.07,1,86.0,21.0,2.797806141976582,110.5
0,1.0,1,1,0,0,0,0,0,1,0,0,0,3.0,4.0,2.0,2.0,365.0,21,6,31,4.83,4.83,4.83,4.83,5.0,4.83,4.5,1,0.43,1,168.0,16.0,3.0276416593993116,506.0
0,1.0,1,1,0,0,0,0,0,0,0,1,0,1.0,4.0,4.0,7.0,32.0,186,0,0,-1.0,-1.0,-1.0,-1.0,-1.0,-1.0,-1.0,1,0.0,0,165.0,79.0,2.8681624538960464,595.14
0,1.0,1,1,0,0,0,1,0,0,0,0,0,2.0,2.0,1.0,2.0,30.0,352,0,0,-1.0,-1.0,-1.0,-1.0,-1.0,-1.0,-1.0,1,0.0,0,52.0,51.0,1.867368231437032,571.0
1,3.0,1,1,0,0,0,0,0,1,0,0,0,2.0,2.0,3.0,1.0,14.0,177,92,255,4.86,4.75,4.65,4.96,4.92,4.83,4.59,3,4.73,1,121.0,26.0,2.1677968848664553,508.0
0,1.0,1,1,0,0,0,0,0,1,0,0,0,1.5,1.0,1.0,5.0,365.0,297,3,30,5.0,5.0,5.0,5.0,5.0,5.0,5.0,1,0.35,1,132.0,14.0,3.074108371519263,280.29
0,1.0,0,1,0,0,0,1,0,0,0,0,0,1.5,1.0,1.0,5.0,30.0,270,8,10,5.0,5.0,5.0,4.88,5.0,5.0,5.0,1,0.4,1,21.0,21.0,1.4635195363086975,627.8
1,12.0,1,1,0,0,0,1,0,0,0,0,0,1.0,1.0,1.0,2.0,1125.0,79,92,255,4.86,4.85,4.93,4.98,4.99,5.0,4.76,5,4.7,1,94.0,77.0,0.3420504877945119,213.36
0,1.0,1,1,0,0,0,1,0,0,0,0,0,1.5,1.0,1.0,2.0,21.0,175,8,31,5.0,5.0,5.0,4.88,5.0,4.88,4.88,1,0.38,1,120.0,21.0,1.0793559997844286,314.0
0,1.0,0,1,0,0,0,0,0,1,0,0,0,1.0,2.0,3.0,5.0,30.0,90,3,10,5.0,5.0,5.0,5.0,5.0,5.0,4.67,1,0.21,1,21.0,21.0,2.477570442567722,449.8
1,2.0,1,1,0,1,0,1,0,0,0,0,0,1.0,1.0,1.0,3.0,365.0,294,69,255,4.97,4.93,5.0,4.94,5.0,4.99,4.81,2,3.23,1,140.0,120.0,1.8144967747669734,186.33
0,1.0,1,1,0,0,0,0,0,1,0,0,0,1.0,2.0,2.0,2.0,2.0,75,16,55,4.81,4.88,4.94,4.81,5.0,4.81,4.75,1,0.85,1,58.0,20.0,2.580550846265667,251.5
0,1.0,1,1,0,0,0,0,0,0,1,0,0,1.0,2.0,4.0,1.0,1125.0,21,16,39,4.88,4.81,4.88,4.94,4.94,4.69,4.31,1,0.78,1,21.0,20.0,5.871602145773383,503.0
0,1.0,1,1,0,0,0,0,0,1,0,0,0,1.0,2.0,2.0,5.0,30.0,252,6,30,5.0,5.0,5.0,5.0,5.0,5.0,4.67,1,0.3,1,158.0,158.0,2.2437804186839063,641.4
0,1.0,1,1,0,0,0,0,0,1,0,0,0,1.0,1.0,2.0,2.0,30.0,180,21,94,4.67,4.71,4.33,4.9,4.76,4.9,4.29,1,1.01,1,22.0,21.0,1.1347320834044683,533.5
0,1.0,1,1,0,0,0,1,0,0,0,0,0,1.0,1.0,1.0,6.0,30.0,98,2,24,5.0,5.0,5.0,5.0,5.0,5.0,4.5,1,1.02,1,39.0,2.0,3.441432004965428,261.33
0,1.0,1,1,0,1,0,1,0,0,0,0,0,0.5,1.0,2.0,3.0,365.0,205,14,62,4.79,4.71,4.93,4.71,5.0,5.0,4.71,1,0.77,1,169.0,169.0,2.34110011898294,141.0
0,1.0,1,1,0,0,0,1,0,0,0,0,0,1.0,1.0,1.0,1.0,365.0,267,1,0,5.0,5.0,5.0,5.0,3.0,5.0,5.0,1,0.08,1,21.0,20.0,3.8014235675964088,114.12
0,1.0,1,1,0,0,0,1,0,0,0,0,0,1.0,1.0,1.0,2.0,365.0,4,4,23,5.0,5.0,5.0,5.0,5.0,5.0,5.0,1,0.3,1,154.0,94.0,2.443812740322586,277.0
0,1.0,1,1,0,0,0,1,0,0,0,0,0,1.0,1.0,1.0,2.0,365.0,80,6,31,5.0,5.0,5.0,5.0,5.0,4.5,5.0,1,0.3,1,137.0,14.0,2.8111385358718075,428.0
0,1.0,1,1,0,0,0,1,0,0,0,0,0,1.0,1.0,1.0,2.0,14.0,281,8,39,5.0,4.75,5.0,5.0,5.0,5.0,5.0,1,0.55,1,111.0,18.0,1.4003092509338997,359.5
0,1.0,1,1,0,0,0,1,0,0,0,0,0,1.0,1.0,1.0,2.0,31.0,363,9,39,4.78,4.89,4.67,5.0,5.0,5.0,4.33,1,0.45,1,76.0,20.0,1.5176565272775824,336.65
0,1.0,0,1,0,0,0,1,0,0,0,0,0,1.0,1.0,1.0,2.0,365.0,8,9,55,5.0,5.0,5.0,5.0,5.0,4.67,4.89,1,0.51,1,20.0,20.0,2.426272698209627,293.5
0,1.0,1,1,0,0,0,1,0,0,0,0,0,1.0,1.0,1.0,1.0,365.0,4,8,39,4.63,4.75,4.88,4.88,4.75,5.0,4.5,1,0.44,1,54.0,19.0,0.893164694842491,136.94
0,1.0,1,1,0,0,0,1,0,0,0,0,0,1.0,1.0,1.0,2.0,365.0,197,3,0,4.67,4.67,4.33,4.67,5.0,4.67,4.33,1,0.17,1,139.0,108.0,2.760914125637924,217.0
0,1.0,1,1,0,0,0,1,0,0,0,0,0,1.0,1.0,1.0,2.0,30.0,164,3,0,5.0,5.0,5.0,5.0,5.0,5.0,4.67,1,0.21,1,127.0,20.0,2.468633444268391,320.0
0,1.0,1,1,0,0,0,1,0,0,0,0,0,1.0,1.0,1.0,1.0,7.0,65,7,16,5.0,5.0,5.0,5.0,5.0,5.0,4.86,1,0.4,1,158.0,19.0,2.9930656141124423,388.0
0,1.0,1,1,0,0,0,0,1,0,0,0,0,1.0,2.0,1.0,3.0,365.0,176,2,8,5.0,5.0,5.0,5.0,5.0,5.0,5.0,1,0.1,1,165.0,131.0,4.131656549449707,160.0
0,2.0,1,1,0,0,0,1,0,0,0,0,0,1.0,1.0,1.0,5.0,365.0,139,1,0,5.0,5.0,5.0,5.0,5.0,5.0,5.0,2,0.06,1,125.0,20.0,2.724119452235984,204.4
1,3.0,1,1,0,1,0,1,0,0,0,0,0,1.0,1.0,1.0,1.0,1125.0,206,103,255,4.96,4.96,4.98,4.93,5.0,4.95,4.75,3,5.11,1,147.0,147.0,1.3369638093703322,164.0
0,1.0,1,1,0,0,0,0,1,0,0,0,0,1.0,1.0,1.0,3.0,1125.0,269,6,8,4.17,4.67,4.5,4.17,4.83,4.83,4.17,1,0.3,1,20.0,20.0,2.9454496669745707,420.33
0,1.0,1,1,0,0,0,1,0,0,0,0,0,1.0,1.0,1.0,2.0,7.0,170,4,31,4.75,5.0,4.25,5.0,5.0,5.0,4.5,1,0.43,1,118.0,12.0,3.240363025943371,314.0
0,1.0,1,1,0,0,0,0,0,1,0,0,0,1.5,2.0,2.0,4.0,30.0,339,5,32,5.0,5.0,4.8,5.0,5.0,4.8,5.0,1,0.37,1,122.0,20.0,3.4421231980256235,563.75
0,1.0,1,1,0,0,0,1,0,0,0,0,0,1.5,1.0,1.0,3.0,1125.0,169,14,47,4.86,4.79,4.79,4.86,4.93,5.0,4.57,1,0.7,1,153.0,152.0,3.094986456877048,230.0
0,1.0,1,1,0,0,0,1,0,0,0,0,0,1.0,1.0,1.0,1.0,2.0,89,8,8,5.0,5.0,4.88,5.0,5.0,5.0,4.75,1,0.45,1,137.0,20.0,2.7387074681598036,382.0
0,1.0,1,1,0,0,0,0,0,1,0,0,0,1.5,2.0,2.0,3.0,30.0,85,2,0,5.0,5.0,5.0,5.0,5.0,5.0,4.5,1,0.1,1,133.0,20.0,3.0806896514924595,373.0
0,1.0,1,1,0,0,0,1,0,0,0,0,0,1.0,1.0,1.0,3.0,25.0,166,5,8,5.0,5.0,5.0,5.0,5.0,4.8,4.6,1,0.25,1,29.0,19.0,3.4470923478077355,239.67
0,1.0,1,1,0,0,0,1,0,0,0,0,0,1.0,1.0,1.0,4.0,9.0,172,5,16,5.0,5.0,4.8,4.8,5.0,5.0,5.0,1,0.28,1,140.0,140.0,4.996682000035843,171.25
0,1.0,1,1,0,0,0,1,0,0,0,0,0,1.0,1.0,1.0,2.0,365.0,177,0,0,-1.0,-1.0,-1.0,-1.0,-1.0,-1.0,-1.0,1,0.0,0,165.0,142.0,1.5920972820668906,450.0
0,1.0,1,1,0,0,0,0,0,1,0,0,0,2.5,2.0,3.0,3.0,30.0,253,7,23,5.0,5.0,4.86,4.71,5.0,5.0,4.71,1,0.4,1,158.0,136.0,3.92386000652936,570.75
0,1.0,1,1,0,0,0,1,0,0,0,0,0,1.0,1.0,1.0,3.0,20.0,255,4,16,5.0,5.0,5.0,5.0,5.0,5.0,5.0,1,0.24,1,20.0,17.0,2.3367535862517212,256.8
0,1.0,1,1,0,0,0,0,0,1,0,0,0,2.0,3.0,3.0,3.0,365.0,17,6,31,4.67,4.33,4.67,4.83,5.0,4.67,4.67,1,0.48,1,154.0,127.0,2.046302262713661,446.2
0,1.0,1,1,0,0,0,0,0,1,0,0,0,1.0,3.0,3.0,3.0,7.0,177,2,8,5.0,5.0,4.5,5.0,5.0,4.5,5.0,1,0.11,1,161.0,156.0,2.175024511707017,406.75
0,1.0,1,1,0,0,0,1,0,0,0,0,0,1.0,1.0,1.0,2.0,365.0,114,11,23,4.82,4.82,4.91,5.0,5.0,4.73,4.82,1,0.57,1,126.0,19.0,3.161003749963161,260.0
1,3.0,1,1,0,1,0,1,0,0,0,0,0,1.0,1.0,1.0,2.0,365.0,122,60,255,4.97,4.98,4.92,4.93,5.0,4.97,4.73,3,2.94,1,125.0,125.0,1.1046619349370512,175.0
1,3.0,1,1,0,1,0,1,0,0,0,0,0,1.0,1.0,1.0,1.0,365.0,133,40,156,4.9,4.95,4.95,4.9,4.98,4.93,4.75,3,2.06,1,125.0,125.0,0.9072885482037183,250.0
1,2.0,1,1,0,0,0,0,1,0,0,0,0,1.5,2.0,4.0,2.0,8.0,161,16,55,5.0,4.94,5.0,5.0,5.0,5.0,4.88,2,0.79,1,112.0,20.0,2.137186955776811,320.0
0,1.0,1,1,0,0,0,0,0,1,0,0,0,1.5,2.0,2.0,2.0,60.0,36,17,47,4.88,4.76,4.94,5.0,5.0,5.0,4.76,1,0.84,1,150.0,20.0,0.6874940915832327,472.0
1,2.0,1,1,0,0,0,0,0,1,0,0,0,1.0,2.0,2.0,3.0,365.0,21,14,62,4.93,4.79,4.93,5.0,5.0,4.86,4.71,1,0.69,1,121.0,107.0,1.1633270740417683,504.33
0,1.0,1,1,0,0,0,1,0,0,0,0,0,1.0,1.0,1.0,2.0,30.0,41,10,55,5.0,4.8,4.7,5.0,5.0,4.9,4.7,1,0.61,1,148.0,18.0,1.2791362017849177,277.5
0,1.0,1,1,0,0,0,1,0,0,0,0,0,1.5,1.0,1.0,3.0,30.0,319,7,16,5.0,5.0,5.0,5.0,5.0,4.86,4.57,1,0.38,1,59.0,48.0,3.0542936994250898,252.56
0,1.0,1,1,0,0,0,1,0,0,0,0,0,1.0,1.0,1.0,1.0,365.0,338,6,47,5.0,5.0,4.83,5.0,5.0,5.0,4.83,1,1.04,1,131.0,7.0,2.434120245965122,240.0
1,1.0,1,1,0,0,0,1,0,0,0,0,0,1.0,1.0,1.0,2.0,1125.0,253,30,195,4.87,4.83,4.93,4.93,4.97,4.67,4.67,1,2.06,1,87.0,87.0,9.048019802063772,157.0
0,1.0,1,1,0,0,0,0,0,1,0,0,0,1.0,2.0,2.0,3.0,10.0,255,2,0,5.0,5.0,4.5,5.0,5.0,4.5,4.5,1,0.1,1,24.0,20.0,2.7685222160944103,314.0
0,1.0,1,1,0,1,0,1,0,0,0,0,0,1.0,1.0,1.0,2.0,30.0,337,19,125,5.0,5.0,4.95,4.95,5.0,4.84,4.84,1,1.02,1,20.0,20.0,3.832187369808272,181.5
0,1.0,1,1,0,0,0,0,0,1,0,0,0,1.0,1.0,1.0,3.0,30.0,180,14,55,4.86,4.93,5.0,4.93,5.0,4.79,4.57,1,0.77,1,50.0,19.0,2.107605047857412,312.0
0,1.0,1,1,0,0,0,1,0,0,0,0,0,1.0,1.0,1.0,1.0,30.0,158,11,55,4.91,5.0,4.82,4.82,5.0,5.0,4.73,1,0.62,1,85.0,19.0,1.7642115131550835,348.5
0,1.0,1,1,0,0,0,1,0,0,0,0,0,1.0,1.0,1.0,3.0,365.0,365,9,0,4.89,4.78,5.0,4.78,4.78,5.0,5.0,1,0.46,1,20.0,19.0,1.4258094258414322,356.2
0,1.0,1,1,0,0,0,1,0,0,0,0,0,1.0,1.0,1.0,3.0,60.0,153,4,8,5.0,5.0,5.0,5.0,5.0,5.0,5.0,1,0.2,1,92.0,20.0,2.0955558238994643,258.67
0,10.0,1,1,0,1,0,1,0,0,0,0,0,1.0,1.0,1.0,1.0,99.0,73,9,62,4.56,4.56,4.33,4.67,4.89,4.89,4.33,10,0.7,1,121.0,121.0,0.6941884870691076,173.0
0,10.0,1,1,0,1,0,0,0,1,0,0,0,1.0,1.0,2.0,1.0,99.0,65,12,55,4.67,4.67,4.33,4.75,4.67,4.83,4.25,10,0.82,1,121.0,121.0,0.6941884870691076,244.5
1,1.0,1,1,0,0,0,1,0,0,0,0,0,1.0,1.0,1.0,1.0,1125.0,326,82,255,4.96,4.96,4.99,4.99,5.0,4.89,4.87,1,4.21,1,129.0,104.0,3.803964753527157,213.0
1,1.0,1,1,0,0,0,1,0,0,0,0,0,1.0,1.0,1.0,3.0,50.0,166,15,78,5.0,5.0,4.8,5.0,5.0,4.87,4.93,1,0.79,1,20.0,19.0,2.292191488661188,258.67
0,1.0,1,1,0,0,0,0,0,1,0,0,0,1.0,2.0,2.0,4.0,14.0,318,2,16,5.0,5.0,4.5,5.0,5.0,5.0,4.5,1,0.86,1,20.0,7.0,2.3158624546896758,453.75
0,2.0,1,1,0,0,0,1,0,0,0,0,0,1.0,1.0,1.0,2.0,365.0,109,6,0,5.0,5.0,5.0,4.67,5.0,5.0,5.0,2,0.31,1,131.0,20.0,2.381627723129849,318.5
0,2.0,1,1,0,0,0,0,0,1,0,0,0,1.0,2.0,2.0,4.0,20.0,4,6,32,5.0,5.0,4.33,5.0,5.0,4.83,4.83,1,0.33,1,126.0,111.0,3.3914959371136386,302.5
0,1.0,1,1,0,0,0,1,0,0,0,0,0,1.0,1.0,1.0,1.0,365.0,252,10,47,4.9,4.7,5.0,4.9,5.0,5.0,4.6,1,0.5,1,134.0,96.0,2.15330951908074,457.0
0,1.0,1,1,0,0,0,1,0,0,0,0,0,1.0,1.0,1.0,4.0,60.0,88,14,40,4.93,4.93,4.93,5.0,5.0,4.93,4.71,1,0.71,1,117.0,94.0,1.8555683420167879,269.09
0,1.0,1,1,0,0,0,0,0,0,1,0,0,1.0,2.0,3.0,5.0,365.0,166,4,20,5.0,5.0,5.0,5.0,5.0,4.75,4.5,1,0.2,1,131.0,20.0,4.248548599307469,268.2
1,1.0,1,1,0,1,0,1,0,0,0,0,0,1.0,1.0,1.0,1.0,26.0,256,50,255,4.92,4.98,4.96,4.96,5.0,4.86,4.76,1,3.43,1,129.0,15.0,1.5049449693995356,151.0
0,1.0,1,1,0,0,0,0,1,0,0,0,0,1.0,2.0,2.0,3.0,365.0,16,2,8,5.0,5.0,5.0,5.0,5.0,5.0,5.0,1,0.11,1,40.0,20.0,2.424096269693763,452.67
0,1.0,1,1,0,0,0,1,0,0,0,0,0,1.0,1.0,1.0,3.0,31.0,14,3,16,4.67,4.67,4.67,5.0,4.67,4.67,4.33,1,0.17,1,64.0,19.0,2.568930716966478,200.67
0,2.0,1,1,0,0,0,0,0,1,0,0,0,1.0,2.0,2.0,2.0,365.0,237,6,39,5.0,5.0,5.0,5.0,5.0,5.0,5.0,1,0.46,1,120.0,34.0,2.724553540008888,628.0
0,1.0,1,1,0,0,0,0,0,1,0,0,0,2.0,2.0,1.0,3.0,365.0,317,4,8,4.75,4.5,4.5,5.0,5.0,4.75,4.25,1,0.22,1,74.0,19.0,4.020778292664566,236.0
0,1.0,1,1,0,0,0,0,1,0,0,0,0,1.0,2.0,2.0,1.0,365.0,197,72,255,4.75,4.65,4.86,4.92,4.81,4.83,4.63,1,3.8,1,118.0,118.0,0.9001622548461914,380.0
0,1.0,1,1,0,0,0,1,0,0,0,0,0,1.0,1.0,2.0,2.0,10.0,9,11,86,5.0,5.0,5.0,5.0,5.0,5.0,4.82,1,1.26,1,151.0,151.0,1.5649754820368946,439.75
1,1.0,1,1,0,0,0,0,0,1,0,0,0,1.0,2.0,4.0,1.0,365.0,48,66,255,4.92,4.88,4.76,4.94,4.98,4.98,4.68,1,3.39,1,140.0,19.0,2.128319754360854,430.25
0,1.0,0,1,0,0,0,1,0,0,0,0,0,2.0,2.0,2.0,5.0,26.0,345,2,20,4.0,3.5,4.0,5.0,4.5,4.0,4.0,1,0.17,1,19.0,19.0,3.1668872428309176,268.2
0,1.0,1,1,0,0,0,0,1,0,0,0,0,1.0,2.0,2.0,7.0,30.0,82,3,14,5.0,5.0,5.0,5.0,5.0,5.0,5.0,1,0.17,1,120.0,19.0,3.523564948226797,215.19
0,1.0,1,1,0,0,0,1,0,0,0,0,0,1.0,1.0,1.0,1.0,365.0,338,19,86,4.79,4.74,4.68,4.84,4.89,4.68,4.53,1,0.96,1,19.0,19.0,4.472703350776538,229.0
0,1.0,1,1,0,0,0,1,0,0,0,0,0,1.0,1.0,1.0,2.0,300.0,350,5,16,5.0,5.0,5.0,5.0,5.0,5.0,5.0,1,0.29,1,145.0,17.0,3.2863121908282618,203.78
0,1.0,1,1,0,0,0,0,1,0,0,0,0,1.0,1.0,1.0,1.0,2.0,135,11,8,4.91,5.0,4.91,5.0,4.91,4.82,4.73,1,0.57,1,19.0,19.0,2.979230032364589,360.0
0,3.0,1,1,0,1,0,1,0,0,0,0,0,1.0,1.0,2.0,2.0,365.0,290,2,0,5.0,5.0,5.0,5.0,5.0,4.5,4.5,3,0.11,1,25.0,18.0,6.338720026885426,79.0
0,1.0,1,1,0,0,0,0,0,1,0,0,0,1.0,1.0,1.0,1.0,365.0,111,4,8,5.0,5.0,5.0,5.0,5.0,5.0,5.0,1,0.21,1,57.0,19.0,3.3143877724621413,268.5
0,1.0,0,1,0,0,0,1,0,0,0,0,0,1.5,1.0,1.0,2.0,365.0,198,0,0,-1.0,-1.0,-1.0,-1.0,-1.0,-1.0,-1.0,1,0.0,0,36.0,19.0,1.0054569885982185,571.0
0,1.0,1,1,0,0,0,0,0,1,0,0,0,1.0,2.0,2.0,7.0,30.0,10,2,28,5.0,5.0,5.0,5.0,5.0,5.0,4.5,1,0.21,1,148.0,148.0,2.073666417199804,335.28
0,1.0,1,1,0,0,0,0,0,1,0,0,0,1.0,2.0,3.0,1.0,365.0,364,4,0,4.75,4.5,4.25,4.75,4.75,4.75,4.25,1,0.21,1,133.0,19.0,3.1396573051487264,628.0
0,2.0,1,1,0,0,0,0,1,0,0,0,0,1.0,1.0,1.0,5.0,60.0,80,1,0,5.0,5.0,5.0,5.0,5.0,5.0,5.0,1,0.06,1,45.0,19.0,1.4561002277122732,302.6
0,1.0,1,1,0,0,0,1,0,0,0,0,0,1.0,1.0,1.0,2.0,17.0,4,10,39,4.9,5.0,5.0,4.9,5.0,5.0,4.6,1,0.54,1,142.0,129.0,2.740510478770385,248.67
0,1.0,1,1,0,0,0,1,0,0,0,0,0,1.0,1.0,1.0,3.0,365.0,166,2,8,5.0,4.5,5.0,5.0,5.0,5.0,4.5,1,0.11,1,130.0,18.0,1.7427108410179046,281.67
0,2.0,1,1,0,1,0,1,0,0,0,0,0,1.0,1.0,1.0,1.0,365.0,222,55,255,4.6,4.75,4.62,4.89,4.85,4.96,4.42,2,2.86,1,65.0,19.0,0.878540343458976,170.5
0,2.0,1,1,0,1,0,1,0,0,0,0,0,1.0,1.0,1.0,1.0,365.0,233,65,255,4.74,4.83,4.63,4.88,4.8,4.95,4.55,2,3.5,1,65.0,19.0,0.878540343458976,145.0
0,1.0,0,1,0,0,0,1,0,0,0,0,0,1.0,2.0,1.0,6.0,30.0,328,5,12,4.8,4.6,4.8,4.8,5.0,4.8,4.6,1,0.33,1,69.0,19.0,1.4629902102928276,582.0
0,1.0,1,1,0,0,0,0,0,1,0,0,0,1.0,2.0,2.0,1.0,365.0,336,1,8,2.0,4.0,5.0,2.0,1.0,5.0,3.0,1,0.16,1,144.0,19.0,4.089469416346254,263.0
0,1.0,1,1,0,0,0,0,1,0,0,0,0,1.0,1.0,1.0,1.0,30.0,24,15,70,4.67,4.8,4.8,4.4,4.73,4.47,4.6,1,0.77,1,138.0,78.0,8.835669760426763,331.0
0,1.0,1,1,0,0,0,1,0,0,0,0,0,2.0,1.0,1.0,4.0,365.0,22,3,24,4.67,4.67,3.33,5.0,4.0,5.0,4.33,1,0.4,1,137.0,106.0,1.5229636631923158,392.25
1,1.0,1,1,0,0,0,1,0,0,0,0,0,1.0,1.0,1.0,2.0,365.0,43,18,125,4.89,4.89,5.0,4.83,5.0,4.94,4.83,1,1.38,1,152.0,14.0,2.0339817565881066,262.5
1,2.0,1,1,0,0,0,0,1,0,0,0,0,1.5,2.0,3.0,2.0,8.0,162,6,31,5.0,4.83,5.0,5.0,5.0,5.0,4.83,2,0.42,1,112.0,20.0,2.1375431780313328,320.0
0,1.0,1,1,0,0,0,0,1,0,0,0,0,1.0,2.0,2.0,3.0,14.0,216,8,39,4.63,4.38,4.63,5.0,4.88,5.0,4.5,1,0.42,1,132.0,19.0,1.9664362543063092,250.0
0,1.0,1,1,0,0,0,0,0,0,0,1,0,1.5,3.0,4.0,3.0,10.0,64,10,39,5.0,5.0,5.0,5.0,5.0,4.9,4.7,1,0.56,1,145.0,126.0,3.1299935286239617,536.67
0,1.0,1,1,0,0,0,1,0,0,0,0,0,1.0,1.0,1.0,2.0,30.0,348,8,16,4.88,5.0,4.75,5.0,4.88,4.88,4.88,1,0.56,1,155.0,155.0,1.7241963707916164,421.0
0,2.0,1,1,0,0,0,1,0,0,0,0,0,1.0,1.0,1.0,4.0,365.0,165,1,0,5.0,5.0,5.0,5.0,5.0,5.0,5.0,1,0.08,1,148.0,19.0,3.9569887759862623,376.59
0,2.0,1,1,0,0,0,1,0,0,0,0,0,1.0,1.0,1.0,1.0,1125.0,305,77,255,4.58,4.66,4.61,4.7,4.61,4.74,4.38,2,5.19,1,27.0,26.0,0.7616623450301456,224.0
0,1.0,1,1,0,0,0,1,0,0,0,0,0,1.0,1.0,1.0,2.0,365.0,187,5,39,5.0,5.0,5.0,4.8,5.0,5.0,5.0,1,0.51,1,103.0,19.0,2.309364733404983,285.5
1,4.0,1,1,0,0,0,0,0,1,0,0,0,1.0,1.0,2.0,1.0,999.0,330,0,0,-1.0,-1.0,-1.0,-1.0,-1.0,-1.0,-1.0,4,0.0,0,82.0,81.0,3.075271744792569,478.0
0,1.0,1,1,0,0,0,0,0,1,0,0,0,1.0,2.0,2.0,1.0,21.0,303,0,0,-1.0,-1.0,-1.0,-1.0,-1.0,-1.0,-1.0,1,0.0,0,59.0,19.0,2.312757563753292,331.0
0,1.0,1,1,0,1,0,1,0,0,0,0,0,1.0,1.0,1.0,2.0,40.0,109,13,94,4.85,4.69,4.85,4.92,4.92,4.62,4.69,1,0.99,1,146.0,19.0,4.324583093075675,170.5
0,1.0,1,1,0,0,0,1,0,0,0,0,0,1.0,1.0,1.0,3.0,10.0,337,11,39,4.73,4.64,4.64,4.82,5.0,4.64,4.45,1,0.59,1,120.0,19.0,2.4668919542441614,239.33
0,1.0,1,1,0,0,0,1,0,0,0,0,0,1.0,1.0,1.0,5.0,30.0,236,8,40,4.5,4.88,4.5,4.75,4.75,4.88,4.25,1,0.55,1,124.0,15.0,2.544785739782877,205.0
1,3.0,1,1,0,1,0,0,0,1,0,0,0,2.0,2.0,2.0,1.0,1125.0,194,2,8,4.5,4.5,5.0,4.5,5.0,5.0,4.5,3,0.14,1,147.0,147.0,1.4564607935464775,443.0
0,1.0,1,1,0,0,0,0,0,1,0,0,0,2.0,2.0,2.0,2.0,21.0,237,10,70,4.9,5.0,4.5,5.0,5.0,4.8,4.7,1,0.73,1,117.0,113.0,4.065666178614659,378.5
0,1.0,1,1,0,0,0,1,0,0,0,0,0,1.0,1.0,1.0,3.0,9.0,225,10,39,5.0,5.0,4.7,5.0,5.0,4.9,4.5,1,0.52,1,132.0,19.0,2.3812554366330425,285.33
1,1.0,1,1,0,0,0,1,0,0,0,0,0,1.0,1.0,1.0,1.0,3.0,31,13,70,4.92,4.85,4.92,4.92,4.92,5.0,4.31,1,0.94,1,132.0,19.0,1.6717067035486912,342.5
0,1.0,1,1,0,0,0,1,0,0,0,0,0,1.0,1.0,1.0,3.0,365.0,250,13,55,4.77,4.62,4.77,4.92,5.0,4.77,4.54,1,0.73,1,148.0,19.0,2.308438848140526,230.0
0,1.0,1,1,0,0,0,0,0,1,0,0,0,1.0,2.0,2.0,2.0,30.0,363,0,0,-1.0,-1.0,-1.0,-1.0,-1.0,-1.0,-1.0,1,0.0,0,144.0,112.0,2.679092529350155,667.59
0,1.0,1,1,0,0,0,0,1,0,0,0,0,1.5,2.0,2.0,1.0,28.0,25,9,31,5.0,5.0,4.78,5.0,5.0,5.0,5.0,1,0.46,1,139.0,19.0,1.001162896843336,480.33
0,1.0,1,1,0,0,0,0,0,1,0,0,0,1.5,2.0,2.0,7.0,30.0,158,0,0,-1.0,-1.0,-1.0,-1.0,-1.0,-1.0,-1.0,1,0.0,0,142.0,118.0,2.010558339219497,372.51
0,1.0,1,1,0,0,0,1,0,0,0,0,0,1.0,1.0,1.0,2.0,365.0,299,3,23,5.0,5.0,5.0,5.0,5.0,5.0,5.0,1,0.26,1,89.0,32.0,2.3444873267160764,394.0
1,1.0,1,1,0,0,0,1,0,0,0,0,0,1.0,1.0,1.0,1.0,1125.0,108,18,78,4.94,5.0,4.94,5.0,4.94,4.89,4.83,1,0.95,1,170.0,19.0,2.5840803852600436,369.0
0,1.0,1,1,0,0,0,1,0,0,0,0,0,1.0,1.0,1.0,7.0,30.0,121,0,0,-1.0,-1.0,-1.0,-1.0,-1.0,-1.0,-1.0,1,0.0,0,134.0,78.0,2.3031681355360103,296.71
0,1.0,1,1,0,0,0,1,0,0,0,0,0,1.0,2.0,2.0,3.0,365.0,152,5,8,4.8,5.0,4.8,5.0,5.0,4.8,4.6,1,0.35,1,145.0,19.0,2.743021361288225,357.67
0,1.0,1,1,0,0,0,0,0,1,0,0,0,1.0,2.0,2.0,3.0,35.0,255,9,55,5.0,5.0,4.89,5.0,5.0,4.78,4.56,1,0.65,1,120.0,119.0,2.2318391803531994,742.0
0,1.0,1,1,0,0,0,0,0,1,0,0,0,1.0,3.0,4.0,5.0,30.0,77,5,50,5.0,4.8,5.0,5.0,5.0,5.0,4.4,1,0.49,1,129.0,98.0,3.060565191504068,400.6
0,1.0,1,1,0,0,0,1,0,0,0,0,0,1.0,1.0,1.0,2.0,365.0,364,8,16,5.0,5.0,4.38,5.0,5.0,5.0,4.63,1,0.42,1,19.0,19.0,2.5616092977105116,342.5
1,1.0,1,1,0,0,0,0,0,1,0,0,0,1.0,1.0,2.0,1.0,1125.0,119,109,255,4.95,4.93,4.89,4.97,4.89,5.0,4.88,1,5.82,1,43.0,19.0,0.45351793883453945,370.89
0,1.0,1,1,0,0,0,0,0,1,0,0,0,1.5,2.0,6.0,1.0,7.0,20,5,39,5.0,5.0,4.8,5.0,5.0,5.0,5.0,1,0.5,1,156.0,122.0,6.203973619848965,281.67
0,1.0,1,1,0,0,0,0,0,1,0,0,0,1.0,2.0,2.0,1.0,365.0,21,6,47,4.83,5.0,4.67,5.0,5.0,5.0,4.5,1,0.56,1,19.0,19.0,1.297598946963469,371.0
0,1.0,1,1,0,0,0,1,0,0,0,0,0,1.0,1.0,1.0,2.0,20.0,5,7,39,5.0,5.0,5.0,5.0,5.0,5.0,5.0,1,0.39,1,86.0,19.0,1.3740598404997364,328.25
0,1.0,1,1,0,0,0,1,0,0,0,0,0,1.5,1.0,1.0,3.0,30.0,119,4,0,5.0,5.0,5.0,5.0,5.0,5.0,5.0,1,0.21,1,117.0,19.0,1.353219828244035,333.0
0,1.0,1,1,0,0,0,1,0,0,0,0,0,1.0,1.0,1.0,4.0,30.0,67,11,0,4.82,5.0,4.64,5.0,4.91,4.91,4.73,1,0.57,1,151.0,19.0,0.9604257394118785,232.25
1,14.0,1,1,0,1,0,1,0,0,0,0,0,1.0,1.0,2.0,7.0,365.0,337,4,14,4.75,4.75,4.5,5.0,5.0,4.0,4.75,2,0.21,1,142.0,130.0,5.147054769716291,90.48
0,1.0,1,1,0,0,0,1,0,0,0,0,0,1.0,1.0,1.0,3.0,365.0,158,3,23,5.0,5.0,5.0,5.0,5.0,5.0,5.0,1,1.58,1,83.0,11.0,2.427344996976391,342.67
0,1.0,1,1,0,0,0,0,0,1,0,0,0,1.0,3.0,3.0,5.0,365.0,166,2,10,5.0,5.0,5.0,5.0,5.0,5.0,5.0,1,0.11,1,35.0,19.0,5.830164289831957,202.67
0,1.0,1,1,0,0,0,0,1,0,0,0,0,1.0,1.0,2.0,2.0,365.0,28,9,55,5.0,5.0,4.89,5.0,5.0,4.78,4.89,1,0.5,1,105.0,19.0,2.4389385386918985,249.5
0,1.0,1,1,0,0,0,1,0,0,0,0,0,1.0,1.0,1.0,2.0,21.0,166,1,8,5.0,5.0,5.0,5.0,5.0,5.0,5.0,1,0.41,1,137.0,134.0,0.6911295463822118,249.0
0,1.0,1,1,0,0,0,0,0,1,0,0,0,2.0,2.0,1.0,2.0,60.0,61,2,16,5.0,5.0,5.0,5.0,5.0,4.5,4.0,1,0.36,1,107.0,19.0,1.6133088987711512,434.0
0,1.0,1,1,0,0,0,0,0,1,0,0,0,1.0,1.0,2.0,1.0,13.0,61,2,16,4.5,4.0,4.0,3.5,5.0,4.0,3.0,1,0.82,1,121.0,97.0,4.016600862210751,211.5
0,1.0,1,1,0,0,0,0,1,0,0,0,0,1.0,2.0,2.0,4.0,4.0,55,5,32,5.0,5.0,5.0,5.0,5.0,5.0,5.0,1,0.28,1,121.0,40.0,1.9853608209506224,713.25
0,1.0,1,1,0,0,0,0,1,0,0,0,0,1.0,1.0,1.0,4.0,30.0,58,2,8,5.0,5.0,5.0,5.0,5.0,4.5,4.5,1,0.14,1,151.0,18.0,1.5298636553891563,300.25
0,1.0,1,1,0,1,0,1,0,0,0,0,0,1.0,1.0,1.0,1.0,365.0,362,24,0,4.88,4.92,4.46,5.0,4.92,4.96,4.79,1,1.29,1,41.0,18.0,1.0738176030587672,229.0
0,1.0,1,1,0,0,0,1,0,0,0,0,0,1.0,1.0,1.0,2.0,365.0,17,54,242,4.69,4.7,4.69,4.52,4.8,4.91,4.39,1,2.83,1,116.0,116.0,1.1440080386874647,247.0
0,1.0,1,1,0,0,0,1,0,0,0,0,0,1.0,1.0,1.0,1.0,21.0,88,7,47,5.0,5.0,5.0,5.0,5.0,5.0,4.86,1,0.53,1,121.0,19.0,1.5873911984918778,536.67
0,1.0,1,1,0,0,0,0,0,1,0,0,0,1.0,2.0,2.0,3.0,32.0,176,2,0,5.0,5.0,5.0,5.0,5.0,5.0,5.0,1,0.11,1,94.0,19.0,2.2961150892941378,365.33
0,1.0,0,1,0,0,0,0,0,1,0,0,0,1.0,2.0,2.0,3.0,365.0,177,7,8,5.0,5.0,5.0,5.0,5.0,5.0,4.71,1,0.39,1,30.0,19.0,0.9811672213731125,588.67
0,1.0,1,1,0,0,0,1,0,0,0,0,0,1.5,2.0,2.0,4.0,10.0,143,8,40,5.0,5.0,5.0,4.88,5.0,4.88,5.0,1,0.52,1,134.0,131.0,2.700495424361412,328.09
0,1.0,1,1,0,0,0,1,0,0,0,0,0,1.0,1.0,1.0,1.0,15.0,89,2,0,5.0,5.0,5.0,5.0,5.0,4.5,5.0,1,0.12,1,117.0,19.0,2.886792340206648,431.0
0,1.0,1,1,0,0,0,0,0,0,1,0,0,1.0,3.0,3.0,1.0,365.0,168,4,16,5.0,5.0,5.0,5.0,5.0,4.75,5.0,1,0.25,1,153.0,19.0,4.381463935775101,360.0
0,1.0,1,1,0,0,0,0,0,1,0,0,0,1.0,2.0,2.0,3.0,1125.0,23,3,0,5.0,5.0,5.0,5.0,5.0,5.0,5.0,1,0.17,1,93.0,18.0,2.6426702007650595,451.67
0,1.0,1,1,0,0,0,0,0,1,0,0,0,1.5,2.0,2.0,3.0,1125.0,60,4,8,4.75,5.0,5.0,5.0,5.0,4.25,5.0,1,0.24,1,174.0,18.0,4.954477912476061,260.67
0,1.0,1,1,0,0,0,0,0,1,0,0,0,1.5,2.0,2.0,2.0,14.0,16,5,39,5.0,5.0,5.0,5.0,4.8,5.0,4.8,1,0.42,1,134.0,18.0,2.638257898756264,242.6
1,1.0,1,1,0,0,0,0,0,1,0,0,0,1.5,2.0,3.0,3.0,30.0,12,12,70,5.0,5.0,5.0,5.0,5.0,5.0,4.83,1,0.84,1,135.0,18.0,1.7577523595028701,513.67
0,1.0,1,1,0,0,0,0,1,0,0,0,0,1.0,2.0,2.0,2.0,14.0,3,12,62,5.0,5.0,4.92,5.0,5.0,4.92,4.75,1,0.71,1,82.0,17.0,1.9055449049701623,345.21
0,1.0,1,1,0,0,0,1,0,0,0,0,0,1.0,1.0,1.0,1.0,365.0,10,9,8,4.67,4.89,4.78,4.89,5.0,4.44,4.0,1,0.49,1,136.0,18.0,2.1123267783005337,194.0
0,1.0,1,1,0,0,0,0,0,0,0,1,0,1.0,2.0,3.0,2.0,365.0,351,15,62,4.73,4.87,4.53,4.67,4.93,4.8,4.53,1,0.82,1,142.0,18.0,2.6752656050636747,750.0
0,1.0,1,1,0,0,0,1,0,0,0,0,0,1.0,1.0,1.0,3.0,10.0,15,8,39,5.0,5.0,4.88,5.0,5.0,5.0,4.88,1,0.43,1,81.0,18.0,1.772130967878753,300.67
1,1.0,1,1,0,0,0,0,0,1,0,0,0,1.0,1.0,1.0,2.0,365.0,8,14,47,4.93,4.86,5.0,4.86,4.93,4.43,4.71,1,0.76,1,76.0,18.0,3.669616501608936,285.5
0,1.0,1,1,0,0,0,1,0,0,0,0,0,1.0,1.0,1.0,2.0,365.0,178,6,23,4.83,4.83,5.0,5.0,5.0,4.83,5.0,1,0.34,1,133.0,18.0,3.2353005061587794,314.0
0,1.0,1,1,0,0,0,0,1,0,0,0,0,1.5,1.0,3.0,7.0,30.0,234,0,0,-1.0,-1.0,-1.0,-1.0,-1.0,-1.0,-1.0,1,0.0,0,18.0,18.0,1.6221204126101414,192.37
0,23.0,1,1,0,0,0,0,0,1,0,0,0,1.0,1.0,1.0,2.0,7.0,233,1,8,5.0,5.0,5.0,5.0,5.0,5.0,5.0,23,0.09,1,94.0,94.0,1.71208113962748,600.0
0,1.0,1,1,0,0,0,0,0,1,0,0,0,1.0,2.0,2.0,2.0,30.0,141,14,78,4.93,5.0,5.0,5.0,4.93,4.93,4.86,1,0.79,1,136.0,17.0,3.1753762560548404,456.5
0,1.0,1,1,0,0,0,0,0,1,0,0,0,1.0,2.0,1.0,6.0,365.0,329,4,36,5.0,5.0,5.0,5.0,5.0,5.0,4.75,1,0.28,1,164.0,164.0,2.370494553369037,526.0
0,1.0,1,1,0,0,0,0,1,0,0,0,0,1.0,2.0,2.0,2.0,365.0,173,6,31,4.67,4.83,4.83,4.0,5.0,4.5,4.5,1,0.39,1,138.0,18.0,2.3722571813278646,322.5
0,1.0,1,1,0,0,0,1,0,0,0,0,0,1.0,1.0,1.0,1.0,3.0,80,11,23,4.91,5.0,4.91,5.0,5.0,5.0,4.82,1,0.61,1,78.0,18.0,4.6677966682846534,161.33
0,1.0,1,1,0,0,0,0,0,1,0,0,0,1.5,3.0,2.0,3.0,14.0,82,3,23,5.0,5.0,5.0,5.0,5.0,4.67,5.0,1,0.38,1,158.0,154.0,4.4384738887957615,336.67
0,1.0,1,1,0,0,0,0,0,1,0,0,0,1.0,2.0,3.0,2.0,365.0,10,12,47,4.83,4.75,4.5,4.92,4.92,4.75,4.5,1,0.75,1,130.0,123.0,2.5171731703606723,365.5
0,1.0,1,1,0,0,0,1,0,0,0,0,0,1.0,1.0,1.0,2.0,30.0,29,1,8,5.0,5.0,5.0,5.0,5.0,5.0,5.0,1,0.16,1,116.0,22.0,2.602845818497204,331.0
0,1.0,1,1,0,1,0,1,0,0,0,0,0,1.0,1.0,1.0,2.0,365.0,301,3,8,5.0,5.0,5.0,4.67,5.0,5.0,5.0,1,0.22,1,119.0,18.0,1.0513792418625758,175.0
0,1.0,1,1,0,0,0,0,0,1,0,0,0,1.0,3.0,2.0,2.0,365.0,10,3,8,5.0,5.0,4.33,5.0,5.0,5.0,5.0,1,0.17,1,148.0,18.0,2.2234306380483018,326.0
1,1.0,1,1,0,1,0,1,0,0,0,0,0,1.0,1.0,1.0,3.0,60.0,32,30,156,4.87,4.87,4.73,4.97,4.97,4.77,4.77,1,1.6,1,127.0,18.0,3.5642015444468007,157.33
0,1.0,1,1,0,0,0,0,0,1,0,0,0,1.0,2.0,2.0,3.0,60.0,166,1,8,5.0,5.0,5.0,5.0,5.0,5.0,5.0,1,0.1,1,140.0,18.0,3.3150587060246894,238.0
0,1.0,1,1,0,0,0,0,0,1,0,0,0,1.0,1.0,2.0,2.0,14.0,9,8,31,4.88,4.88,4.88,4.88,4.88,4.88,4.63,1,0.45,1,134.0,18.0,2.208351702632358,328.5
1,1.0,1,1,0,0,0,0,0,1,0,0,0,1.0,1.0,2.0,1.0,365.0,204,127,255,4.98,4.97,4.98,4.98,4.98,4.96,4.85,1,6.89,1,158.0,18.0,0.9716496051438908,272.0
0,1.0,1,1,0,0,0,1,0,0,0,0,0,1.0,1.0,1.0,1.0,365.0,219,4,8,5.0,5.0,5.0,5.0,5.0,5.0,4.75,1,0.28,1,123.0,18.0,1.638277749918968,314.0
1,13.0,1,1,0,0,0,0,0,1,0,0,0,1.0,1.0,2.0,2.0,999.0,158,0,0,-1.0,-1.0,-1.0,-1.0,-1.0,-1.0,-1.0,13,0.0,0,59.0,59.0,7.432967036479268,263.0
0,1.0,0,1,0,0,0,0,0,1,0,0,0,1.0,4.0,4.0,1.0,30.0,54,5,31,5.0,5.0,4.8,5.0,5.0,5.0,5.0,1,0.28,1,38.0,18.0,1.3812177531697687,421.0
0,1.0,1,1,0,0,0,1,0,0,0,0,0,1.0,1.0,1.0,3.0,8.0,201,10,39,4.9,4.9,5.0,4.9,4.9,4.9,4.7,1,0.57,1,130.0,17.0,2.2127241124695654,216.67
0,1.0,1,1,0,0,0,1,0,0,0,0,0,1.0,1.0,1.0,5.0,120.0,79,0,0,-1.0,-1.0,-1.0,-1.0,-1.0,-1.0,-1.0,1,0.0,0,124.0,13.0,3.5225546449760268,256.8
0,1.0,1,1,0,0,0,0,0,1,0,0,0,2.0,3.0,3.0,5.0,20.0,330,4,0,4.75,4.75,4.75,5.0,5.0,4.75,4.75,1,0.23,1,113.0,113.0,4.100256916655462,574.4
1,13.0,1,1,0,0,0,0,0,1,0,0,0,1.0,2.0,2.0,2.0,999.0,171,25,164,4.92,4.8,4.8,4.88,4.92,4.76,4.72,13,1.66,1,59.0,59.0,7.484803719439765,235.0
0,1.0,1,1,0,0,0,0,0,1,0,0,0,1.0,2.0,4.0,1.0,31.0,227,9,47,4.89,4.44,4.56,4.89,4.67,5.0,4.33,1,0.51,1,46.0,46.0,1.7330637167353435,269.0
0,1.0,1,1,0,0,0,1,0,0,0,0,0,1.0,1.0,1.0,3.0,30.0,5,13,62,5.0,5.0,5.0,5.0,5.0,5.0,4.85,1,0.73,1,143.0,18.0,1.7933450791209964,211.2
0,1.0,1,1,0,0,0,0,0,1,0,0,0,1.0,2.0,2.0,1.0,1.0,22,14,55,4.93,4.93,4.93,5.0,5.0,5.0,4.79,1,0.93,1,76.0,18.0,1.6242676970024899,474.0
0,1.0,0,1,0,0,0,0,0,0,0,0,1,1.0,3.0,3.0,3.0,30.0,73,0,0,-1.0,-1.0,-1.0,-1.0,-1.0,-1.0,-1.0,1,0.0,0,18.0,18.0,1.4301887458602311,656.33
1,2.0,1,1,0,0,0,1,0,0,0,0,0,1.0,1.0,2.0,2.0,1125.0,113,35,226,5.0,4.97,5.0,4.97,5.0,4.94,4.74,2,2.4,1,130.0,95.0,2.2906091508605706,200.0
0,1.0,1,1,0,0,0,1,0,0,0,0,0,1.0,1.0,1.0,3.0,365.0,58,10,55,4.7,4.6,4.8,4.9,4.6,4.5,4.4,1,0.56,1,108.0,18.0,2.3453480085950225,176.0
0,1.0,1,1,0,0,0,0,1,0,0,0,0,1.0,2.0,3.0,3.0,365.0,116,4,0,5.0,5.0,4.5,5.0,4.75,4.75,4.75,1,0.28,1,102.0,25.0,3.4501846810695307,422.33
0,2.0,1,1,0,0,0,1,0,0,0,0,0,1.0,1.0,1.0,2.0,30.0,92,9,31,4.67,4.67,4.56,4.67,4.89,4.56,4.56,1,0.49,1,152.0,32.0,3.027885322913871,311.0
1,1.0,1,1,0,1,0,0,0,1,0,0,0,1.0,2.0,2.0,2.0,365.0,9,98,255,4.9,4.89,4.9,4.97,4.96,4.95,4.87,1,5.49,1,151.0,106.0,1.0573233243699973,302.5
0,1.0,1,1,0,0,0,0,0,1,0,0,0,1.0,2.0,1.0,1.0,7.0,76,7,55,4.86,5.0,4.71,5.0,5.0,4.86,5.0,1,0.73,1,68.0,17.0,2.3795970534986357,380.67
1,5.0,1,1,0,0,0,1,0,0,0,0,0,1.0,1.0,1.0,3.0,30.0,74,41,255,4.73,4.68,4.63,5.0,4.95,4.8,4.56,5,2.73,1,23.0,23.0,1.2023832688234912,176.0
0,1.0,1,1,0,0,0,1,0,0,0,0,0,1.0,1.0,1.0,2.0,28.0,135,7,16,4.86,5.0,5.0,5.0,5.0,4.43,4.86,1,0.43,1,153.0,18.0,2.6039497456030465,225.5
0,2.0,1,1,0,1,0,1,0,0,0,0,0,1.0,1.0,1.0,1.0,365.0,349,87,255,4.29,4.44,4.45,4.76,4.1,4.82,4.13,2,4.88,1,153.0,106.0,0.8482332338508431,115.74
1,1.0,1,1,0,0,0,1,0,0,0,0,0,1.0,1.0,1.0,2.0,365.0,72,20,125,4.9,4.85,4.6,4.9,5.0,4.8,4.75,1,1.42,1,28.0,17.0,1.8805213962895215,231.5
0,1.0,1,1,0,0,0,0,1,0,0,0,0,1.0,1.0,2.0,2.0,15.0,95,6,31,5.0,5.0,5.0,4.83,5.0,5.0,5.0,1,0.43,1,145.0,18.0,1.7155107982173057,357.0
0,1.0,1,1,0,0,0,1,0,0,0,0,0,2.0,1.0,1.0,1.0,365.0,331,12,78,4.92,5.0,4.83,5.0,5.0,4.92,4.83,1,0.88,1,18.0,18.0,1.6754249074417609,302.41
1,2.0,1,1,0,0,0,0,0,1,0,0,0,1.0,2.0,2.0,3.0,1125.0,19,16,62,4.94,4.94,5.0,5.0,5.0,4.63,4.75,1,0.9,1,59.0,18.0,4.254080057523194,411.0
0,1.0,0,1,0,0,0,1,0,0,0,0,0,1.0,1.0,1.0,1.0,3.0,87,14,70,4.93,4.93,4.71,4.93,5.0,4.79,4.64,1,0.94,1,18.0,18.0,2.077206994826969,331.0
0,1.0,1,1,0,1,0,1,0,0,0,0,0,0.5,1.0,1.0,1.0,31.0,72,10,55,4.8,4.5,4.4,4.9,4.8,5.0,4.7,1,0.65,1,103.0,103.0,1.176240582735975,205.0
0,1.0,1,1,0,0,0,0,0,0,0,1,0,2.0,3.0,2.0,3.0,365.0,197,1,8,4.0,5.0,5.0,5.0,4.0,5.0,4.0,1,0.18,1,137.0,37.0,1.6270391618151,479.33
0,1.0,1,1,0,0,0,0,0,1,0,0,0,1.0,2.0,2.0,2.0,365.0,11,3,16,5.0,5.0,5.0,5.0,5.0,5.0,5.0,1,0.23,1,138.0,18.0,4.670089139830461,296.8
0,3.0,1,1,0,0,0,1,0,0,0,0,0,1.0,1.0,1.0,1.0,365.0,196,6,39,3.67,3.83,4.33,4.33,3.5,4.17,3.5,2,0.47,1,18.0,18.0,0.7899809073855018,222.53
0,2.0,1,1,0,0,0,0,0,0,0,1,0,2.0,3.0,4.0,7.0,20.0,273,2,28,5.0,5.0,5.0,5.0,5.0,5.0,5.0,1,0.37,1,78.0,34.0,3.737427504933244,702.43
0,1.0,1,1,0,0,0,0,0,1,0,0,0,2.0,2.0,2.0,1.0,365.0,11,49,242,4.1,4.29,3.88,4.61,4.1,4.57,3.88,1,2.8,1,132.0,132.0,1.562399096069946,252.0
0,1.0,1,1,0,0,0,0,0,1,0,0,0,1.0,1.0,2.0,1.0,365.0,7,66,255,4.61,4.68,4.7,4.88,4.53,4.91,4.32,1,3.7,1,56.0,18.0,1.0024215163404422,264.5
0,25.0,1,1,0,0,0,0,0,1,0,0,0,1.0,2.0,2.0,1.0,365.0,193,4,16,4.5,4.75,5.0,3.75,4.5,5.0,5.0,2,0.22,1,29.0,29.0,0.6652934876207399,477.0
0,1.0,1,1,0,0,0,1,0,0,0,0,0,1.0,1.0,1.0,3.0,30.0,73,6,0,4.83,5.0,4.67,4.5,5.0,4.5,4.33,1,0.34,1,119.0,18.0,3.0544886199668637,228.33
0,1.0,1,1,0,0,0,1,0,0,0,0,0,1.0,1.0,1.0,1.0,14.0,347,6,16,4.83,4.83,4.83,5.0,5.0,5.0,4.83,1,0.42,1,140.0,18.0,1.2169061510882488,331.0
0,1.0,1,1,0,0,0,0,0,1,0,0,0,1.0,2.0,2.0,2.0,30.0,186,8,23,5.0,5.0,5.0,4.88,5.0,5.0,5.0,1,0.45,1,96.0,18.0,2.677548198748417,622.0
0,1.0,1,1,0,0,0,0,0,1,0,0,0,1.0,2.0,2.0,3.0,3.0,75,14,94,5.0,5.0,5.0,5.0,5.0,5.0,4.79,1,0.98,1,116.0,14.0,1.9994585689034543,649.18
0,2.0,1,1,0,1,0,1,0,0,0,0,0,1.5,1.0,1.0,2.0,365.0,254,53,255,4.79,4.89,4.74,4.83,4.96,4.58,4.81,2,3.54,1,58.0,58.0,8.681801924299767,66.5
0,1.0,1,1,0,0,0,1,0,0,0,0,0,1.0,1.0,1.0,1.0,60.0,240,10,62,4.9,5.0,4.8,4.9,5.0,4.9,4.9,1,0.7,1,152.0,15.0,2.120879808304838,236.8
0,1.0,1,1,0,0,0,0,0,1,0,0,0,1.0,2.0,2.0,2.0,3.0,17,9,47,5.0,5.0,4.89,4.78,5.0,4.89,4.33,1,0.61,1,129.0,18.0,2.685954911750917,452.5
0,1.0,1,1,0,0,0,1,0,0,0,0,0,1.0,1.0,1.0,4.0,365.0,359,0,0,-1.0,-1.0,-1.0,-1.0,-1.0,-1.0,-1.0,1,0.0,0,102.0,18.0,4.020077017751821,214.75
0,1.0,1,1,0,0,0,1,0,0,0,0,0,1.0,1.0,1.0,2.0,7.0,58,10,39,4.7,4.7,4.8,4.9,4.7,5.0,4.6,1,0.56,1,144.0,118.0,1.1513594495064574,382.5
0,2.0,1,1,0,0,0,0,1,0,0,0,0,1.0,2.0,2.0,1.0,7.0,39,12,62,4.92,5.0,5.0,4.92,5.0,4.75,4.92,1,0.85,1,19.0,17.0,10.039797696741498,280.0
0,1.0,1,1,0,0,0,1,0,0,0,0,0,1.0,1.0,1.0,3.0,30.0,24,7,16,4.57,4.86,4.43,4.29,4.86,4.57,4.57,1,0.41,1,105.0,17.0,2.2963041335842784,268.33
1,1.0,1,1,0,0,0,1,0,0,0,0,0,1.0,1.0,1.0,1.0,60.0,73,95,255,4.97,4.97,5.0,5.0,5.0,4.92,4.83,1,5.86,1,95.0,17.0,0.4582614793260272,263.0
0,1.0,1,1,0,0,0,1,0,0,0,0,0,1.0,1.0,1.0,3.0,3.0,9,8,8,4.88,5.0,5.0,4.88,5.0,5.0,4.63,1,0.45,1,166.0,78.0,1.746526645418477,306.33
1,5.0,1,1,0,0,0,1,0,0,0,0,0,1.0,1.0,1.0,3.0,365.0,265,7,39,4.86,4.71,5.0,5.0,5.0,5.0,4.43,5,0.48,1,23.0,23.0,1.2023832688234912,194.0
0,1.0,1,1,0,0,0,1,0,0,0,0,0,1.0,1.0,1.0,2.0,25.0,43,8,31,5.0,4.88,5.0,5.0,5.0,4.75,4.5,1,0.57,1,98.0,14.0,2.8328059626399402,240.0
0,1.0,1,1,0,0,0,1,0,0,0,0,0,1.0,1.0,1.0,2.0,12.0,349,4,23,5.0,5.0,5.0,5.0,5.0,5.0,5.0,1,0.29,1,124.0,17.0,2.183814448440716,394.0
0,1.0,1,1,0,0,0,1,0,0,0,0,0,1.5,1.0,1.0,1.0,1125.0,124,34,211,4.74,4.82,4.88,4.5,4.56,4.94,4.53,1,1.92,1,17.0,17.0,1.679879918237615,295.0
0,1.0,1,1,0,0,0,0,1,0,0,0,0,1.5,2.0,2.0,2.0,30.0,10,8,39,5.0,5.0,5.0,5.0,5.0,4.75,5.0,1,0.45,1,132.0,17.0,2.8507162761606555,365.33
0,6.0,1,1,0,1,0,0,0,1,0,0,0,1.0,2.0,2.0,2.0,365.0,248,91,255,4.52,4.6,4.52,4.8,4.81,4.85,4.56,2,5.17,1,165.0,165.0,0.7603469674160355,225.5
0,4.0,1,1,0,0,0,0,1,0,0,0,0,1.0,1.0,2.0,2.0,30.0,179,3,0,4.67,4.67,4.33,5.0,4.67,5.0,4.33,4,0.17,1,25.0,25.0,1.464744791220561,342.5
1,2.0,1,1,0,1,0,1,0,0,0,0,0,1.0,1.0,1.0,2.0,365.0,236,1,8,4.0,4.0,5.0,5.0,4.0,5.0,4.0,2,0.48,1,158.0,158.0,2.1491030758136844,188.5
0,1.0,0,1,0,0,0,1,0,0,0,0,0,1.0,1.0,1.0,1.0,365.0,363,0,0,-1.0,-1.0,-1.0,-1.0,-1.0,-1.0,-1.0,1,0.0,0,72.0,17.0,1.7652261829477203,286.0
0,1.0,0,1,0,0,0,1,0,0,0,0,0,1.0,1.0,1.0,3.0,35.0,325,6,0,5.0,5.0,5.0,4.83,5.0,4.83,4.67,1,0.34,1,126.0,17.0,1.9121708469564842,201.67
0,1.0,1,1,0,1,0,1,0,0,0,0,0,0.5,1.0,1.0,2.0,365.0,166,18,62,4.61,4.67,4.78,4.78,4.72,4.67,4.39,1,1.02,1,76.0,17.0,2.9974612248746415,184.0
0,1.0,1,1,0,0,0,1,0,0,0,0,0,1.0,1.0,1.0,2.0,365.0,361,11,55,4.82,4.73,4.73,5.0,5.0,5.0,4.27,1,0.77,1,127.0,28.0,1.7386642663038203,357.0
0,1.0,1,1,0,0,0,1,0,0,0,0,0,1.0,1.0,1.0,2.0,365.0,85,9,31,4.78,4.89,4.78,5.0,5.0,5.0,4.78,1,0.5,1,28.0,17.0,1.1141890038050255,266.5
1,1.0,1,1,0,0,0,1,0,0,0,0,0,1.0,1.0,1.0,2.0,8.0,19,10,47,4.8,5.0,4.8,4.8,4.9,4.6,4.6,1,0.66,1,107.0,17.0,2.442798765881697,228.4
0,2.0,1,1,0,0,0,0,0,1,0,0,0,1.0,1.0,2.0,3.0,8.0,21,5,16,5.0,5.0,4.8,5.0,5.0,4.8,4.8,1,0.28,1,68.0,17.0,2.225741592857793,360.33
0,1.0,1,1,0,0,0,1,0,0,0,0,0,1.0,1.0,1.0,4.0,8.0,17,3,24,5.0,5.0,5.0,5.0,5.0,5.0,5.0,1,0.69,1,37.0,22.0,3.5356643666599217,162.75
1,1.0,1,1,0,0,0,1,0,0,0,0,0,1.0,1.0,1.0,2.0,6.0,56,23,140,5.0,4.96,4.91,5.0,5.0,4.78,4.87,1,1.58,1,151.0,17.0,3.676167252888941,180.5
0,1.0,1,1,0,0,0,1,0,0,0,0,0,1.0,1.0,1.0,1.0,365.0,264,19,125,4.58,4.63,3.84,4.79,4.84,4.79,4.21,1,1.51,1,59.0,13.0,2.7609717464287975,266.0
0,1.0,1,1,0,0,0,1,0,0,0,0,0,1.5,1.0,1.0,1.0,30.0,37,6,39,5.0,5.0,5.0,5.0,5.0,5.0,4.83,1,0.35,1,101.0,0.0,2.0075757713133546,309.0
0,1.0,1,1,0,0,0,1,0,0,0,0,0,1.0,1.0,1.0,1.0,30.0,76,7,55,4.29,4.57,4.86,4.71,4.57,5.0,3.86,1,0.68,1,142.0,118.0,0.9579126700976824,382.5
0,1.0,1,1,0,0,0,1,0,0,0,0,0,1.0,1.0,1.0,2.0,365.0,184,5,23,4.6,5.0,5.0,4.6,4.8,4.8,4.4,1,0.38,1,130.0,17.0,2.4901573378582884,216.83
1,26.0,1,1,0,0,0,1,0,0,0,0,0,1.0,1.0,1.0,3.0,60.0,169,3,0,5.0,5.0,5.0,5.0,5.0,5.0,4.67,18,0.18,1,106.0,106.0,1.8819083043636555,240.0
0,10.0,1,1,0,1,0,0,0,1,0,0,0,1.0,1.0,2.0,1.0,99.0,68,4,8,4.75,4.75,5.0,4.75,4.75,5.0,4.5,10,0.28,1,121.0,121.0,0.6941884870691076,244.5
0,10.0,1,1,0,1,0,0,1,0,0,0,0,1.0,1.0,2.0,1.0,99.0,69,12,47,4.33,4.67,4.67,4.83,4.75,4.75,4.0,10,0.81,1,121.0,121.0,0.6941884870691076,227.5
0,1.0,1,1,0,1,0,1,0,0,0,0,0,1.0,1.0,1.0,1.0,3.0,363,2,0,4.5,4.0,4.5,5.0,5.0,5.0,4.0,1,0.11,1,17.0,17.0,2.3989358892639876,318.0
0,1.0,1,1,0,0,0,0,0,1,0,0,0,2.0,3.0,4.0,1.0,19.0,72,0,0,-1.0,-1.0,-1.0,-1.0,-1.0,-1.0,-1.0,1,0.0,0,145.0,17.0,6.668010919262179,285.29
0,4.0,1,1,0,0,0,0,0,0,0,1,0,0.5,1.0,5.0,1.0,1125.0,211,3,8,4.67,4.0,5.0,4.67,4.33,4.0,4.33,4,0.21,1,17.0,17.0,7.353035976862864,187.0
0,4.0,1,1,0,0,0,0,0,0,0,1,0,0.5,1.0,5.0,1.0,1125.0,223,2,0,4.0,4.5,4.5,4.5,4.0,4.0,4.0,4,0.14,1,17.0,17.0,7.353035976862864,187.0
0,4.0,1,1,0,0,0,0,0,0,0,1,0,0.5,1.0,5.0,1.0,1125.0,224,0,0,-1.0,-1.0,-1.0,-1.0,-1.0,-1.0,-1.0,4,0.0,0,17.0,17.0,7.327655210331044,187.0
0,4.0,1,1,0,0,0,0,0,1,0,0,0,0.5,1.0,4.0,1.0,1125.0,183,3,8,4.33,4.33,4.0,4.67,4.67,4.33,4.33,4,0.21,1,17.0,17.0,7.353035976862864,156.0
1,2.0,1,1,0,0,0,0,0,0,1,0,0,2.0,2.0,3.0,2.0,30.0,94,14,70,5.0,5.0,4.93,5.0,5.0,5.0,4.86,2,0.94,1,174.0,142.0,0.5631787145784963,559.5
0,2.0,1,1,0,1,0,0,0,1,0,0,0,1.0,2.0,2.0,1.0,365.0,309,71,255,4.3,4.38,4.35,4.69,4.58,4.89,4.18,2,4.2,1,27.0,26.0,0.46222504134361014,445.0
1,2.0,1,1,0,1,0,1,0,0,0,0,0,1.0,1.0,1.0,1.0,365.0,332,12,78,5.0,4.83,5.0,5.0,4.92,4.67,4.83,2,0.74,1,43.0,43.0,6.556016556060269,139.0
0,1.0,1,1,0,0,0,0,1,0,0,0,0,1.0,2.0,1.0,1.0,30.0,164,2,8,5.0,5.0,4.5,5.0,4.5,4.0,4.5,1,0.14,1,131.0,15.0,6.548857163325302,304.33
0,1.0,0,1,0,0,0,1,0,0,0,0,0,1.0,1.0,1.0,1.0,365.0,83,0,0,-1.0,-1.0,-1.0,-1.0,-1.0,-1.0,-1.0,1,0.0,0,23.0,15.0,2.43260164780314,745.0
0,1.0,1,1,0,0,0,0,0,0,1,0,0,1.5,3.0,3.0,4.0,10.0,4,3,16,5.0,5.0,5.0,5.0,5.0,5.0,5.0,1,0.22,1,17.0,17.0,4.727813147141208,342.5
0,133.0,1,1,0,0,0,0,0,1,0,0,0,1.0,2.0,5.0,1.0,1125.0,306,5,31,4.2,4.8,4.6,3.2,3.6,4.0,4.0,1,0.31,1,106.0,105.0,4.624416104169458,652.5
0,1.0,1,1,0,0,0,1,0,0,0,0,0,1.0,1.0,1.0,1.0,365.0,19,5,23,4.8,5.0,5.0,5.0,5.0,4.8,4.6,1,0.37,1,143.0,134.0,2.6671462815841913,213.33
0,1.0,1,1,0,0,0,1,0,0,0,0,0,1.0,1.0,1.0,4.0,30.0,363,10,56,4.9,4.8,4.8,5.0,5.0,4.9,4.6,1,0.71,1,141.0,141.0,1.4748128435695749,673.5
0,1.0,1,1,0,0,0,1,0,0,0,0,0,1.0,1.0,1.0,2.0,28.0,358,2,16,5.0,5.0,4.5,5.0,5.0,5.0,5.0,1,0.22,1,114.0,17.0,1.4100918597625456,417.0
0,1.0,1,1,0,0,0,1,0,0,0,0,0,1.0,1.0,1.0,1.0,30.0,174,3,8,5.0,5.0,5.0,5.0,5.0,5.0,4.67,1,0.2,1,119.0,17.0,3.455194151168866,235.2
1,1.0,1,1,0,0,0,0,1,0,0,0,0,1.0,1.0,1.0,1.0,365.0,36,19,148,5.0,4.95,4.95,5.0,5.0,4.74,4.84,1,1.76,1,71.0,11.0,0.8131142938602746,507.0
0,1.0,1,1,0,0,0,0,0,1,0,0,0,1.0,2.0,2.0,1.0,20.0,48,1,8,5.0,5.0,5.0,5.0,5.0,5.0,5.0,1,0.22,1,51.0,11.0,3.125905968934568,410.82
0,1.0,1,1,0,0,0,1,0,0,0,0,0,1.0,1.0,1.0,2.0,100.0,10,7,47,5.0,5.0,5.0,5.0,5.0,5.0,5.0,1,0.56,1,60.0,16.0,2.846245038661852,285.33
0,1.0,1,1,0,0,0,1,0,0,0,0,0,1.0,1.0,1.0,2.0,30.0,4,6,39,4.83,4.67,4.67,4.83,4.83,4.67,4.33,1,0.37,1,125.0,17.0,1.9896156617311638,312.0
0,1.0,1,1,0,0,0,1,0,0,0,0,0,1.0,1.0,1.0,1.0,365.0,259,2,0,5.0,5.0,5.0,5.0,5.0,5.0,5.0,1,0.15,1,115.0,75.0,1.2469520127532288,366.0
0,1.0,0,1,0,0,0,0,0,1,0,0,0,1.0,2.0,1.0,4.0,14.0,354,5,40,4.6,4.6,4.8,5.0,4.6,5.0,4.6,1,0.43,1,17.0,14.0,1.8168627789539624,522.25
0,1.0,1,1,0,0,0,1,0,0,0,0,0,1.0,1.0,1.0,2.0,365.0,169,2,8,5.0,5.0,5.0,5.0,5.0,5.0,5.0,1,0.14,1,143.0,17.0,1.7346570739071836,211.5
0,1.0,1,1,0,0,0,1,0,0,0,0,0,1.0,1.0,1.0,3.0,30.0,271,3,8,5.0,5.0,5.0,5.0,5.0,4.67,4.67,1,0.23,1,61.0,17.0,1.7585727298089504,340.33
0,1.0,1,1,0,0,0,0,0,1,0,0,0,1.5,3.0,2.0,7.0,365.0,169,0,0,-1.0,-1.0,-1.0,-1.0,-1.0,-1.0,-1.0,1,0.0,0,140.0,17.0,5.344326505216385,235.78
0,1.0,1,1,0,0,0,0,0,1,0,0,0,1.0,2.0,2.0,3.0,30.0,15,1,8,5.0,5.0,5.0,5.0,5.0,5.0,5.0,1,0.42,1,157.0,130.0,4.04385777807945,456.5
0,1.0,1,1,0,1,0,0,0,0,0,0,0,1.0,1.0,1.0,1.0,365.0,86,4,31,4.75,4.5,4.75,5.0,5.0,4.75,4.75,1,0.33,1,17.0,17.0,4.816976195143963,97.0
0,1.0,1,1,0,0,0,0,0,1,0,0,0,1.0,2.0,3.0,2.0,14.0,23,9,55,5.0,5.0,5.0,5.0,5.0,5.0,4.67,1,0.55,1,17.0,17.0,1.4562690726223113,345.0
0,2.0,1,1,0,1,0,1,0,0,0,0,0,1.0,1.0,1.0,1.0,365.0,166,44,255,4.64,4.64,4.77,4.84,4.8,4.84,4.45,2,2.93,1,81.0,30.0,1.0645531230511434,149.0
0,1.0,1,1,0,0,0,1,0,0,0,0,0,1.0,1.0,1.0,4.0,15.0,64,1,8,5.0,5.0,5.0,5.0,5.0,5.0,5.0,1,0.11,1,128.0,16.0,1.3345932794694066,254.25
0,4.0,1,1,0,1,0,0,0,0,0,1,0,1.0,1.0,4.0,1.0,365.0,5,1,0,4.0,2.0,4.0,5.0,5.0,2.0,5.0,4,0.06,1,39.0,39.0,3.0703716651633304,126.0
0,4.0,1,1,0,1,0,0,0,0,0,1,0,1.0,1.0,4.0,1.0,365.0,2,2,8,3.0,2.5,3.5,4.5,4.5,3.0,5.0,4,0.15,1,39.0,39.0,3.062618260121466,115.0
0,1.0,1,1,0,0,0,1,0,0,0,0,0,1.0,1.0,1.0,2.0,15.0,362,5,39,5.0,5.0,5.0,4.6,5.0,5.0,4.6,1,0.5,1,26.0,17.0,1.4743371622820083,377.0
0,3.0,1,1,0,0,0,1,0,0,0,0,0,1.0,1.0,1.0,1.0,365.0,36,5,39,4.8,4.8,4.8,4.8,4.8,4.8,4.6,3,0.44,1,28.0,28.0,3.6840108297906484,188.0
0,1.0,1,1,0,0,0,1,0,0,0,0,0,1.5,1.0,1.0,5.0,20.0,6,4,40,5.0,5.0,5.0,5.0,5.0,5.0,5.0,1,0.43,1,89.0,17.0,2.0143741669839588,352.0
0,1.0,1,1,0,0,0,1,0,0,0,0,0,1.0,1.0,1.0,2.0,365.0,174,8,55,5.0,5.0,4.75,5.0,5.0,5.0,4.88,1,0.57,1,133.0,14.0,3.34599175458792,228.5
0,1.0,1,1,0,0,0,0,0,0,1,0,0,1.0,3.0,1.0,4.0,365.0,81,2,16,5.0,5.0,5.0,5.0,5.0,5.0,5.0,1,1.3,1,133.0,58.0,2.381660130621889,416.75
0,1.0,1,1,0,0,0,0,0,1,0,0,0,1.0,4.0,2.0,2.0,1125.0,327,6,39,5.0,5.0,4.83,4.83,5.0,5.0,4.67,1,0.48,1,104.0,13.0,3.370501342680013,569.5
0,1.0,1,1,0,0,0,0,0,1,0,0,0,2.0,3.0,2.0,1.0,15.0,21,6,47,5.0,5.0,4.33,5.0,5.0,5.0,4.83,1,0.58,1,184.0,162.0,4.687957130959651,274.0
0,1.0,1,1,0,0,0,1,0,0,0,0,0,1.0,1.0,1.0,2.0,30.0,79,3,23,4.67,5.0,4.33,4.33,5.0,5.0,4.67,1,0.65,1,118.0,16.0,1.252703761591993,285.25
0,2.0,1,1,0,0,0,1,0,0,0,0,0,1.0,1.0,1.0,4.0,14.0,76,6,40,5.0,5.0,5.0,5.0,5.0,4.83,4.83,2,0.4,1,139.0,96.0,2.5625536391972137,296.75
0,1.0,1,1,0,0,0,0,1,0,0,0,0,1.0,1.0,1.0,2.0,365.0,32,4,8,5.0,5.0,5.0,5.0,5.0,5.0,4.75,1,0.26,1,168.0,17.0,2.7557635194521155,248.5
0,4.0,1,1,0,0,0,0,1,0,0,0,0,1.0,1.0,2.0,2.0,365.0,365,2,8,5.0,5.0,5.0,5.0,5.0,5.0,5.0,4,0.13,1,25.0,25.0,1.58808739950864,428.0
0,1.0,1,1,0,0,0,1,0,0,0,0,0,1.0,1.0,1.0,1.0,30.0,136,7,31,4.71,4.86,4.57,4.86,5.0,5.0,4.29,1,0.48,1,143.0,92.0,1.7558157002427346,434.0
0,1.0,1,1,0,0,0,0,1,0,0,0,0,1.0,2.0,2.0,2.0,15.0,215,0,0,-1.0,-1.0,-1.0,-1.0,-1.0,-1.0,-1.0,1,0.0,0,158.0,155.0,1.4531197124458068,282.1
1,1.0,1,1,0,0,0,0,0,1,0,0,0,1.0,2.0,4.0,1.0,14.0,191,13,70,5.0,4.92,4.92,4.85,5.0,4.85,4.69,1,0.89,1,17.0,17.0,2.6553022443644534,407.0
0,1.0,1,1,0,0,0,1,0,0,0,0,0,1.0,1.0,1.0,4.0,10.0,174,8,64,5.0,5.0,5.0,5.0,5.0,5.0,5.0,1,0.68,1,129.0,16.0,1.1570986699890649,359.5
0,1.0,1,1,0,0,0,0,0,1,0,0,0,1.0,2.0,2.0,2.0,29.0,232,0,0,-1.0,-1.0,-1.0,-1.0,-1.0,-1.0,-1.0,1,0.0,0,126.0,57.0,4.0014887314482905,371.0
0,1.0,1,1,0,0,0,1,0,0,0,0,0,1.0,1.0,1.0,1.0,365.0,364,9,39,5.0,5.0,5.0,4.89,4.78,5.0,5.0,1,0.55,1,104.0,104.0,1.9342703352892616,319.53
0,1.0,1,1,0,0,0,1,0,0,0,0,0,1.5,1.0,1.0,1.0,365.0,365,4,23,5.0,5.0,5.0,5.0,5.0,5.0,5.0,1,0.31,1,139.0,16.0,1.5970739104969334,605.0
0,1.0,1,1,0,0,0,1,0,0,0,0,0,1.0,1.0,1.0,3.0,9.0,170,11,86,4.82,4.73,4.82,4.91,5.0,4.82,4.36,1,0.96,1,99.0,12.0,1.6158020207421817,285.5
0,1.0,1,1,0,0,0,0,0,1,0,0,0,1.0,2.0,2.0,4.0,365.0,19,4,8,5.0,5.0,5.0,5.0,5.0,5.0,4.75,1,0.28,1,16.0,16.0,2.9183229544812552,319.75
0,1.0,1,1,0,0,0,1,0,0,0,0,0,1.0,1.0,1.0,2.0,1125.0,54,1,8,5.0,5.0,5.0,4.0,5.0,5.0,5.0,1,1.0,1,62.0,16.0,2.328939850014185,236.79
0,1.0,1,1,0,0,0,1,0,0,0,0,0,1.0,1.0,1.0,5.0,365.0,46,4,40,5.0,5.0,5.0,5.0,5.0,5.0,5.0,1,0.44,1,70.0,23.0,2.0036591693458514,282.0
0,1.0,1,1,0,0,0,1,0,0,0,0,0,1.0,1.0,1.0,1.0,365.0,11,12,62,5.0,4.92,4.92,5.0,5.0,4.83,4.67,1,0.77,1,141.0,75.0,3.325294761761957,257.0
0,1.0,1,1,0,0,0,1,0,0,0,0,0,1.0,1.0,1.0,5.0,30.0,273,1,10,5.0,5.0,5.0,5.0,5.0,5.0,5.0,1,0.12,1,154.0,16.0,2.405400817216203,286.4
0,1.0,1,1,0,0,0,1,0,0,0,0,0,1.0,1.0,1.0,1.0,365.0,358,10,55,5.0,5.0,5.0,5.0,5.0,5.0,4.9,1,0.69,1,132.0,130.0,1.3767391529680497,371.0
0,1.0,1,1,0,1,0,0,0,1,0,0,0,1.0,1.0,2.0,1.0,999.0,304,1,8,5.0,5.0,5.0,5.0,5.0,5.0,5.0,1,0.09,1,50.0,15.0,1.6834227958020307,278.0
0,1.0,1,1,0,0,0,0,0,0,1,0,0,2.0,4.0,6.0,5.0,14.0,12,4,20,5.0,5.0,4.5,5.0,4.75,5.0,4.25,1,0.28,1,146.0,141.0,6.173335531881541,360.61
0,1.0,1,1,0,0,0,1,0,0,0,0,0,1.0,1.0,1.0,2.0,365.0,355,8,55,4.88,4.88,4.5,4.88,4.88,4.63,3.75,1,0.57,1,126.0,29.0,2.2026730253158826,320.0
0,1.0,1,1,0,0,0,1,0,0,0,0,0,1.0,1.0,1.0,5.0,31.0,358,6,40,4.83,5.0,4.67,5.0,5.0,4.83,4.5,1,0.41,1,120.0,16.0,2.8757677881203154,373.2
0,1.0,1,1,0,0,0,0,0,1,0,0,0,1.5,3.0,4.0,3.0,1125.0,329,2,16,5.0,5.0,4.5,5.0,5.0,4.5,5.0,1,0.83,1,167.0,157.0,3.5229929674982494,478.33
0,1.0,1,1,0,0,0,1,0,0,0,0,0,1.0,1.0,1.0,2.0,30.0,114,9,62,4.89,5.0,4.78,5.0,5.0,5.0,4.89,1,0.65,1,120.0,15.0,2.205071996330376,382.5
0,1.0,1,1,0,0,0,1,0,0,0,0,0,1.0,1.0,1.0,1.0,14.0,70,5,0,5.0,4.8,5.0,5.0,5.0,5.0,4.8,1,0.31,1,122.0,16.0,0.9764070704288585,314.0
0,5.0,1,1,0,1,0,0,0,1,0,0,0,1.0,1.0,4.0,1.0,365.0,27,37,195,4.81,4.95,4.78,4.92,4.92,4.84,4.81,5,2.58,1,28.0,28.0,3.183537342863249,91.5
0,4.0,1,1,0,1,0,0,0,1,0,0,0,1.0,2.0,3.0,1.0,999.0,275,2,0,5.0,4.0,5.0,4.5,5.0,5.0,4.0,4,0.14,1,16.0,16.0,1.9169031786066453,336.6
1,1.0,1,1,0,0,0,0,0,1,0,0,0,1.0,1.0,2.0,1.0,7.0,147,12,70,5.0,5.0,4.92,5.0,5.0,5.0,4.75,1,0.9,1,16.0,14.0,1.5697857640044035,451.0
0,1.0,1,1,0,0,0,1,0,0,0,0,0,1.0,1.0,1.0,3.0,14.0,342,4,31,5.0,5.0,4.75,5.0,4.75,5.0,4.5,1,0.4,1,135.0,12.0,3.1224909207175697,274.0
0,1.0,1,1,0,1,0,1,0,0,0,0,0,1.0,1.0,1.0,2.0,365.0,29,29,133,4.69,4.76,4.62,4.9,4.97,4.69,4.55,1,1.87,1,72.0,58.0,3.658381413265122,143.0
0,1.0,1,1,0,0,0,1,0,0,0,0,0,1.0,1.0,1.0,1.0,4.0,7,7,23,4.71,4.57,4.57,5.0,4.71,5.0,4.71,1,0.43,1,147.0,48.0,0.36470359437997113,314.0
0,1.0,1,1,0,0,0,0,0,0,1,0,0,1.5,2.0,3.0,1.0,365.0,14,8,23,5.0,5.0,4.88,5.0,5.0,4.63,4.5,1,0.54,1,121.0,16.0,3.602862830494393,257.0
0,1.0,1,1,0,0,0,0,0,1,0,0,0,1.0,3.0,3.0,3.0,365.0,180,3,16,5.0,5.0,5.0,5.0,5.0,5.0,4.67,1,0.22,1,131.0,16.0,5.803969056824212,285.4
0,1.0,1,1,0,0,0,1,0,0,0,0,0,1.0,1.0,1.0,2.0,4.0,355,3,23,4.67,5.0,4.67,5.0,5.0,5.0,4.33,1,1.27,1,45.0,25.0,1.6544397318483988,302.5
1,1.0,1,0,0,1,0,1,0,0,0,0,0,1.0,1.0,1.0,1.0,7.0,62,5,23,4.8,4.8,4.8,5.0,5.0,4.8,4.2,1,0.33,1,31.0,30.0,1.6359904762979889,200.0
0,1.0,1,1,0,0,0,1,0,0,0,0,0,1.0,1.0,1.0,3.0,365.0,363,3,23,5.0,5.0,5.0,5.0,5.0,4.67,4.67,1,0.33,1,119.0,32.0,2.9052437967800824,287.33
0,1.0,1,1,0,0,0,0,0,1,0,0,0,1.0,3.0,3.0,4.0,365.0,128,2,8,5.0,5.0,5.0,5.0,5.0,5.0,4.5,1,0.14,1,158.0,16.0,4.807534120548743,257.0
0,4.0,1,1,0,1,0,0,0,0,0,0,0,1.0,1.0,1.0,2.0,365.0,341,43,195,4.44,4.56,4.28,4.58,4.58,4.58,4.26,4,2.62,1,107.0,107.0,2.450111692133241,57.06
0,1.0,1,1,0,0,0,0,1,0,0,0,0,1.0,2.0,1.0,1.0,365.0,135,5,31,5.0,5.0,5.0,5.0,5.0,5.0,4.8,1,0.39,1,142.0,142.0,2.5511565499928732,280.33
0,1.0,1,1,0,0,0,1,0,0,0,0,0,1.0,1.0,1.0,2.0,365.0,167,2,16,5.0,5.0,5.0,5.0,5.0,5.0,5.0,1,1.3,1,127.0,6.0,2.058849310613612,285.4
0,1.0,1,1,0,0,0,1,0,0,0,0,0,1.0,1.0,1.0,3.0,25.0,21,9,47,5.0,4.78,4.89,5.0,5.0,4.33,4.67,1,0.64,1,119.0,16.0,4.082327346311518,230.5
0,1.0,1,1,0,0,0,0,0,1,0,0,0,1.5,2.0,2.0,2.0,28.0,9,4,0,5.0,5.0,5.0,5.0,5.0,5.0,5.0,1,0.3,1,168.0,123.0,4.436500573737151,456.5
0,1.0,1,1,0,0,0,1,0,0,0,0,0,1.0,1.0,2.0,1.0,365.0,66,1,8,5.0,5.0,5.0,5.0,5.0,5.0,5.0,1,1.0,1,134.0,2.0,2.500875350356026,174.0
0,1.0,1,1,0,0,0,1,0,0,0,0,0,1.0,1.0,1.0,2.0,365.0,27,5,16,5.0,5.0,5.0,5.0,5.0,5.0,5.0,1,0.34,1,49.0,16.0,1.5519543083566374,399.5
0,1.0,1,1,0,0,0,0,0,1,0,0,0,1.0,2.0,2.0,1.0,60.0,343,10,62,5.0,4.9,4.9,5.0,5.0,5.0,4.9,1,0.73,1,115.0,16.0,1.9112282278158637,562.5
0,1.0,1,1,0,0,0,0,0,1,0,0,0,1.0,1.0,2.0,2.0,9.0,18,7,39,5.0,5.0,5.0,5.0,5.0,5.0,5.0,1,0.51,1,135.0,108.0,2.220517121404139,311.0
0,4.0,1,1,0,1,0,1,0,0,0,0,0,1.0,1.0,1.0,1.0,999.0,266,0,0,-1.0,-1.0,-1.0,-1.0,-1.0,-1.0,-1.0,4,0.0,0,16.0,16.0,1.9067722803113722,449.0
0,4.0,1,1,0,1,0,1,0,0,0,0,0,1.0,1.0,1.0,1.0,999.0,257,0,0,-1.0,-1.0,-1.0,-1.0,-1.0,-1.0,-1.0,4,0.0,0,16.0,16.0,1.9205207390717718,469.0
0,4.0,1,1,0,1,0,1,0,0,0,0,0,1.0,1.0,1.0,1.0,999.0,230,0,0,-1.0,-1.0,-1.0,-1.0,-1.0,-1.0,-1.0,4,0.0,0,16.0,16.0,1.919749904048587,534.0
0,1.0,1,1,0,0,0,1,0,0,0,0,0,1.0,2.0,1.0,4.0,365.0,100,2,8,5.0,5.0,5.0,5.0,5.0,5.0,4.5,1,0.15,1,100.0,14.0,2.2878911594136917,233.0
1,1.0,1,1,0,0,0,0,0,1,0,0,0,1.0,2.0,2.0,1.0,365.0,338,15,78,5.0,4.87,4.8,4.93,5.0,4.93,4.67,1,1.0,1,165.0,126.0,1.9527988749084513,742.0
1,4.0,1,1,0,1,0,1,0,0,0,0,0,1.0,1.0,2.0,1.0,35.0,147,58,255,4.91,4.97,4.9,4.98,4.9,4.95,4.74,2,3.81,1,142.0,142.0,0.1410097246820563,227.25
0,1.0,1,1,0,0,0,0,1,0,0,0,0,1.0,2.0,2.0,1.0,365.0,18,10,31,4.9,4.9,4.8,5.0,5.0,4.9,4.8,1,0.68,1,121.0,15.0,3.348075154364881,338.2
1,4.0,1,1,0,1,0,1,0,0,0,0,0,1.0,1.0,2.0,2.0,365.0,186,46,255,4.72,4.7,4.8,4.74,4.89,4.76,4.37,2,3.01,1,142.0,142.0,0.48600902048744615,170.04
0,1.0,1,1,0,0,0,1,0,0,0,0,0,1.0,1.0,1.0,1.0,30.0,122,6,23,5.0,5.0,5.0,5.0,5.0,5.0,5.0,1,0.43,1,120.0,15.0,2.522307206678531,233.94
0,1.0,1,1,0,0,0,0,0,1,0,0,0,1.0,1.0,2.0,2.0,365.0,20,7,39,4.86,4.86,4.86,5.0,5.0,4.86,4.86,1,0.51,1,131.0,102.0,2.9049768770903452,377.0
0,1.0,1,1,0,0,0,0,0,1,0,0,0,1.0,2.0,3.0,2.0,365.0,166,2,16,5.0,4.5,4.5,5.0,5.0,5.0,5.0,1,0.17,1,108.0,38.0,1.2778208517902638,438.5
0,1.0,1,1,0,0,0,0,0,0,0,1,0,1.5,2.0,3.0,1.0,365.0,300,92,255,4.89,4.93,4.84,4.91,4.91,4.92,4.74,1,6.08,1,16.0,15.0,1.2040495164827103,405.0
1,1.0,1,1,0,0,0,0,0,1,0,0,0,1.0,2.0,2.0,3.0,15.0,170,15,86,5.0,5.0,5.0,4.93,4.93,4.87,4.87,1,1.04,1,119.0,15.0,3.098330755150919,445.33
0,1.0,1,1,0,0,0,0,0,1,0,0,0,1.0,2.0,2.0,3.0,30.0,359,2,16,5.0,5.0,5.0,5.0,5.0,5.0,4.5,1,0.22,1,141.0,10.0,3.425767911481398,437.67
1,1.0,1,1,0,0,0,1,0,0,0,0,0,1.0,1.0,1.0,2.0,365.0,2,4,8,5.0,4.75,5.0,5.0,5.0,5.0,4.5,1,0.26,1,115.0,114.0,0.8117573033054176,254.0
0,8.0,1,1,0,1,0,0,0,0,0,0,1,2.0,1.0,7.0,1.0,7.0,77,43,242,4.12,4.12,4.16,4.53,4.42,4.81,4.12,8,2.97,1,71.0,69.0,0.5406238920733936,125.0
0,8.0,1,1,0,1,0,0,0,0,0,0,1,1.0,1.0,7.0,1.0,7.0,25,30,226,4.23,4.43,4.27,4.53,4.57,4.67,4.3,8,2.23,1,71.0,69.0,0.5406238920733936,128.0
0,1.0,0,1,0,0,0,0,0,0,0,0,0,1.0,1.0,1.0,5.0,30.0,166,3,20,5.0,5.0,5.0,5.0,5.0,5.0,5.0,1,0.23,1,15.0,15.0,1.902008013110028,175.0
0,2.0,1,1,0,0,0,0,0,0,0,0,0,1.0,1.0,1.0,1.0,365.0,98,0,0,-1.0,-1.0,-1.0,-1.0,-1.0,-1.0,-1.0,2,0.0,0,131.0,120.0,1.4291623804356193,174.37
0,1.0,1,1,0,1,0,1,0,0,0,0,0,0.5,1.0,1.0,1.0,365.0,365,0,0,-1.0,-1.0,-1.0,-1.0,-1.0,-1.0,-1.0,1,0.0,0,84.0,84.0,2.557850509193281,366.0
0,8.0,1,1,0,1,0,0,1,0,0,0,0,1.0,1.0,3.0,1.0,7.0,86,25,195,4.28,4.6,4.52,4.8,4.68,4.88,4.24,8,2.64,1,71.0,69.0,0.5406238920733936,71.0
0,8.0,1,1,0,1,0,0,0,1,0,0,0,1.0,1.0,4.0,1.0,7.0,325,5,39,3.6,3.4,4.2,4.2,4.2,4.2,3.8,8,0.49,1,71.0,69.0,0.5406238920733936,83.0
0,8.0,1,1,0,1,0,0,0,0,1,0,0,1.0,1.0,5.0,1.0,7.0,109,55,255,3.98,4.0,3.71,4.49,4.36,4.62,3.95,8,3.5,1,71.0,69.0,0.5406238920733936,95.0
0,1.0,1,1,0,0,0,1,0,0,0,0,0,1.0,1.0,1.0,2.0,10.0,351,5,31,4.8,4.8,4.8,4.8,4.8,4.8,4.4,1,0.35,1,119.0,15.0,2.737887658629545,346.0
1,2.0,1,1,0,1,0,1,0,0,0,0,0,1.0,1.0,1.0,1.0,365.0,79,11,39,5.0,5.0,5.0,4.91,5.0,4.91,4.91,2,0.71,1,15.0,15.0,1.0285029972163977,236.0
1,2.0,1,1,0,1,0,1,0,0,0,0,0,1.0,1.0,1.0,1.0,365.0,86,9,47,5.0,4.89,5.0,5.0,5.0,5.0,4.89,2,0.6,1,15.0,15.0,0.9608993080317907,248.0
0,4.0,1,1,0,1,0,1,0,0,0,0,0,1.0,1.0,1.0,1.0,365.0,359,34,211,4.5,4.74,4.24,4.68,4.59,4.62,4.29,4,2.17,1,91.0,91.0,2.484957709903755,114.12
0,1.0,1,1,0,0,0,0,0,1,0,0,0,1.0,2.0,2.0,1.0,90.0,5,14,78,4.57,4.71,4.36,4.79,4.64,4.36,4.21,1,0.93,1,93.0,15.0,4.254995553994188,331.0
0,1.0,1,1,0,0,0,0,0,1,0,0,0,1.0,3.0,1.0,1.0,15.0,44,3,23,5.0,5.0,5.0,5.0,5.0,4.67,5.0,1,0.28,1,101.0,15.0,4.454194251928186,376.0
0,1.0,1,1,0,0,0,1,0,0,0,0,0,1.0,1.0,1.0,2.0,365.0,89,3,23,5.0,5.0,5.0,5.0,5.0,4.67,5.0,1,1.38,1,142.0,15.0,2.5608778470756,228.5
0,1.0,1,1,0,0,0,1,0,0,0,0,0,1.0,1.0,1.0,4.0,14.0,342,8,48,4.88,5.0,4.75,4.88,5.0,5.0,4.63,1,0.61,1,118.0,15.0,2.388638136109799,478.0
0,1.0,1,1,0,0,0,1,0,0,0,0,0,1.0,1.0,1.0,2.0,365.0,74,7,47,5.0,4.86,5.0,5.0,5.0,5.0,4.71,1,0.56,1,145.0,145.0,1.523936389474341,342.5
1,1.0,1,1,0,0,0,1,0,0,0,0,0,1.0,1.0,1.0,2.0,1125.0,325,68,255,4.93,4.96,4.9,4.88,4.93,4.94,4.68,1,4.32,1,155.0,134.0,1.1417554000379653,195.2
0,1.0,1,1,0,0,0,0,0,1,0,0,0,1.0,3.0,3.0,3.0,14.0,17,0,0,-1.0,-1.0,-1.0,-1.0,-1.0,-1.0,-1.0,1,0.0,0,166.0,166.0,2.925875400156026,354.0
1,13.0,1,1,0,0,0,0,1,0,0,0,0,1.0,2.0,2.0,2.0,999.0,181,2,16,5.0,5.0,5.0,5.0,5.0,5.0,5.0,13,0.18,1,59.0,59.0,7.522790154445217,174.0
1,13.0,1,1,0,0,0,1,0,0,0,0,0,1.0,1.0,1.0,2.0,999.0,183,30,203,4.97,4.9,4.9,4.87,4.9,4.83,4.7,13,2.09,1,59.0,59.0,7.524199201020565,156.6
1,13.0,1,1,0,0,0,1,0,0,0,0,0,1.0,1.0,1.0,2.0,999.0,172,0,0,-1.0,-1.0,-1.0,-1.0,-1.0,-1.0,-1.0,13,0.0,0,59.0,59.0,7.524199201020565,136.0
0,1.0,1,1,0,0,0,1,0,0,0,0,0,1.0,1.0,1.0,5.0,730.0,287,2,10,5.0,5.0,4.5,5.0,5.0,5.0,5.0,1,0.16,1,109.0,15.0,3.2031344431379245,174.98
0,1.0,1,1,0,0,0,0,0,1,0,0,0,1.0,5.0,6.0,7.0,365.0,40,1,0,5.0,5.0,5.0,5.0,5.0,5.0,5.0,1,0.07,1,153.0,15.0,5.175362509527419,345.56
0,1.0,1,1,0,0,0,0,0,1,0,0,0,1.0,2.0,2.0,1.0,30.0,232,9,16,4.89,4.89,4.44,5.0,5.0,5.0,4.78,1,0.59,1,158.0,15.0,1.7037523676771373,343.0
0,1.0,1,1,0,0,0,1,0,0,0,0,0,1.0,1.0,1.0,3.0,7.0,168,8,62,5.0,5.0,5.0,4.63,5.0,5.0,4.88,1,0.74,1,109.0,42.0,2.71734089739744,234.0
0,1.0,1,1,0,0,0,1,0,0,0,0,0,1.0,1.0,1.0,7.0,130.0,156,2,28,5.0,4.5,5.0,5.0,5.0,4.5,4.5,1,0.26,1,157.0,98.0,2.4579565387087876,223.57
0,1.0,1,1,0,0,0,0,0,1,0,0,0,2.0,2.0,2.0,2.0,30.0,118,8,55,5.0,4.88,4.88,4.88,4.75,4.75,4.75,1,0.64,1,177.0,171.0,1.6847264436071532,535.5
0,1.0,1,1,0,1,0,1,0,0,0,0,0,0.5,1.0,1.0,2.0,1125.0,43,20,101,4.8,4.8,4.7,4.75,4.8,4.5,4.55,1,1.38,1,72.0,15.0,5.285661641379508,137.0
0,14.0,1,1,0,0,0,0,0,1,0,0,0,1.0,1.0,2.0,1.0,365.0,45,47,255,4.57,4.72,4.62,4.85,4.7,4.81,4.36,14,3.04,1,16.0,16.0,1.935444195387213,186.0
0,14.0,1,1,0,0,0,0,0,1,0,0,0,1.0,2.0,2.0,1.0,365.0,54,54,255,4.35,4.44,4.02,4.7,4.65,4.67,4.06,14,3.54,1,16.0,16.0,1.9355423912120326,249.0
0,1.0,1,1,0,0,0,0,0,1,0,0,0,1.5,2.0,2.0,2.0,30.0,156,1,0,5.0,5.0,5.0,5.0,5.0,5.0,5.0,1,0.07,1,81.0,58.0,3.406348285255079,463.5
0,1.0,1,1,0,0,0,1,0,0,0,0,0,1.0,1.0,2.0,1.0,20.0,10,0,0,-1.0,-1.0,-1.0,-1.0,-1.0,-1.0,-1.0,1,0.0,0,100.0,15.0,2.2270765931600374,300.0
0,1.0,1,1,0,0,0,0,1,0,0,0,0,1.0,1.0,1.0,2.0,30.0,345,4,8,4.5,4.5,4.75,5.0,5.0,4.5,4.0,1,0.28,1,65.0,15.0,4.040873321519504,251.5
0,1.0,1,1,0,0,0,1,0,0,0,0,0,1.0,1.0,1.0,4.0,30.0,332,9,72,4.89,5.0,5.0,5.0,5.0,5.0,4.89,1,0.8,1,131.0,12.0,1.7201676193181674,276.25
0,1.0,1,1,0,0,0,1,0,0,0,0,0,1.0,1.0,1.0,7.0,365.0,176,1,14,5.0,5.0,5.0,5.0,5.0,5.0,5.0,1,0.11,1,123.0,15.0,3.005643104418708,193.17
0,1.0,1,1,0,0,0,1,0,0,0,0,0,1.0,1.0,1.0,2.0,365.0,200,5,23,5.0,5.0,5.0,5.0,5.0,5.0,4.6,1,0.34,1,94.0,15.0,0.9331099576436703,354.0
0,2.0,1,1,0,0,0,0,1,0,0,0,0,1.0,1.0,2.0,3.0,365.0,5,5,39,5.0,5.0,4.8,5.0,5.0,4.8,4.8,2,0.44,1,124.0,49.0,2.7876237688364,361.67
0,1.0,1,1,0,0,0,0,1,0,0,0,0,1.0,3.0,3.0,1.0,365.0,17,4,31,4.75,4.5,4.5,4.75,5.0,4.5,4.5,1,0.37,1,55.0,15.0,3.986405245279045,360.0
0,2.0,1,1,0,0,0,1,0,0,0,0,0,1.0,1.0,1.0,2.0,6.0,198,5,39,4.8,5.0,4.8,5.0,4.8,4.8,4.2,2,0.64,1,87.0,81.0,2.0797634395851814,280.5
0,1.0,1,1,0,0,0,1,0,0,0,0,0,1.0,1.0,1.0,2.0,365.0,99,5,39,5.0,5.0,5.0,5.0,5.0,5.0,5.0,1,0.58,1,105.0,11.0,3.16759170862213,300.0
0,1.0,1,1,0,0,0,1,0,0,0,0,0,1.0,1.0,1.0,3.0,30.0,163,0,0,-1.0,-1.0,-1.0,-1.0,-1.0,-1.0,-1.0,1,0.0,0,148.0,15.0,3.049518802846473,205.67
0,1.0,1,1,0,0,0,1,0,0,0,0,0,1.0,1.0,1.0,3.0,7.0,87,7,47,5.0,4.86,4.86,5.0,5.0,4.86,4.86,1,0.55,1,130.0,13.0,2.854733298955195,245.67
1,3.0,1,1,0,0,0,1,0,0,0,0,0,1.0,1.0,1.0,1.0,1125.0,272,45,255,4.96,4.96,5.0,4.96,5.0,4.96,4.8,2,3.19,1,37.0,26.0,1.340847412525074,289.0
0,1.0,1,1,0,0,0,0,0,1,0,0,0,2.0,2.0,2.0,2.0,365.0,103,8,23,5.0,4.88,4.38,5.0,5.0,5.0,4.63,1,0.56,1,118.0,15.0,0.7253639029119382,730.5
0,2.0,1,1,0,0,0,0,1,0,0,0,0,1.0,2.0,2.0,2.0,30.0,26,5,23,4.8,4.8,5.0,5.0,4.8,4.8,4.6,2,0.37,1,87.0,81.0,2.4575641215033373,317.33
0,1.0,1,1,0,0,0,0,0,1,0,0,0,0.5,1.0,1.0,2.0,365.0,155,4,8,5.0,5.0,5.0,5.0,5.0,5.0,5.0,1,0.27,1,96.0,15.0,3.2559388872153074,237.0
1,1.0,1,1,0,0,0,1,0,0,0,0,0,1.0,1.0,1.0,1.0,15.0,24,34,195,4.97,4.97,4.97,4.85,4.88,4.94,4.76,1,2.3,1,155.0,132.0,1.9465659799323776,237.5
1,7.0,1,1,0,0,0,1,0,0,0,0,0,1.0,1.0,1.0,2.0,16.0,13,6,31,5.0,5.0,5.0,5.0,5.0,5.0,5.0,1,0.4,1,133.0,94.0,1.7811758345843436,234.0
0,1.0,1,1,0,0,0,1,0,0,0,0,0,1.0,1.0,1.0,2.0,365.0,16,7,55,5.0,5.0,5.0,5.0,4.86,4.71,4.71,1,0.62,1,95.0,12.0,2.746850158857871,262.5
0,1.0,1,1,0,0,0,1,0,0,0,0,0,1.0,1.0,1.0,1.0,5.0,101,19,117,5.0,4.95,4.89,5.0,5.0,5.0,4.79,1,1.35,1,105.0,15.0,1.1092971890392151,371.0
0,1.0,1,1,0,0,0,0,0,1,0,0,0,2.0,2.0,3.0,1.0,365.0,18,1,8,5.0,5.0,5.0,5.0,5.0,5.0,5.0,1,0.11,1,135.0,101.0,4.076273319853202,285.5
0,1.0,1,1,0,0,0,0,1,0,0,0,0,1.0,1.0,1.0,3.0,365.0,365,6,47,4.33,4.33,4.17,4.5,4.5,4.83,4.0,1,0.53,1,62.0,37.0,2.125417582551112,343.33
0,1.0,1,1,0,0,0,0,0,1,0,0,0,1.0,2.0,2.0,3.0,30.0,165,12,70,5.0,5.0,5.0,5.0,5.0,4.83,4.92,1,0.88,1,96.0,15.0,3.281761399365006,424.33
0,1.0,1,1,0,0,0,0,0,0,0,1,0,1.0,4.0,4.0,2.0,30.0,41,0,0,-1.0,-1.0,-1.0,-1.0,-1.0,-1.0,-1.0,1,0.0,0,21.0,15.0,2.960486480237337,498.5
0,1.0,1,1,0,0,0,0,1,0,0,0,0,2.0,2.0,2.0,5.0,14.0,115,10,70,5.0,5.0,4.9,5.0,5.0,5.0,4.9,1,0.71,1,63.0,15.0,2.360367861436311,440.6
1,4.0,1,1,0,0,0,0,0,1,0,0,0,1.0,2.0,2.0,2.0,365.0,6,16,109,5.0,5.0,5.0,5.0,5.0,4.88,4.81,1,1.06,1,127.0,97.0,2.039141644447193,650.0
0,1.0,1,1,0,0,0,0,0,0,1,0,0,2.5,2.0,2.0,1.0,365.0,242,3,16,5.0,5.0,5.0,5.0,5.0,5.0,5.0,1,0.24,1,44.0,44.0,3.5190107427456367,411.0
0,1.0,1,1,0,0,0,0,0,1,0,0,0,1.5,2.0,2.0,3.0,20.0,107,6,31,5.0,5.0,5.0,5.0,5.0,4.33,4.67,1,0.43,1,143.0,138.0,3.394813706824912,270.33
0,1.0,1,1,0,0,0,0,0,1,0,0,0,1.5,3.0,3.0,3.0,30.0,15,3,8,5.0,5.0,4.67,5.0,5.0,5.0,4.67,1,0.21,1,153.0,147.0,4.587786646654511,334.0
0,1.0,1,1,0,0,0,0,0,1,0,0,0,1.5,2.0,2.0,1.0,14.0,121,3,16,5.0,4.67,4.67,5.0,5.0,5.0,5.0,1,0.22,1,154.0,97.0,2.503535468449275,446.0
0,1.0,1,1,0,0,0,0,0,1,0,0,0,1.0,2.0,2.0,2.0,7.0,197,10,70,4.9,4.9,5.0,5.0,5.0,4.8,4.8,1,0.69,1,75.0,15.0,2.380499253075386,456.5
0,1.0,1,1,0,0,0,0,1,0,0,0,0,1.0,2.0,3.0,3.0,30.0,58,2,0,4.5,5.0,4.5,5.0,5.0,5.0,4.0,1,0.14,1,133.0,133.0,1.5568450712418715,465.22
1,1.0,1,1,0,1,0,1,0,0,0,0,0,1.0,1.0,1.0,2.0,90.0,87,36,255,5.0,4.89,4.92,4.97,5.0,4.92,4.92,1,2.47,1,157.0,136.0,3.849205393199526,203.0
1,1.0,1,1,0,0,0,0,0,1,0,0,0,1.0,1.0,1.0,2.0,1125.0,115,33,218,5.0,4.94,4.79,5.0,5.0,4.88,4.85,1,2.28,1,15.0,15.0,5.392944690469346,206.28
0,2.0,1,1,0,0,0,0,0,1,0,0,0,1.0,2.0,2.0,2.0,365.0,6,2,0,5.0,5.0,5.0,5.0,5.0,5.0,5.0,2,0.14,1,127.0,90.0,2.5593745451519516,405.5
0,1.0,1,1,0,0,0,1,0,0,0,0,0,1.0,1.0,1.0,4.0,365.0,40,4,32,4.75,4.5,4.0,4.75,4.75,4.0,4.0,1,0.46,1,120.0,30.0,1.4762189979220437,271.25
0,1.0,1,1,0,0,0,1,0,0,0,0,0,1.0,1.0,1.0,4.0,30.0,156,3,24,5.0,5.0,5.0,5.0,5.0,5.0,4.67,1,1.73,1,15.0,14.0,2.872738291546483,237.5
0,1.0,1,1,0,1,0,0,0,1,0,0,0,2.0,2.0,2.0,1.0,30.0,19,19,133,5.0,5.0,5.0,4.95,5.0,5.0,4.79,1,1.46,1,15.0,14.0,0.500340156207348,456.67
0,1.0,1,1,0,0,0,1,0,0,0,0,0,1.0,1.0,1.0,2.0,7.0,87,13,70,5.0,5.0,5.0,5.0,5.0,4.92,4.69,1,0.96,1,173.0,173.0,1.1769591640930217,417.0
0,2.0,0,1,0,0,0,1,0,0,0,0,0,1.0,1.0,1.0,2.0,1125.0,36,57,255,4.63,4.79,4.58,4.65,4.82,4.58,4.25,2,3.83,1,15.0,15.0,4.357535694744526,118.68
0,2.0,0,1,0,0,0,1,0,0,0,0,0,1.0,1.0,1.0,2.0,6.0,30,49,255,4.45,4.63,4.41,4.73,4.78,4.59,4.18,2,3.35,1,15.0,15.0,4.341470513053486,101.57
0,1.0,1,1,0,0,0,0,0,1,0,0,0,1.0,2.0,2.0,1.0,365.0,75,0,0,-1.0,-1.0,-1.0,-1.0,-1.0,-1.0,-1.0,1,0.0,0,90.0,15.0,2.444050119920717,388.0
0,1.0,1,1,0,0,0,1,0,0,0,0,0,1.0,1.0,1.0,3.0,365.0,261,2,8,5.0,5.0,5.0,5.0,5.0,5.0,5.0,1,0.15,1,121.0,14.0,1.588086424300364,371.0
0,1.0,1,1,0,0,0,1,0,0,0,0,0,1.0,1.0,1.0,3.0,365.0,150,5,31,5.0,5.0,4.8,5.0,5.0,4.8,4.8,1,0.35,1,120.0,14.0,2.090257773147614,253.0
0,1.0,1,1,0,0,0,0,0,1,0,0,0,1.0,2.0,3.0,1.0,14.0,191,5,39,5.0,4.8,5.0,5.0,5.0,4.2,4.4,1,0.47,1,87.0,35.0,4.919075073288028,349.0
0,1.0,1,1,0,0,0,0,0,0,1,0,0,1.0,3.0,4.0,3.0,14.0,13,4,16,5.0,5.0,5.0,5.0,5.0,4.5,5.0,1,0.28,1,164.0,164.0,4.100694159098044,394.0
0,1.0,1,1,0,0,0,1,0,0,0,0,0,1.0,1.0,1.0,5.0,15.0,141,8,50,5.0,5.0,5.0,5.0,5.0,4.88,5.0,1,0.56,1,133.0,14.0,2.42288158643423,344.8
0,2.0,1,1,0,0,0,1,0,0,0,0,0,1.0,1.0,1.0,3.0,365.0,227,0,0,-1.0,-1.0,-1.0,-1.0,-1.0,-1.0,-1.0,1,0.0,0,124.0,48.0,3.2598959301160724,200.0
0,1.0,1,1,0,0,0,1,0,0,0,0,0,1.0,1.0,1.0,3.0,365.0,179,0,0,-1.0,-1.0,-1.0,-1.0,-1.0,-1.0,-1.0,1,0.0,0,129.0,7.0,1.647116411806124,658.33
0,2.0,1,1,0,0,0,1,0,0,0,0,0,1.5,1.0,1.0,7.0,14.0,365,1,0,5.0,4.0,5.0,4.0,5.0,5.0,5.0,2,0.07,1,102.0,20.0,1.899086316984949,308.26
0,1.0,1,1,0,0,0,1,0,0,0,0,0,1.0,1.0,1.0,4.0,30.0,321,6,16,5.0,5.0,5.0,5.0,5.0,5.0,4.83,1,0.41,1,140.0,14.0,1.4182957354014853,336.75
0,1.0,1,1,0,0,0,1,0,0,0,0,0,1.0,1.0,1.0,2.0,365.0,233,1,0,5.0,5.0,5.0,5.0,5.0,5.0,5.0,1,0.07,1,115.0,14.0,2.618177817668333,245.5
0,1.0,1,1,0,0,0,1,0,0,0,0,0,1.0,1.0,1.0,4.0,20.0,67,2,8,5.0,5.0,5.0,5.0,5.0,5.0,5.0,1,0.14,1,40.0,14.0,1.4293579912659728,268.2
0,1.0,1,1,0,0,0,0,1,0,0,0,0,1.5,1.0,1.0,2.0,30.0,22,6,23,5.0,5.0,5.0,5.0,5.0,5.0,4.83,1,0.43,1,109.0,14.0,4.497725718634442,245.5
0,1.0,1,1,0,0,0,1,0,0,0,0,0,1.0,1.0,1.0,1.0,365.0,270,5,31,5.0,5.0,5.0,5.0,4.8,5.0,4.8,1,0.35,1,52.0,14.0,1.89738233446865,343.0
0,3.0,1,1,0,0,0,0,0,0,0,1,0,1.5,3.0,4.0,2.0,365.0,19,7,23,5.0,5.0,4.71,4.86,5.0,5.0,4.86,2,0.48,1,154.0,154.0,4.15229345457831,601.33
1,3.0,1,1,0,0,0,1,0,0,0,0,0,1.0,2.0,1.0,1.0,1125.0,291,41,255,5.0,4.9,4.98,5.0,4.95,5.0,4.9,2,3.17,1,37.0,26.0,1.3746947932907987,289.0
1,1.0,1,1,0,1,0,0,0,1,0,0,0,2.0,2.0,2.0,1.0,30.0,301,10,78,5.0,4.9,5.0,5.0,4.9,5.0,4.8,1,1.01,1,41.0,41.0,0.45730239468028006,417.0
0,1.0,1,1,0,0,0,1,0,0,0,0,0,1.0,1.0,1.0,3.0,10.0,310,4,23,4.5,4.75,3.75,5.0,5.0,5.0,4.0,1,0.3,1,123.0,14.0,2.22467878677048,355.33
0,1.0,1,1,0,0,0,0,0,1,0,0,0,1.0,1.0,2.0,1.0,365.0,337,31,242,4.42,4.45,4.23,4.52,4.48,5.0,4.29,1,3.6,1,47.0,47.0,1.1327604025499478,150.0
0,1.0,1,1,0,0,0,0,0,1,0,0,0,1.5,3.0,3.0,1.0,20.0,79,3,16,5.0,5.0,5.0,5.0,5.0,5.0,5.0,1,0.22,1,54.0,14.0,1.8805213962895215,428.0
0,3.0,1,1,0,0,0,1,0,0,0,0,0,1.0,1.0,1.0,1.0,1000.0,233,29,211,4.59,4.59,4.41,4.76,4.59,4.93,4.41,2,2.28,1,16.0,16.0,0.5623185624436975,239.0
0,2.0,1,1,0,0,0,0,0,1,0,0,0,1.0,1.0,1.0,3.0,14.0,10,2,8,5.0,5.0,5.0,5.0,5.0,5.0,4.5,1,0.14,1,182.0,131.0,2.852386910959699,349.33
0,1.0,1,1,0,0,0,1,0,0,0,0,0,1.0,1.0,1.0,2.0,30.0,305,2,8,2.0,3.5,2.0,2.0,2.0,3.5,2.0,1,0.14,1,152.0,152.0,1.8229147387805074,154.5
0,1.0,0,1,0,0,0,1,0,0,0,0,0,1.0,1.0,2.0,2.0,365.0,88,4,8,3.25,2.75,4.0,4.25,4.25,4.5,3.25,1,0.29,1,124.0,14.0,0.25906091949967724,383.5
1,9.0,1,1,0,1,0,1,0,0,0,0,0,1.0,1.0,1.0,1.0,6.0,178,71,255,4.65,4.68,4.72,4.73,4.73,4.76,4.37,7,5.02,1,134.0,122.0,1.1527625813053426,133.0
0,1.0,1,1,0,0,0,1,0,0,0,0,0,1.5,1.0,1.0,4.0,11.0,307,4,32,5.0,5.0,5.0,5.0,5.0,5.0,5.0,1,0.33,1,98.0,13.0,1.473431689972682,387.5
1,11.0,1,1,0,0,0,0,0,1,0,0,0,1.0,1.0,2.0,1.0,999.0,283,35,211,4.77,4.71,4.8,4.91,4.91,4.63,4.77,11,2.44,1,66.0,66.0,3.2436895119136797,246.0
0,2.0,1,1,0,1,0,0,0,0,0,0,0,1.0,1.0,1.0,1.0,60.0,166,15,94,4.87,5.0,5.0,4.93,4.93,4.8,4.87,2,1.07,1,152.0,14.0,2.607941509182711,189.0
1,11.0,1,1,0,0,0,0,0,0,0,1,0,1.5,1.0,2.0,1.0,999.0,107,114,255,4.77,4.81,4.73,4.81,4.84,4.47,4.49,11,7.92,1,66.0,66.0,3.2272828003089638,232.0
0,1.0,1,1,0,0,0,1,0,0,0,0,0,1.0,1.0,2.0,1.0,30.0,161,5,23,4.6,5.0,5.0,4.8,4.4,5.0,4.2,1,0.38,1,19.0,13.0,2.1059914856465447,286.0
0,1.0,1,1,0,0,0,1,0,0,0,0,0,1.0,1.0,1.0,1.0,30.0,103,9,39,5.0,5.0,5.0,4.89,4.89,5.0,4.67,1,0.64,1,121.0,14.0,2.693331764933544,263.0
0,1.0,1,1,0,0,0,0,0,1,0,0,0,2.5,3.0,4.0,3.0,18.0,17,8,31,4.88,5.0,4.88,5.0,5.0,4.63,4.75,1,0.58,1,144.0,14.0,2.9998172297727215,371.0
1,1.0,1,1,0,0,0,1,0,0,0,0,0,1.0,1.0,1.0,2.0,365.0,9,13,62,4.92,4.92,4.85,4.85,5.0,4.85,4.54,1,0.95,1,89.0,14.0,2.0132069738059197,294.0
0,1.0,1,1,0,0,0,1,0,0,0,0,0,1.0,1.0,1.0,1.0,30.0,207,4,31,5.0,5.0,5.0,5.0,5.0,5.0,4.75,1,0.51,1,150.0,14.0,1.5749733291177261,300.0
0,1.0,1,1,0,0,0,1,0,0,0,0,0,1.0,1.0,1.0,3.0,365.0,326,6,47,5.0,5.0,4.83,5.0,5.0,5.0,4.83,1,0.55,1,88.0,14.0,0.6017538936831215,395.67
0,1.0,1,1,0,0,0,0,0,1,0,0,0,2.0,3.0,4.0,4.0,21.0,73,7,48,5.0,4.86,5.0,5.0,5.0,4.86,5.0,1,0.55,1,144.0,144.0,5.04915271116067,415.25
0,1.0,1,1,0,0,0,0,1,0,0,0,0,1.0,1.0,1.0,2.0,365.0,180,10,70,5.0,5.0,5.0,5.0,5.0,4.8,4.8,1,0.71,1,136.0,14.0,4.883261835026187,297.0
0,2.0,1,1,0,0,0,0,0,1,0,0,0,1.0,2.0,2.0,2.0,365.0,350,5,31,4.8,4.6,4.6,5.0,5.0,4.8,4.2,2,0.37,1,128.0,82.0,2.9189736989287516,482.5
0,1.0,1,1,0,0,0,1,0,0,0,0,0,1.0,1.0,1.0,3.0,365.0,51,2,16,5.0,5.0,5.0,4.5,5.0,5.0,5.0,1,0.22,1,142.0,9.0,1.692295523631681,236.0
1,1.0,1,1,0,1,0,1,0,0,0,0,0,1.0,1.0,1.0,2.0,10.0,109,17,125,4.88,4.88,4.94,4.94,5.0,4.71,4.53,1,1.27,1,140.0,129.0,3.7523521905703623,140.0
0,1.0,1,1,0,0,0,1,0,0,0,0,0,1.0,1.0,1.0,3.0,30.0,283,5,23,5.0,4.8,5.0,5.0,5.0,4.8,4.6,1,0.35,1,90.0,14.0,2.5166750298180234,305.94
0,1.0,1,1,0,0,0,0,0,1,0,0,0,1.0,3.0,3.0,3.0,30.0,73,7,39,5.0,5.0,5.0,5.0,5.0,4.86,5.0,1,0.55,1,169.0,169.0,1.9612397512909197,513.67
0,1.0,1,1,0,0,0,0,0,1,0,0,0,1.0,2.0,2.0,4.0,365.0,271,4,16,5.0,4.75,4.75,5.0,5.0,5.0,5.0,1,0.28,1,144.0,14.0,1.8516314548671073,509.25
0,1.0,1,1,0,0,0,0,0,1,0,0,0,1.0,2.0,2.0,3.0,365.0,81,7,55,4.86,5.0,4.43,5.0,4.71,4.71,4.71,1,0.61,1,178.0,14.0,2.652094035873304,392.0
0,1.0,1,1,0,0,0,0,1,0,0,0,0,1.0,2.0,2.0,3.0,1125.0,11,4,23,5.0,4.75,4.5,5.0,5.0,5.0,4.25,1,0.29,1,123.0,90.0,2.2667785396318485,373.75
0,1.0,1,1,0,0,0,1,0,0,0,0,0,1.0,1.0,1.0,1.0,30.0,52,6,47,5.0,5.0,5.0,4.83,4.83,4.83,4.5,1,0.53,1,148.0,12.0,2.124188406563466,291.0
0,1.0,1,1,0,0,0,1,0,0,0,0,0,1.0,1.0,1.0,2.0,14.0,15,5,16,5.0,5.0,5.0,4.8,5.0,5.0,4.8,1,0.38,1,105.0,13.0,3.013201023582077,298.0
0,1.0,1,1,0,0,0,1,0,0,0,0,0,1.5,1.0,1.0,1.0,20.0,363,1,0,5.0,5.0,5.0,5.0,5.0,5.0,4.0,1,0.07,1,137.0,86.0,3.1024561840274854,291.0
1,1.0,1,1,0,0,0,0,0,1,0,0,0,1.0,3.0,3.0,1.0,365.0,9,12,70,5.0,5.0,4.75,4.92,5.0,4.83,4.92,1,0.88,1,16.0,14.0,3.458905093948468,286.0
0,1.0,1,1,0,0,0,0,0,1,0,0,0,1.0,2.0,2.0,5.0,14.0,282,8,70,5.0,4.88,4.88,5.0,5.0,5.0,4.75,1,0.64,1,14.0,14.0,2.5138633559005465,440.27
0,1.0,1,1,0,0,0,1,0,0,0,0,0,1.0,1.0,1.0,3.0,365.0,330,6,47,4.67,4.83,4.83,4.67,4.83,4.67,4.5,1,0.65,1,121.0,11.0,3.4482094749810877,224.43
0,1.0,1,1,0,0,0,0,0,1,0,0,0,1.0,2.0,2.0,2.0,10.0,4,10,62,5.0,5.0,5.0,5.0,5.0,4.9,5.0,1,0.71,1,132.0,102.0,3.596861498561924,319.67
0,1.0,1,1,0,0,0,1,0,0,0,0,0,1.0,1.0,1.0,3.0,365.0,364,9,62,5.0,4.89,4.78,4.89,5.0,4.89,4.67,1,0.67,1,133.0,89.0,3.159653644999434,285.29
0,14.0,1,1,0,0,0,0,1,0,0,0,0,1.0,1.0,2.0,2.0,365.0,80,34,211,4.65,4.79,4.53,4.85,4.71,4.79,4.5,14,2.39,1,16.0,16.0,1.931967011167761,198.5
0,1.0,1,1,0,0,0,0,0,1,0,0,0,1.0,1.0,2.0,5.0,10.0,127,3,20,5.0,5.0,5.0,5.0,5.0,5.0,4.67,1,0.22,1,130.0,14.0,3.8853079608472743,342.4
0,1.0,1,1,0,0,0,1,0,0,0,0,0,1.0,1.0,1.0,2.0,365.0,179,8,55,4.75,4.88,4.25,4.75,5.0,4.88,4.63,1,0.57,1,83.0,14.0,1.3186243885824849,393.75
0,1.0,1,1,0,0,0,1,0,0,0,0,0,1.5,1.0,1.0,2.0,20.0,336,8,47,4.88,5.0,5.0,4.88,5.0,5.0,4.88,1,0.58,1,130.0,14.0,0.6530552813379374,491.0
0,1.0,1,1,0,0,0,0,0,1,0,0,0,1.0,2.0,2.0,3.0,30.0,301,4,23,5.0,4.75,5.0,4.5,4.75,4.5,4.5,1,0.31,1,115.0,14.0,2.9376147674272968,456.67
0,1.0,1,1,0,0,0,1,0,0,0,0,0,1.0,1.0,1.0,5.0,365.0,177,5,40,5.0,5.0,5.0,5.0,5.0,5.0,5.0,1,0.4,1,132.0,87.0,1.1855110829466395,373.2
0,1.0,1,1,0,0,0,1,0,0,0,0,0,1.0,1.0,1.0,1.0,365.0,365,0,0,-1.0,-1.0,-1.0,-1.0,-1.0,-1.0,-1.0,1,0.0,0,107.0,49.0,2.4996339328596986,571.0
0,1.0,1,1,0,0,0,0,1,0,0,0,0,1.0,1.0,1.0,2.0,6.0,31,8,55,4.88,4.88,4.75,5.0,5.0,5.0,4.63,1,0.58,1,120.0,14.0,1.6387534373473072,228.5
0,1.0,1,1,0,0,0,1,0,0,0,0,0,1.0,1.0,1.0,4.0,7.0,194,4,24,5.0,5.0,5.0,5.0,5.0,5.0,4.75,1,0.29,1,93.0,14.0,2.9554351358348345,242.5
0,1.0,1,1,0,0,0,0,1,0,0,0,0,2.0,1.0,2.0,1.0,14.0,39,11,62,4.91,5.0,5.0,4.91,4.91,4.91,4.82,1,0.78,1,66.0,32.0,3.600476122359239,330.0
0,1.0,1,1,0,0,0,1,0,0,0,0,0,1.0,1.0,1.0,2.0,365.0,357,0,0,-1.0,-1.0,-1.0,-1.0,-1.0,-1.0,-1.0,1,0.0,0,167.0,14.0,4.05359968739034,195.14
0,1.0,1,1,0,0,0,1,0,0,0,0,0,1.0,1.0,1.0,1.0,30.0,214,7,31,4.86,5.0,4.86,4.86,5.0,5.0,4.71,1,0.55,1,120.0,13.0,1.0726931812928775,246.67
0,1.0,1,1,0,0,0,0,0,0,0,1,0,3.0,4.0,4.0,7.0,365.0,29,3,42,5.0,5.0,5.0,5.0,5.0,5.0,5.0,1,0.29,1,171.0,112.0,3.3245907444869576,568.14
0,14.0,1,1,0,0,0,0,1,0,0,0,0,1.0,1.0,2.0,1.0,365.0,58,35,250,4.83,4.94,4.71,4.86,4.71,4.86,4.69,14,2.63,1,16.0,16.0,2.0309204811948334,168.0
0,12.0,1,1,0,1,0,0,0,1,0,0,0,1.0,1.0,3.0,1.0,999.0,106,0,0,-1.0,-1.0,-1.0,-1.0,-1.0,-1.0,-1.0,12,0.0,0,14.0,14.0,0.5180478677730056,335.0
0,1.0,1,1,0,0,0,0,0,1,0,0,0,1.0,3.0,4.0,4.0,12.0,156,1,0,5.0,5.0,5.0,5.0,5.0,5.0,4.0,1,0.07,1,133.0,115.0,3.69595563335899,428.0
0,1.0,1,1,0,0,0,1,0,0,0,0,0,1.0,1.0,1.0,4.0,365.0,132,4,24,5.0,5.0,5.0,5.0,5.0,4.5,5.0,1,0.32,1,122.0,14.0,5.439817431217054,142.93
0,1.0,1,1,0,0,0,0,0,1,0,0,0,1.0,2.0,2.0,1.0,1125.0,271,11,55,4.82,4.73,4.73,4.91,4.91,4.73,4.64,1,0.78,1,106.0,14.0,3.071200683984006,450.0
0,12.0,1,1,0,1,0,1,0,0,0,0,0,1.0,1.0,1.0,1.0,999.0,153,0,0,-1.0,-1.0,-1.0,-1.0,-1.0,-1.0,-1.0,12,0.0,0,14.0,14.0,0.46097716985115855,205.0
0,12.0,1,1,0,1,0,1,0,0,0,0,0,1.0,1.0,1.0,1.0,999.0,176,0,0,-1.0,-1.0,-1.0,-1.0,-1.0,-1.0,-1.0,12,0.0,0,14.0,14.0,0.46097716985115855,112.0
0,12.0,1,1,0,1,0,0,0,1,0,0,0,1.0,1.0,4.0,1.0,999.0,119,3,16,5.0,5.0,5.0,5.0,5.0,5.0,5.0,12,0.23,1,14.0,14.0,0.46097716985115855,333.0
0,12.0,1,1,0,1,0,1,0,0,0,0,0,1.0,1.0,1.0,1.0,999.0,184,0,0,-1.0,-1.0,-1.0,-1.0,-1.0,-1.0,-1.0,12,0.0,0,14.0,14.0,0.46097716985115855,88.0
0,12.0,1,1,0,1,0,1,0,0,0,0,0,1.0,1.0,1.0,1.0,999.0,126,0,0,-1.0,-1.0,-1.0,-1.0,-1.0,-1.0,-1.0,12,0.0,0,14.0,14.0,0.46097716985115855,157.0
0,12.0,1,1,0,1,0,1,0,0,0,0,0,1.0,1.0,2.0,1.0,999.0,77,0,0,-1.0,-1.0,-1.0,-1.0,-1.0,-1.0,-1.0,12,0.0,0,14.0,14.0,0.46097716985115855,144.0
0,12.0,1,1,0,1,0,1,0,0,0,0,0,1.0,1.0,2.0,1.0,999.0,161,0,0,-1.0,-1.0,-1.0,-1.0,-1.0,-1.0,-1.0,12,0.0,0,14.0,14.0,0.46097716985115855,112.0
0,12.0,1,1,0,1,0,1,0,0,0,0,0,1.0,1.0,2.0,1.0,999.0,122,0,0,-1.0,-1.0,-1.0,-1.0,-1.0,-1.0,-1.0,12,0.0,0,14.0,14.0,0.46097716985115855,94.0
0,12.0,1,1,0,1,0,1,0,0,0,0,0,1.0,1.0,1.0,1.0,999.0,183,0,0,-1.0,-1.0,-1.0,-1.0,-1.0,-1.0,-1.0,12,0.0,0,14.0,14.0,0.46097716985115855,226.0
0,12.0,1,1,0,1,0,0,1,0,0,0,0,1.0,1.0,3.0,1.0,999.0,124,2,16,5.0,5.0,5.0,5.0,4.5,5.0,5.0,12,0.17,1,14.0,14.0,0.46097716985115855,238.0
1,1.0,1,1,0,0,0,1,0,0,0,0,0,1.0,1.0,1.0,3.0,365.0,15,10,62,5.0,4.9,4.9,4.9,4.9,4.5,4.6,1,0.76,1,141.0,14.0,3.7156942105304833,342.0
0,1.0,1,1,0,0,0,1,0,0,0,0,0,1.0,1.0,1.0,3.0,30.0,21,7,55,5.0,5.0,5.0,5.0,5.0,5.0,4.71,1,0.72,1,134.0,13.0,1.9650086417751262,251.35
0,1.0,1,1,0,0,0,1,0,0,0,0,0,1.0,1.0,1.0,1.0,365.0,16,4,23,5.0,5.0,5.0,5.0,5.0,5.0,4.5,1,0.32,1,27.0,14.0,5.382681660685562,227.33
0,1.0,1,1,0,0,0,1,0,0,0,0,0,1.0,1.0,1.0,2.0,28.0,353,2,16,5.0,5.0,5.0,5.0,5.0,5.0,4.5,1,0.21,1,96.0,13.0,0.8214198910873302,339.0
0,1.0,1,1,0,0,0,1,0,0,0,0,0,1.0,1.0,1.0,2.0,365.0,135,2,16,5.0,5.0,5.0,5.0,5.0,5.0,5.0,1,0.17,1,144.0,75.0,2.1682633966747806,188.5
0,1.0,1,1,0,0,0,1,0,0,0,0,0,1.0,1.0,1.0,2.0,365.0,19,4,8,5.0,5.0,5.0,5.0,5.0,4.75,4.75,1,0.29,1,141.0,84.0,2.289525570627004,186.25
1,1.0,1,1,0,0,0,1,0,0,0,0,0,1.0,1.0,1.0,2.0,1125.0,22,10,78,4.8,4.6,4.6,4.9,4.9,5.0,4.3,1,0.83,1,13.0,13.0,1.2838409967335593,285.5
0,1.0,1,1,0,0,0,1,0,0,0,0,0,1.0,1.0,1.0,2.0,30.0,13,8,47,5.0,5.0,4.88,5.0,5.0,5.0,5.0,1,0.62,1,78.0,13.0,1.4128447078395907,399.5
0,2.0,1,1,0,0,0,0,0,1,0,0,0,1.5,2.0,1.0,2.0,14.0,200,6,31,4.83,4.83,4.67,4.83,4.83,4.83,4.33,2,0.44,1,158.0,36.0,3.265442383730002,344.33
0,2.0,1,1,0,0,0,1,0,0,0,0,0,1.5,1.0,1.0,1.0,90.0,178,5,39,4.8,4.8,5.0,5.0,5.0,5.0,5.0,1,0.55,1,141.0,136.0,2.7101540555460915,418.67
0,1.0,1,1,0,0,0,1,0,0,0,0,0,1.0,1.0,1.0,4.0,20.0,88,5,40,4.6,4.8,4.4,5.0,5.0,5.0,4.6,1,0.44,1,27.0,12.0,4.212624808567674,238.25
0,1.0,1,1,0,0,0,1,0,0,0,0,0,1.0,1.0,1.0,1.0,7.0,195,0,0,-1.0,-1.0,-1.0,-1.0,-1.0,-1.0,-1.0,1,0.0,0,147.0,142.0,1.7503063107701322,234.0
0,1.0,1,1,0,1,0,1,0,0,0,0,0,1.0,1.0,1.0,1.0,1125.0,229,1,8,5.0,5.0,5.0,5.0,5.0,5.0,5.0,1,0.36,1,181.0,179.0,1.8402392161130825,212.5
0,1.0,1,1,0,0,0,0,0,1,0,0,0,1.5,3.0,1.0,1.0,365.0,30,7,31,5.0,5.0,5.0,5.0,5.0,5.0,5.0,1,0.53,1,131.0,13.0,2.5790110103585078,673.5
0,1.0,1,1,0,0,0,1,0,0,0,0,0,1.0,1.0,1.0,1.0,40.0,359,4,31,5.0,5.0,5.0,5.0,5.0,5.0,4.75,1,0.5,1,126.0,42.0,3.614963233585537,313.0
0,1.0,1,1,0,0,0,1,0,0,0,0,0,1.0,1.0,1.0,4.0,30.0,163,3,24,4.67,5.0,4.67,5.0,5.0,5.0,4.33,1,0.32,1,128.0,13.0,3.0630808931726814,281.25
0,1.0,1,1,0,0,0,0,0,1,0,0,0,1.0,3.0,3.0,2.0,28.0,334,7,47,5.0,4.86,5.0,5.0,5.0,4.86,4.86,1,0.55,1,132.0,13.0,5.168298111549595,308.5
0,1.0,1,1,0,0,0,1,0,0,0,0,0,1.0,1.0,1.0,4.0,14.0,215,2,16,4.5,4.5,4.5,5.0,5.0,4.5,4.5,1,0.23,1,125.0,12.0,1.9783005096125026,248.0
0,934.0,1,1,1,0,0,1,0,0,0,0,0,1.0,1.0,2.0,1.0,1125.0,364,12,94,4.75,4.75,4.92,5.0,4.67,4.42,4.42,10,1.15,1,14.0,14.0,9.097050566086276,334.0
0,1.0,1,1,0,0,0,0,0,1,0,0,0,1.0,3.0,1.0,7.0,365.0,211,0,0,-1.0,-1.0,-1.0,-1.0,-1.0,-1.0,-1.0,1,0.0,0,96.0,96.0,3.5882049882433082,499.26
0,1.0,1,1,0,0,0,1,0,0,0,0,0,1.0,1.0,1.0,2.0,1125.0,135,7,55,4.57,4.57,4.14,4.43,4.57,4.86,4.29,1,0.76,1,121.0,12.0,0.6331649055905904,203.5
0,1.0,1,1,0,0,0,1,0,0,0,0,0,1.0,1.0,1.0,2.0,365.0,365,5,39,4.4,4.4,4.0,4.8,4.8,5.0,3.6,1,0.49,1,125.0,49.0,0.3145870236923441,320.0
1,1.0,1,1,0,0,0,0,0,1,0,0,0,1.5,2.0,2.0,2.0,3.0,169,10,55,4.9,5.0,4.6,4.8,5.0,4.6,4.6,1,0.73,1,112.0,13.0,2.6082964827417188,428.0
0,14.0,1,1,0,0,0,0,0,1,0,0,0,1.0,1.0,2.0,1.0,365.0,51,34,218,4.56,4.76,4.56,4.85,4.59,4.76,4.56,14,2.56,1,16.0,16.0,1.9336169553785068,161.5
0,14.0,1,1,0,0,0,0,1,0,0,0,0,1.0,2.0,2.0,1.0,365.0,43,44,255,4.61,4.59,4.52,4.89,4.61,4.68,4.45,14,3.24,1,16.0,16.0,2.0259012159782026,167.5
0,1.0,1,1,0,0,0,1,0,0,0,0,0,1.0,1.0,1.0,2.0,14.0,250,4,31,4.75,4.5,4.25,5.0,4.75,5.0,4.5,1,0.8,1,159.0,8.0,1.516848248807214,274.0
0,14.0,1,1,0,0,0,0,1,0,0,0,0,1.0,2.0,2.0,2.0,365.0,68,30,218,4.3,4.5,3.97,4.8,4.57,4.8,4.2,14,2.24,1,16.0,16.0,1.932754495944095,154.5
0,1.0,1,1,0,0,0,1,0,0,0,0,0,1.0,1.0,1.0,5.0,30.0,87,2,20,5.0,5.0,4.0,5.0,5.0,5.0,4.5,1,0.19,1,118.0,12.0,1.8590560443476345,201.0
0,1.0,1,1,0,0,0,1,0,0,0,0,0,1.0,1.0,1.0,3.0,20.0,354,3,16,5.0,4.33,5.0,5.0,5.0,5.0,4.67,1,0.24,1,94.0,13.0,1.9690117089112646,371.0
1,1.0,1,1,0,0,0,0,0,1,0,0,0,1.0,2.0,2.0,3.0,25.0,36,12,94,5.0,5.0,5.0,5.0,5.0,4.83,4.58,1,1.02,1,115.0,13.0,3.0597600311817414,532.67
0,1.0,1,1,0,0,0,1,0,0,0,0,0,1.0,1.0,1.0,7.0,365.0,166,4,14,5.0,5.0,5.0,5.0,5.0,5.0,5.0,1,0.29,1,124.0,13.0,1.216380290400149,225.95
0,1.0,1,1,0,0,0,0,0,1,0,0,0,1.0,2.0,3.0,3.0,28.0,358,0,0,-1.0,-1.0,-1.0,-1.0,-1.0,-1.0,-1.0,1,0.0,0,162.0,118.0,2.584497405980259,570.67
0,1.0,1,1,0,0,0,0,0,0,1,0,0,1.5,4.0,3.0,2.0,30.0,15,1,8,5.0,5.0,5.0,5.0,5.0,5.0,5.0,1,1.0,1,143.0,13.0,5.519925072277537,285.5
0,1.0,1,1,0,0,0,1,0,0,0,0,0,1.0,1.0,1.0,3.0,365.0,355,3,23,4.67,5.0,5.0,4.67,5.0,5.0,4.67,1,1.23,1,78.0,12.0,1.4895114989624596,390.0
0,1.0,1,1,0,0,0,0,0,0,1,0,0,2.0,2.0,2.0,3.0,365.0,166,2,16,5.0,4.5,5.0,5.0,5.0,5.0,4.0,1,0.35,1,143.0,7.0,0.9125614472640903,570.67
1,3.0,1,1,0,1,0,1,0,0,0,0,0,1.0,1.0,1.0,3.0,6.0,61,8,55,5.0,5.0,5.0,5.0,5.0,4.75,4.88,3,0.59,1,120.0,22.0,4.045835397448852,142.67
0,1.0,1,1,0,0,0,1,0,0,0,0,0,1.0,1.0,1.0,6.0,365.0,183,2,12,4.0,5.0,4.0,5.0,5.0,5.0,4.0,1,0.16,1,145.0,145.0,2.686396709400581,136.94
0,1.0,1,1,0,0,0,0,0,1,0,0,0,1.0,2.0,2.0,3.0,15.0,170,4,31,5.0,5.0,4.5,5.0,5.0,5.0,4.25,1,0.38,1,112.0,12.0,0.5383456473597096,500.33
0,1.0,1,1,0,0,0,1,0,0,0,0,0,1.0,1.0,1.0,3.0,10.0,181,5,39,5.0,5.0,4.8,4.8,5.0,5.0,4.8,1,0.5,1,62.0,10.0,1.679757435833169,319.67
1,3.0,1,1,0,0,0,0,1,0,0,0,0,1.5,2.0,2.0,4.0,180.0,188,10,72,5.0,5.0,4.8,5.0,4.9,4.4,4.8,3,0.8,1,13.0,12.0,3.3316927454276417,195.0
0,14.0,1,1,0,0,0,0,1,0,0,0,0,1.0,1.0,2.0,1.0,365.0,63,37,250,4.7,4.89,4.65,4.86,4.89,4.92,4.62,14,2.77,1,16.0,16.0,1.9330401138612505,157.5
0,14.0,1,1,0,0,0,0,1,0,0,0,0,1.0,1.0,2.0,1.0,365.0,62,34,218,4.76,4.88,4.62,4.74,4.71,4.88,4.53,14,2.51,1,16.0,16.0,2.0346457081596987,164.0
0,14.0,1,1,0,0,0,0,1,0,0,0,0,1.0,1.0,2.0,1.0,365.0,73,27,203,4.59,4.7,4.33,4.89,4.7,4.74,4.33,14,2.07,1,16.0,16.0,1.9331112102038275,153.0
0,1.0,1,1,0,0,0,0,0,1,0,0,0,1.5,1.0,2.0,2.0,28.0,171,2,16,5.0,5.0,5.0,5.0,5.0,5.0,4.5,1,0.26,1,13.0,13.0,1.7112308059926788,452.67
0,14.0,1,1,0,0,0,0,1,0,0,0,0,1.0,1.0,2.0,1.0,365.0,78,38,250,4.55,4.79,4.42,4.84,4.66,4.79,4.18,14,2.83,1,16.0,16.0,1.9347524218884133,168.0
0,1.0,0,1,0,0,0,1,0,0,0,0,0,1.0,1.0,1.0,7.0,1125.0,15,1,14,5.0,5.0,5.0,5.0,5.0,5.0,4.0,1,0.08,1,13.0,13.0,2.706303030123788,234.1
0,14.0,1,1,0,0,0,0,1,0,0,0,0,1.0,1.0,2.0,1.0,365.0,54,30,187,4.53,4.5,4.33,4.8,4.8,4.77,4.27,14,2.19,1,16.0,16.0,1.9347524218884133,171.0
0,1.0,1,1,0,0,0,1,0,0,0,0,0,1.0,1.0,1.0,7.0,120.0,58,8,56,4.25,4.38,4.25,4.75,4.63,4.63,3.75,1,0.61,1,13.0,13.0,1.5666902140784515,301.71
0,1.0,1,1,0,0,0,0,0,1,0,0,0,1.0,3.0,2.0,3.0,365.0,291,3,23,5.0,5.0,5.0,5.0,5.0,5.0,5.0,1,0.32,1,143.0,142.0,4.9010909773135305,386.33
0,1.0,0,1,0,0,0,1,0,0,0,0,0,1.0,1.0,1.0,1.0,365.0,275,15,117,5.0,4.93,5.0,5.0,5.0,4.93,4.8,1,1.37,1,13.0,13.0,3.0947857009763347,280.0
0,1.0,1,1,0,0,0,1,0,0,0,0,0,1.0,1.0,2.0,1.0,1125.0,229,3,23,4.67,5.0,4.67,5.0,5.0,5.0,4.67,1,1.36,1,149.0,11.0,1.980795091633824,565.0
0,1.0,1,1,0,0,0,1,0,0,0,0,0,1.0,1.0,2.0,4.0,14.0,358,0,0,-1.0,-1.0,-1.0,-1.0,-1.0,-1.0,-1.0,1,0.0,0,153.0,46.0,4.169908083470902,342.5
0,5.0,1,1,0,0,0,0,0,1,0,0,0,2.0,3.0,2.0,1.0,15.0,257,6,47,5.0,5.0,5.0,5.0,5.0,5.0,5.0,1,0.55,1,46.0,12.0,0.7091585595611914,582.0
0,1.0,1,1,0,0,0,1,0,0,0,0,0,1.0,1.0,1.0,4.0,14.0,263,2,16,5.0,5.0,5.0,5.0,5.0,5.0,5.0,1,0.17,1,142.0,101.0,1.232669200994431,285.5
1,1.0,1,1,0,0,0,1,0,0,0,0,0,1.0,1.0,1.0,1.0,30.0,301,10,62,4.9,4.9,5.0,4.9,5.0,5.0,4.6,1,0.77,1,47.0,13.0,2.301059143681906,354.0
0,1.0,1,1,0,0,0,0,1,0,0,0,0,1.0,2.0,2.0,3.0,30.0,4,5,39,5.0,4.8,5.0,5.0,4.8,4.6,4.6,1,0.44,1,152.0,131.0,3.661646379560391,293.0
0,1.0,1,1,0,0,0,1,0,0,0,0,0,1.5,1.0,1.0,1.0,14.0,167,6,39,5.0,5.0,5.0,5.0,5.0,5.0,4.83,1,0.49,1,13.0,13.0,0.8417904660810788,387.0
0,1.0,1,1,0,0,0,1,0,0,0,0,0,1.0,1.0,1.0,2.0,7.0,325,17,109,5.0,5.0,5.0,5.0,5.0,5.0,5.0,1,1.27,1,122.0,13.0,0.3197849723938276,345.5
0,1.0,1,1,0,0,0,1,0,0,0,0,0,1.0,1.0,1.0,3.0,14.0,4,2,16,5.0,5.0,5.0,5.0,5.0,5.0,5.0,1,0.34,1,38.0,13.0,3.533416327530602,279.67
0,3.0,1,1,0,1,0,0,1,0,0,0,0,1.0,2.0,2.0,3.0,1125.0,44,33,250,4.64,4.61,4.79,4.91,4.97,4.76,4.58,3,2.68,1,49.0,43.0,5.343524470795681,285.33
0,1.0,1,1,0,0,0,0,1,0,0,0,0,1.0,2.0,2.0,1.0,7.0,282,9,70,5.0,5.0,5.0,4.44,4.89,4.78,4.89,1,0.98,1,151.0,11.0,2.8069697139751786,400.0
0,5.0,1,1,0,1,0,0,0,0,1,0,0,1.0,1.0,5.0,1.0,1000.0,43,43,255,4.65,4.63,4.72,4.74,4.91,4.81,4.47,5,3.39,1,70.0,70.0,0.5660095866904176,190.0
0,1.0,1,1,0,0,0,0,0,0,1,0,0,1.0,2.0,3.0,1.0,365.0,46,58,255,4.88,4.93,4.97,4.95,4.93,5.0,4.83,1,4.81,1,13.0,12.0,0.41324471442557126,460.0
1,15.0,1,1,0,0,0,1,0,0,0,0,0,1.0,1.0,1.0,5.0,365.0,213,5,50,5.0,5.0,5.0,5.0,5.0,5.0,5.0,4,0.51,1,103.0,97.0,0.5323179139967898,399.6
0,1.0,1,1,0,0,0,1,0,0,0,0,0,1.0,1.0,1.0,3.0,10.0,166,4,23,4.75,5.0,4.5,4.5,4.5,5.0,4.75,1,0.31,1,138.0,32.0,1.8261058735337243,295.0
0,1.0,1,1,0,0,0,1,0,0,0,0,0,1.0,1.0,1.0,1.0,365.0,103,4,31,4.5,5.0,4.5,5.0,4.75,5.0,5.0,1,0.35,1,44.0,13.0,2.313893729730876,258.67
0,1.0,1,1,0,1,0,0,1,0,0,0,0,1.0,1.0,2.0,2.0,1125.0,335,43,255,4.33,4.44,4.33,4.88,4.77,4.91,4.21,1,3.27,1,13.0,13.0,0.6703004899761111,183.0
0,1.0,1,1,0,0,0,1,0,0,0,0,0,1.0,1.0,1.0,1.0,365.0,5,3,23,5.0,5.0,4.67,5.0,5.0,4.67,4.67,1,0.32,1,126.0,13.0,2.3471959224463372,241.5
0,1.0,1,1,0,0,0,0,0,1,0,0,0,1.5,2.0,2.0,3.0,15.0,21,5,39,5.0,4.8,4.8,5.0,5.0,5.0,5.0,1,0.46,1,175.0,19.0,1.626457587053654,519.33
0,1.0,1,1,0,0,0,1,0,0,0,0,0,1.5,1.0,1.0,5.0,17.0,176,5,40,5.0,4.8,4.8,4.8,5.0,5.0,4.8,1,0.41,1,106.0,13.0,2.6138314131089806,245.4
0,1.0,1,1,0,0,0,0,0,1,0,0,0,1.0,2.0,2.0,1.0,9.0,70,9,70,4.89,4.89,4.89,5.0,5.0,4.44,4.78,1,0.76,1,161.0,13.0,5.3401820153889865,311.0
1,48.0,1,1,0,0,0,0,0,1,0,0,0,1.0,2.0,2.0,5.0,1125.0,180,0,0,-1.0,-1.0,-1.0,-1.0,-1.0,-1.0,-1.0,14,0.0,0,95.0,95.0,6.512890001686217,425.0
0,1.0,1,1,0,0,0,0,0,1,0,0,0,1.5,2.0,2.0,2.0,2.0,92,16,109,5.0,5.0,4.94,5.0,5.0,5.0,5.0,1,1.27,1,20.0,19.0,1.721316096929904,628.0
0,1.0,1,1,0,0,0,1,0,0,0,0,0,1.0,2.0,1.0,2.0,12.0,8,3,23,5.0,5.0,5.0,5.0,5.0,5.0,5.0,1,0.38,1,104.0,10.0,2.820887465549586,214.8
0,1.0,1,1,0,0,0,1,0,0,0,0,0,1.0,1.0,1.0,2.0,5.0,356,2,16,5.0,4.5,5.0,5.0,5.0,4.5,3.5,1,2.0,1,45.0,13.0,2.2967531661828122,257.0
0,1.0,1,1,0,0,0,1,0,0,0,0,0,1.0,1.0,1.0,3.0,365.0,55,7,55,5.0,5.0,5.0,4.86,5.0,4.57,4.86,1,0.58,1,132.0,124.0,4.123097398538778,239.0
0,1.0,1,1,0,0,0,0,0,1,0,0,0,1.0,2.0,2.0,2.0,30.0,39,5,39,5.0,5.0,5.0,5.0,5.0,5.0,4.8,1,0.47,1,93.0,13.0,2.566429600104783,491.0
0,1.0,1,1,0,1,0,0,0,1,0,0,0,1.0,2.0,2.0,2.0,24.0,12,6,47,4.5,4.5,4.5,5.0,4.67,4.5,4.33,1,0.53,1,119.0,12.0,7.08069911396808,197.0
1,1.0,1,1,0,0,0,1,0,0,0,0,0,1.0,1.0,1.0,1.0,365.0,39,17,133,4.82,4.76,4.53,4.88,4.76,4.88,4.53,1,1.42,1,13.0,12.0,2.525928232837386,261.33
0,1.0,1,1,0,0,0,0,0,1,0,0,0,1.0,2.0,3.0,3.0,30.0,362,6,47,4.83,5.0,4.83,4.83,4.83,4.33,4.67,1,0.5,1,113.0,13.0,5.38562352214682,234.0
0,1.0,1,1,0,0,0,0,0,1,0,0,0,1.0,2.0,2.0,4.0,365.0,319,0,0,-1.0,-1.0,-1.0,-1.0,-1.0,-1.0,-1.0,1,0.0,0,179.0,179.0,2.462939900522185,428.0
0,1.0,1,1,0,0,0,1,0,0,0,0,0,1.0,1.0,1.0,1.0,365.0,20,4,31,4.5,4.75,4.25,4.75,4.75,4.25,4.25,1,0.44,1,78.0,13.0,1.8939595379609018,172.0
1,48.0,1,1,0,0,0,0,0,1,0,0,0,1.0,2.0,2.0,5.0,1125.0,99,22,180,4.82,4.86,4.95,4.68,4.68,4.68,4.45,14,1.68,1,95.0,95.0,2.246102667518559,387.07
0,1.0,1,1,0,0,0,1,0,0,0,0,0,1.0,1.0,1.0,4.0,30.0,284,7,48,5.0,4.86,4.43,5.0,4.86,5.0,4.57,1,0.55,1,58.0,12.0,0.9592319111549349,228.25
0,14.0,1,1,0,0,0,0,0,1,0,0,0,1.0,2.0,2.0,1.0,365.0,34,32,234,4.47,4.59,4.34,4.88,4.53,4.81,4.28,14,2.45,1,16.0,16.0,1.931725270687621,199.35
0,1.0,1,1,0,0,0,1,0,0,0,0,0,1.0,1.0,1.0,3.0,12.0,11,4,31,5.0,5.0,5.0,5.0,5.0,5.0,5.0,1,0.39,1,167.0,167.0,5.355969505079243,211.5
0,1.0,1,1,0,0,0,1,0,0,0,0,0,1.0,1.0,1.0,2.0,30.0,71,7,55,5.0,5.0,5.0,4.86,5.0,5.0,5.0,1,0.73,1,115.0,36.0,2.026945432799229,274.0
0,1.0,1,1,0,0,0,1,0,0,0,0,0,1.0,1.0,2.0,2.0,21.0,28,2,8,5.0,5.0,5.0,5.0,5.0,5.0,5.0,1,0.16,1,125.0,13.0,2.5238299226349348,223.0
0,1.0,1,1,0,0,0,0,0,1,0,0,0,2.0,2.0,2.0,1.0,365.0,354,4,31,5.0,5.0,5.0,5.0,5.0,5.0,4.5,1,0.34,1,155.0,122.0,2.9621977749370387,674.0
0,1.0,1,1,0,0,0,0,0,1,0,0,0,1.0,2.0,2.0,2.0,365.0,159,10,70,5.0,4.8,5.0,5.0,5.0,4.9,4.7,1,0.79,1,98.0,13.0,2.4896765165652797,456.5
0,1.0,1,1,0,0,0,0,0,1,0,0,0,1.5,3.0,3.0,5.0,14.0,166,2,20,5.0,5.0,5.0,5.0,5.0,5.0,5.0,1,0.18,1,129.0,107.0,5.008027654247726,239.8
0,1.0,1,1,0,0,0,1,0,0,0,0,0,1.0,1.0,2.0,7.0,21.0,221,6,70,5.0,4.83,4.83,5.0,5.0,5.0,4.83,1,0.48,1,198.0,126.0,1.689893276147818,274.0
0,2.0,1,1,0,0,0,0,0,1,0,0,0,1.0,2.0,3.0,2.0,365.0,289,2,16,5.0,5.0,5.0,5.0,5.0,5.0,4.5,1,0.25,1,162.0,162.0,1.7744059692707554,391.5
0,1.0,1,1,0,0,0,1,0,0,0,0,0,1.0,1.0,1.0,1.0,20.0,6,7,55,5.0,4.86,5.0,4.86,5.0,4.71,4.86,1,0.73,1,119.0,12.0,3.0768450231775923,257.0
0,1.0,1,1,0,0,0,1,0,0,0,0,0,1.0,1.0,1.0,2.0,30.0,190,8,47,5.0,5.0,4.63,5.0,5.0,5.0,4.75,1,0.62,1,108.0,12.0,1.6644200014376977,291.0
1,1.0,1,1,0,0,0,0,0,1,0,0,0,1.0,1.0,2.0,2.0,6.0,29,10,62,5.0,5.0,5.0,4.9,4.9,5.0,5.0,1,0.8,1,137.0,123.0,1.576811211790229,302.5
1,1.0,1,1,0,0,0,0,0,1,0,0,0,1.5,2.0,2.0,2.0,6.0,264,13,101,5.0,4.92,5.0,5.0,5.0,4.92,4.77,1,1.08,1,130.0,12.0,2.421230661335345,607.5
0,1.0,1,1,0,0,0,1,0,0,0,0,0,1.0,1.0,1.0,2.0,28.0,27,3,23,4.67,5.0,4.0,4.67,5.0,5.0,4.67,1,0.33,1,103.0,11.0,1.5991649755469273,428.0
0,1.0,1,1,0,0,0,0,0,1,0,0,0,1.0,2.0,1.0,1.0,365.0,364,11,86,4.73,4.82,4.64,4.91,5.0,5.0,4.55,1,1.08,1,119.0,10.0,1.260467512035019,691.0
0,1.0,1,1,0,0,0,1,0,0,0,0,0,1.0,1.0,1.0,2.0,6.0,6,7,55,5.0,5.0,5.0,5.0,5.0,5.0,5.0,1,0.65,1,154.0,12.0,1.9606926519358103,342.5
0,1.0,1,1,0,0,0,0,1,0,0,0,0,1.0,2.0,1.0,3.0,30.0,352,10,78,4.9,5.0,4.7,5.0,5.0,4.9,4.9,1,0.87,1,99.0,12.0,3.5843093774290735,342.0
0,1.0,1,1,0,0,0,1,0,0,0,0,0,1.0,1.0,1.0,2.0,365.0,7,4,31,5.0,5.0,5.0,5.0,5.0,4.75,5.0,1,0.38,1,128.0,11.0,3.630084726507952,281.33
0,1.0,0,1,0,1,0,1,0,0,0,0,0,1.5,1.0,1.0,2.0,365.0,270,8,62,4.25,4.63,4.25,4.5,4.88,4.5,4.38,1,0.71,1,47.0,12.0,6.760561076699088,149.0
0,1.0,1,1,0,0,0,1,0,0,0,0,0,1.5,2.0,1.0,1.0,365.0,216,4,31,5.0,5.0,5.0,4.75,5.0,5.0,5.0,1,0.72,1,25.0,12.0,1.5443079534125883,466.0
0,1.0,1,1,0,0,0,1,0,0,0,0,0,1.0,2.0,1.0,2.0,30.0,156,0,0,-1.0,-1.0,-1.0,-1.0,-1.0,-1.0,-1.0,1,0.0,0,136.0,12.0,2.960831021066013,284.5
0,1.0,1,1,0,0,0,1,0,0,0,0,0,1.0,1.0,1.0,2.0,1125.0,26,8,55,5.0,5.0,5.0,5.0,5.0,4.88,5.0,1,0.65,1,147.0,142.0,1.3723445114833952,370.0
0,1.0,1,1,0,0,0,0,1,0,0,0,0,1.0,2.0,2.0,5.0,13.0,42,0,0,-1.0,-1.0,-1.0,-1.0,-1.0,-1.0,-1.0,1,0.0,0,136.0,107.0,3.6850948535339865,264.8
0,1.0,1,1,0,0,0,0,1,0,0,0,0,1.0,1.0,2.0,1.0,365.0,199,0,0,-1.0,-1.0,-1.0,-1.0,-1.0,-1.0,-1.0,1,0.0,0,82.0,12.0,2.589410053621492,356.2
1,2.0,1,1,0,0,0,0,0,1,0,0,0,1.0,2.0,2.0,1.0,30.0,329,14,101,5.0,4.93,5.0,5.0,5.0,4.64,4.79,1,1.1,1,108.0,12.0,1.84784070078708,719.0
0,1.0,1,1,0,0,0,0,0,1,0,0,0,1.5,2.0,2.0,4.0,30.0,299,5,40,5.0,5.0,4.8,5.0,5.0,4.8,4.0,1,0.45,1,145.0,107.0,2.692768216766716,448.0
0,1.0,1,1,0,0,0,1,0,0,0,0,0,1.0,1.0,1.0,1.0,30.0,345,6,47,5.0,5.0,4.83,5.0,5.0,5.0,5.0,1,0.72,1,128.0,79.0,2.89738977449247,242.5
0,2.0,1,1,0,0,0,0,0,1,0,0,0,2.0,2.0,2.0,1.0,30.0,166,1,8,3.0,4.0,4.0,3.0,2.0,4.0,3.0,2,0.26,1,152.0,14.0,2.607801197368647,337.0
0,1.0,1,1,0,0,0,1,0,0,0,0,0,1.0,1.0,1.0,1.0,500.0,341,15,101,5.0,5.0,5.0,4.93,4.93,4.87,4.73,1,1.2,1,93.0,63.0,0.43066225920986256,295.34
0,1.0,1,1,0,0,0,1,0,0,0,0,0,1.0,1.0,1.0,4.0,7.0,365,2,16,5.0,5.0,4.5,5.0,5.0,5.0,4.0,1,1.05,1,70.0,6.0,1.1375992834270074,456.5
0,1.0,1,1,0,0,0,1,0,0,0,0,0,1.0,1.0,1.0,2.0,30.0,14,6,47,5.0,5.0,5.0,5.0,5.0,4.83,4.83,1,0.85,1,120.0,12.0,1.9654718917860274,316.68
0,1.0,1,1,0,0,0,0,0,0,0,1,0,2.0,4.0,4.0,1.0,365.0,183,0,0,-1.0,-1.0,-1.0,-1.0,-1.0,-1.0,-1.0,1,0.0,0,12.0,6.0,1.465721197453199,449.67
0,1.0,1,1,0,0,0,0,0,1,0,0,0,1.5,3.0,2.0,1.0,24.0,74,2,16,5.0,5.0,5.0,5.0,5.0,5.0,5.0,1,0.18,1,131.0,12.0,2.981275865569543,280.0
0,1.0,1,1,0,0,0,0,1,0,0,0,0,1.0,2.0,4.0,1.0,7.0,118,8,62,5.0,5.0,5.0,5.0,5.0,5.0,4.5,1,0.69,1,103.0,12.0,1.734459611516013,474.0
0,1.0,1,1,0,0,0,0,0,1,0,0,0,1.5,2.0,2.0,1.0,25.0,103,5,39,4.8,4.8,4.6,5.0,5.0,4.8,4.6,1,0.43,1,167.0,167.0,1.5339533761691178,358.25
0,1.0,1,1,0,0,0,0,0,1,0,0,0,1.0,2.0,2.0,2.0,12.0,32,11,86,4.91,4.91,4.91,4.91,5.0,4.82,4.36,1,0.98,1,122.0,12.0,2.720666772216708,727.5
1,48.0,1,1,0,0,0,1,0,0,0,0,0,1.0,1.0,1.0,7.0,1125.0,315,2,28,5.0,5.0,5.0,5.0,5.0,5.0,4.5,14,0.38,1,95.0,95.0,1.3703085970187967,212.42
0,2.0,1,1,0,0,0,1,0,0,0,0,0,1.0,1.0,1.0,2.0,30.0,24,4,31,4.75,4.75,4.75,4.5,5.0,5.0,4.75,1,0.38,1,116.0,11.0,2.080863672273216,228.5
0,1.0,1,1,0,0,0,1,0,0,0,0,0,1.0,1.0,1.0,3.0,1125.0,18,1,8,5.0,5.0,5.0,5.0,5.0,5.0,5.0,1,0.18,1,49.0,10.0,2.858978794466368,137.0
0,1.0,1,1,0,0,0,1,0,0,0,0,0,1.0,1.0,1.0,1.0,30.0,17,6,47,5.0,5.0,4.83,5.0,5.0,5.0,5.0,1,0.54,1,17.0,12.0,2.268311704642974,314.0
0,1.0,1,1,0,0,0,1,0,0,0,0,0,1.0,1.0,1.0,2.0,365.0,205,2,8,4.5,4.5,4.0,4.0,4.5,4.5,4.0,1,0.16,1,27.0,12.0,2.6878999605480907,194.0
1,1.0,1,1,0,1,0,1,0,0,0,0,0,1.0,1.0,3.0,2.0,365.0,308,36,255,4.97,4.97,4.89,4.97,4.97,4.92,4.89,1,2.91,1,38.0,12.0,3.863660041011331,228.5
0,1.0,1,1,0,0,0,0,0,1,0,0,0,2.0,2.0,2.0,5.0,18.0,16,2,20,5.0,5.0,5.0,5.0,5.0,5.0,5.0,1,0.2,1,92.0,84.0,0.2699706444020292,623.2
0,1.0,1,1,0,0,0,1,0,0,0,0,0,1.5,1.0,1.0,3.0,30.0,319,3,23,5.0,5.0,5.0,5.0,5.0,5.0,5.0,1,0.34,1,119.0,11.0,1.565585976291836,407.33
0,1.0,1,1,0,0,0,1,0,0,0,0,0,1.0,1.0,1.0,1.0,365.0,50,5,31,5.0,5.0,5.0,5.0,5.0,5.0,5.0,1,0.39,1,171.0,106.0,2.258368808841891,420.0
0,1.0,1,1,0,0,0,0,0,1,0,0,0,1.5,2.0,4.0,3.0,30.0,32,0,0,-1.0,-1.0,-1.0,-1.0,-1.0,-1.0,-1.0,1,0.0,0,122.0,11.0,4.0539654733088195,304.31
0,1.0,0,1,0,0,0,1,0,0,0,0,0,1.0,1.0,1.0,2.0,30.0,197,3,23,5.0,4.67,5.0,5.0,4.67,5.0,5.0,1,0.33,1,20.0,12.0,2.230575108059496,325.5
0,1.0,1,1,0,0,0,0,0,0,0,0,0,1.0,1.0,1.0,2.0,125.0,45,0,0,-1.0,-1.0,-1.0,-1.0,-1.0,-1.0,-1.0,1,0.0,0,127.0,12.0,3.5374866863182914,68.41
0,1.0,1,1,0,0,0,0,0,1,0,0,0,1.5,4.0,3.0,3.0,15.0,46,0,0,-1.0,-1.0,-1.0,-1.0,-1.0,-1.0,-1.0,1,0.0,0,149.0,149.0,4.2942274044429505,390.0
0,1.0,1,1,0,0,0,0,0,1,0,0,0,1.0,3.0,3.0,7.0,30.0,301,0,0,-1.0,-1.0,-1.0,-1.0,-1.0,-1.0,-1.0,1,0.0,0,166.0,145.0,2.5321966789979067,482.77
1,3.0,1,1,0,1,0,0,0,1,0,0,0,2.5,2.0,2.0,1.0,1125.0,147,5,39,4.8,4.8,4.6,5.0,4.8,5.0,4.4,3,0.92,1,12.0,11.0,3.0065989622598948,261.0
1,3.0,1,1,0,1,0,1,0,0,0,0,0,1.5,1.0,1.0,1.0,365.0,148,9,70,4.56,4.78,4.78,4.56,4.78,4.89,4.33,3,1.07,1,12.0,11.0,3.201517915143813,140.0
1,3.0,1,1,0,1,0,1,0,0,0,0,0,1.5,1.0,1.0,1.0,365.0,143,8,62,5.0,4.88,4.75,5.0,4.88,4.88,4.88,3,0.92,1,12.0,11.0,3.1023750813117608,141.0
0,1.0,1,1,0,0,0,1,0,0,0,0,0,1.0,1.0,1.0,5.0,30.0,166,0,0,-1.0,-1.0,-1.0,-1.0,-1.0,-1.0,-1.0,1,0.0,0,29.0,12.0,3.1619783739247134,262.6
0,1.0,1,1,0,0,0,1,0,0,0,0,0,1.0,1.0,1.0,1.0,30.0,4,4,31,5.0,5.0,4.25,5.0,4.75,5.0,4.5,1,0.36,1,161.0,12.0,2.2489016059751026,191.0
0,1.0,1,1,0,0,0,0,0,1,0,0,0,1.0,2.0,2.0,3.0,21.0,194,3,23,4.67,4.67,4.33,5.0,5.0,4.67,5.0,1,0.29,1,138.0,12.0,2.393677865626017,397.67
0,1.0,1,1,0,0,0,0,0,1,0,0,0,2.5,3.0,5.0,5.0,28.0,251,3,30,5.0,5.0,5.0,5.0,5.0,5.0,4.33,1,0.28,1,154.0,104.0,2.0063247749442668,745.8
0,1.0,1,1,0,0,0,1,0,0,0,0,0,1.0,1.0,1.0,1.0,30.0,266,8,62,5.0,5.0,5.0,5.0,5.0,4.75,4.75,1,0.83,1,110.0,35.0,2.2850434834870845,759.67
0,1.0,1,1,0,0,0,0,0,1,0,0,0,1.5,2.0,2.0,1.0,30.0,15,10,78,4.9,4.9,4.9,4.8,4.7,4.9,4.7,1,0.86,1,130.0,12.0,0.8265316059565785,651.0
0,1.0,1,1,0,0,0,0,1,0,0,0,0,1.0,2.0,2.0,6.0,30.0,169,4,48,4.0,4.25,4.0,4.5,4.0,4.5,4.0,1,0.47,1,143.0,143.0,1.8037976099712338,399.5
0,1.0,1,1,0,0,0,0,0,0,1,0,0,1.5,3.0,3.0,1.0,365.0,10,3,23,5.0,5.0,5.0,5.0,5.0,4.67,4.67,1,0.27,1,149.0,149.0,5.337714175477441,457.0
0,1.0,1,1,0,0,0,1,0,0,0,0,0,1.0,1.0,1.0,5.0,365.0,139,3,30,5.0,5.0,5.0,5.0,5.0,5.0,4.67,1,0.29,1,121.0,92.0,3.4887795380110544,242.0
0,1.0,1,1,0,0,0,0,0,1,0,0,0,1.0,2.0,2.0,1.0,15.0,5,1,8,5.0,5.0,5.0,5.0,5.0,5.0,5.0,1,0.13,1,164.0,12.0,2.3917519156582028,514.0
1,3.0,1,1,0,1,0,0,0,1,0,0,0,1.0,2.0,1.0,2.0,10.0,147,4,31,4.75,5.0,5.0,5.0,5.0,3.75,3.75,3,0.41,1,120.0,22.0,3.98619627044532,294.0
0,1.0,1,1,0,0,0,0,1,0,0,0,0,1.0,1.0,3.0,2.0,2.0,71,0,0,-1.0,-1.0,-1.0,-1.0,-1.0,-1.0,-1.0,1,0.0,0,41.0,20.0,2.078307673877225,310.0
0,1.0,1,1,0,0,0,1,0,0,0,0,0,1.0,1.0,1.0,4.0,365.0,314,2,16,5.0,4.5,5.0,5.0,5.0,5.0,4.5,1,0.23,1,123.0,123.0,2.8336482514049277,217.0
1,1.0,1,1,0,0,0,1,0,0,0,0,0,1.0,1.0,1.0,3.0,7.0,26,20,156,5.0,4.9,4.85,4.95,4.95,4.8,4.7,1,1.64,1,144.0,144.0,6.886369164976786,138.33
0,1.0,1,1,0,0,0,1,0,0,0,0,0,1.0,1.0,1.0,2.0,1125.0,353,1,8,5.0,5.0,5.0,5.0,5.0,5.0,5.0,1,0.59,1,135.0,33.0,3.176680837242366,479.2
0,1.0,1,1,0,0,0,0,0,1,0,0,0,1.0,1.0,2.0,2.0,2.0,15,12,94,5.0,5.0,5.0,5.0,5.0,4.75,4.75,1,1.0,1,149.0,44.0,2.5786582368483444,256.77
0,1.0,1,1,0,0,0,1,0,0,0,0,0,1.5,1.0,1.0,1.0,10.0,45,0,0,-1.0,-1.0,-1.0,-1.0,-1.0,-1.0,-1.0,1,0.0,0,168.0,168.0,2.675571570994183,268.0
0,1.0,1,1,0,0,0,0,0,0,0,0,1,1.0,2.0,4.0,1.0,365.0,260,50,255,4.62,4.64,4.6,4.82,4.66,4.7,4.52,1,4.25,1,12.0,11.0,0.3211082619277984,769.0
0,1.0,1,1,0,0,0,0,0,1,0,0,0,1.5,2.0,2.0,2.0,30.0,173,1,8,5.0,5.0,5.0,5.0,5.0,5.0,5.0,1,0.42,1,155.0,97.0,10.182007903288417,321.0
0,1.0,1,1,0,0,0,1,0,0,0,0,0,1.0,1.0,1.0,4.0,30.0,273,6,48,5.0,5.0,5.0,5.0,5.0,5.0,4.67,1,0.63,1,124.0,28.0,2.2362756832153035,308.25
0,4.0,1,1,0,0,0,0,1,0,0,0,0,1.0,1.0,2.0,2.0,365.0,365,1,8,4.0,4.0,4.0,5.0,5.0,4.0,3.0,4,0.08,1,25.0,25.0,1.4775826354927097,379.44
0,1.0,1,1,0,0,0,0,0,1,0,0,0,2.0,3.0,1.0,1.0,8.0,73,4,31,5.0,5.0,5.0,5.0,5.0,5.0,5.0,1,0.46,1,131.0,119.0,3.578110466795299,471.0
0,1.0,1,1,0,0,0,0,0,1,0,0,0,1.0,1.0,1.0,5.0,18.0,357,1,10,5.0,5.0,5.0,5.0,5.0,5.0,5.0,1,0.11,1,64.0,11.0,2.185693361759212,387.2
0,2.0,1,1,0,0,0,0,1,0,0,0,0,1.0,2.0,2.0,1.0,5.0,36,2,16,5.0,5.0,5.0,5.0,5.0,5.0,5.0,2,0.19,1,146.0,23.0,1.820932781901451,292.2
0,1.0,1,1,0,0,0,0,0,1,0,0,0,1.5,4.0,4.0,4.0,30.0,69,3,24,4.0,4.33,3.33,4.33,4.33,4.33,3.67,1,0.28,1,193.0,98.0,4.753666735719349,319.75
0,1.0,1,1,0,0,0,1,0,0,0,0,0,1.0,1.0,1.0,2.0,1125.0,166,6,47,5.0,5.0,5.0,5.0,5.0,4.83,4.67,1,0.65,1,117.0,12.0,2.2717432414585423,320.0
0,1.0,1,1,0,0,0,0,0,1,0,0,0,2.0,2.0,3.0,4.0,30.0,30,0,0,-1.0,-1.0,-1.0,-1.0,-1.0,-1.0,-1.0,1,0.0,0,151.0,142.0,6.1332785038215345,257.0
0,1.0,1,1,0,0,0,0,0,1,0,0,0,2.0,3.0,6.0,2.0,19.0,298,6,47,5.0,5.0,5.0,5.0,5.0,4.67,4.83,1,0.56,1,151.0,12.0,3.1315043508950744,576.33
0,1.0,1,1,0,0,0,0,0,1,0,0,0,1.5,2.0,2.0,3.0,30.0,257,7,55,5.0,5.0,5.0,5.0,5.0,4.86,5.0,1,0.75,1,120.0,12.0,2.872520441368253,622.0
0,1.0,1,1,0,0,0,1,0,0,0,0,0,1.0,1.0,1.0,3.0,10.0,349,3,23,5.0,5.0,5.0,5.0,5.0,5.0,4.67,1,0.35,1,119.0,11.0,4.7042032219330245,239.67
0,1.0,1,1,0,0,0,0,0,1,0,0,0,1.5,2.0,2.0,2.0,7.0,9,4,31,4.75,4.75,4.25,5.0,5.0,4.75,4.75,1,0.33,1,129.0,45.0,3.8898878890033584,377.0
0,1.0,1,1,0,0,0,1,0,0,0,0,0,1.0,1.0,1.0,2.0,90.0,44,9,70,5.0,4.89,4.78,5.0,5.0,5.0,4.67,1,0.92,1,84.0,81.0,1.643311012912118,178.51
0,1.0,1,1,0,0,0,1,0,0,0,0,0,1.0,1.0,1.0,4.0,10.0,13,2,16,5.0,5.0,5.0,5.0,5.0,5.0,4.5,1,1.4,1,69.0,2.0,1.1369419791493365,383.33
0,1.0,1,1,0,0,0,0,0,1,0,0,0,1.0,2.0,3.0,1.0,30.0,41,9,70,4.89,5.0,4.89,4.89,5.0,5.0,5.0,1,0.75,1,148.0,128.0,1.2087923634466966,780.0
0,1.0,1,1,0,0,0,0,0,1,0,0,0,2.0,2.0,2.0,4.0,14.0,334,3,24,5.0,5.0,5.0,5.0,5.0,5.0,4.67,1,0.26,1,119.0,12.0,0.8243193725214141,773.25
1,9.0,1,1,0,0,1,0,0,0,0,0,0,1.0,1.0,1.0,1.0,365.0,365,240,255,4.83,4.89,4.77,4.91,4.89,4.88,4.76,9,20.93,1,12.0,11.0,1.3995905780846318,61.0
0,1.0,1,1,0,0,0,0,0,1,0,0,0,1.0,1.0,1.0,5.0,30.0,166,3,30,5.0,5.0,5.0,5.0,5.0,4.67,5.0,1,0.33,1,169.0,169.0,4.022881544629149,174.0
0,1.0,1,1,0,0,0,1,0,0,0,0,0,1.0,1.0,2.0,2.0,30.0,322,0,0,-1.0,-1.0,-1.0,-1.0,-1.0,-1.0,-1.0,1,0.0,0,144.0,12.0,1.1734910410909698,287.58
0,1.0,1,1,0,0,0,1,0,0,0,0,0,1.0,2.0,2.0,1.0,7.0,87,8,62,5.0,5.0,4.88,5.0,5.0,5.0,4.88,1,1.45,1,146.0,7.0,1.2367756416098503,442.5
0,1.0,1,1,0,0,0,1,0,0,0,0,0,1.0,1.0,1.0,1.0,365.0,352,2,16,4.5,5.0,4.0,5.0,5.0,5.0,4.5,1,0.19,1,72.0,11.0,2.6505648116947618,273.0
0,1.0,1,1,0,0,0,1,0,0,0,0,0,1.0,1.0,1.0,2.0,365.0,302,2,16,5.0,5.0,5.0,5.0,5.0,5.0,5.0,1,0.2,1,118.0,12.0,2.004328925948553,382.5
0,1.0,1,1,0,0,0,0,1,0,0,0,0,1.0,1.0,4.0,1.0,365.0,26,5,39,4.4,4.4,4.6,4.6,4.4,4.8,4.0,1,0.46,1,95.0,11.0,1.2261529567702265,286.0
0,934.0,1,1,1,0,0,0,0,1,0,0,0,1.0,1.0,2.0,1.0,1125.0,346,0,0,-1.0,-1.0,-1.0,-1.0,-1.0,-1.0,-1.0,10,0.0,0,14.0,14.0,9.097050566086276,222.4
0,934.0,1,1,1,0,0,1,0,0,0,0,0,1.0,1.0,1.0,1.0,1125.0,364,0,0,-1.0,-1.0,-1.0,-1.0,-1.0,-1.0,-1.0,10,0.0,0,14.0,14.0,9.097050566086276,136.0
0,934.0,1,1,1,0,0,0,0,1,0,0,0,1.0,1.0,2.0,1.0,1125.0,345,0,0,-1.0,-1.0,-1.0,-1.0,-1.0,-1.0,-1.0,10,0.0,0,14.0,14.0,9.097050566086276,222.4
0,1.0,1,1,0,0,0,0,0,0,0,1,0,2.0,4.0,4.0,2.0,14.0,272,0,0,-1.0,-1.0,-1.0,-1.0,-1.0,-1.0,-1.0,1,0.0,0,134.0,102.0,5.121389222876041,542.5
0,1.0,1,1,0,0,0,0,0,1,0,0,0,1.0,2.0,2.0,2.0,30.0,258,11,86,5.0,5.0,5.0,5.0,5.0,4.82,4.73,1,1.26,1,166.0,12.0,2.3972989010602395,515.0
1,2.0,1,1,0,1,0,1,0,0,0,0,0,1.0,1.0,1.0,2.0,31.0,142,44,255,4.89,4.91,4.98,4.98,4.98,4.98,4.66,2,3.94,1,85.0,12.0,1.3943934394934547,129.24
0,1.0,1,1,0,0,0,0,0,0,1,0,0,1.5,3.0,3.0,2.0,20.0,4,5,39,5.0,5.0,5.0,5.0,5.0,5.0,4.8,1,0.46,1,148.0,145.0,1.522538620500083,571.0
0,1.0,1,1,0,0,0,1,0,0,0,0,0,1.0,1.0,1.0,3.0,300.0,13,7,55,5.0,5.0,4.86,5.0,5.0,5.0,5.0,1,0.67,1,128.0,67.0,1.0717551686694395,297.0
0,1.0,1,1,0,0,0,1,0,0,0,0,0,1.0,1.0,1.0,2.0,30.0,145,11,86,4.64,4.82,4.45,4.91,4.91,4.82,4.64,1,0.94,1,103.0,12.0,5.00319679762492,187.5
0,1.0,1,1,0,0,0,0,1,0,0,0,0,1.0,2.0,3.0,2.0,7.0,3,8,62,4.75,4.75,4.75,4.88,4.75,4.75,4.75,1,0.72,1,143.0,138.0,5.496376519772625,207.0
0,1.0,1,1,0,0,0,0,0,1,0,0,0,1.5,3.0,3.0,4.0,30.0,215,2,16,5.0,5.0,5.0,5.0,5.0,5.0,5.0,1,1.15,1,143.0,11.0,5.688085151454622,371.5
0,1.0,1,1,0,0,0,1,0,0,0,0,0,1.5,1.0,1.0,2.0,30.0,119,2,16,5.0,5.0,5.0,5.0,5.0,5.0,5.0,1,0.19,1,75.0,11.0,2.0982307700249994,399.5
0,1.0,1,1,0,0,0,1,0,0,0,0,0,1.0,1.0,1.0,1.0,365.0,363,0,0,-1.0,-1.0,-1.0,-1.0,-1.0,-1.0,-1.0,1,0.0,0,77.0,7.0,0.8052875055401337,731.0
0,1.0,1,1,0,0,0,0,0,1,0,0,0,1.0,4.0,2.0,7.0,365.0,365,0,0,-1.0,-1.0,-1.0,-1.0,-1.0,-1.0,-1.0,1,0.0,0,103.0,12.0,4.908123908762061,399.43
0,2.0,1,1,0,0,0,0,1,0,0,0,0,1.0,1.0,2.0,7.0,365.0,23,1,14,5.0,5.0,5.0,5.0,5.0,5.0,5.0,1,0.28,1,116.0,24.0,1.3451534277892987,229.54
0,1.0,1,1,0,0,0,1,0,0,0,0,0,1.0,1.0,1.0,1.0,28.0,74,3,23,4.67,5.0,5.0,4.67,5.0,5.0,5.0,1,0.38,1,103.0,12.0,2.959567461580734,274.0
0,1.0,1,1,0,0,0,1,0,0,0,0,0,1.0,1.0,1.0,2.0,30.0,159,11,86,5.0,5.0,4.55,5.0,5.0,5.0,4.82,1,0.96,1,72.0,11.0,3.0747132533453305,271.67
0,1.0,1,1,0,0,0,0,0,1,0,0,0,1.0,1.0,2.0,3.0,14.0,3,3,23,5.0,5.0,5.0,5.0,5.0,5.0,5.0,1,0.53,1,114.0,99.0,2.6405809460386336,248.02
0,1.0,1,1,0,0,0,0,0,1,0,0,0,1.0,2.0,2.0,2.0,14.0,25,3,23,5.0,5.0,5.0,5.0,5.0,4.33,5.0,1,0.27,1,139.0,11.0,5.284673771993741,312.5
0,1.0,1,1,0,0,0,0,1,0,0,0,0,1.0,1.0,2.0,1.0,365.0,107,2,16,5.0,5.0,5.0,4.5,5.0,5.0,5.0,1,0.19,1,88.0,41.0,1.084024284454892,268.0
0,3.0,1,1,0,1,0,1,0,0,0,0,0,1.0,1.0,1.0,1.0,365.0,180,0,0,-1.0,-1.0,-1.0,-1.0,-1.0,-1.0,-1.0,3,0.0,0,24.0,24.0,1.1702884732288814,240.0
0,1.0,1,1,0,0,0,1,0,0,0,0,0,1.0,1.0,1.0,3.0,30.0,178,2,16,5.0,5.0,5.0,5.0,5.0,5.0,5.0,1,0.17,1,121.0,118.0,2.2465537488917238,392.0
0,1.0,1,1,0,0,0,0,0,1,0,0,0,1.5,2.0,2.0,1.0,30.0,305,2,16,5.0,5.0,5.0,5.0,5.0,5.0,5.0,1,0.23,1,166.0,142.0,2.4487738783104813,352.0
0,1.0,1,1,0,0,0,1,0,0,0,0,0,1.0,1.0,1.0,3.0,10.0,184,1,8,5.0,5.0,5.0,5.0,5.0,5.0,5.0,1,0.11,1,155.0,10.0,2.741627427198248,304.33
0,1.0,1,1,0,0,0,1,0,0,0,0,0,1.0,1.0,1.0,1.0,365.0,192,3,23,5.0,5.0,5.0,5.0,5.0,5.0,5.0,1,0.54,1,70.0,7.0,2.1559679343179146,252.0
0,3.0,1,1,0,1,0,1,0,0,0,0,0,1.0,1.0,1.0,1.0,365.0,178,3,23,5.0,5.0,5.0,5.0,5.0,5.0,5.0,3,0.28,1,24.0,24.0,1.1702884732288814,206.0
0,934.0,1,1,1,0,0,1,0,0,0,0,0,1.0,1.0,1.0,1.0,365.0,364,0,0,-1.0,-1.0,-1.0,-1.0,-1.0,-1.0,-1.0,10,0.0,0,14.0,14.0,9.097050566086276,136.0
0,934.0,1,1,1,0,0,1,0,0,0,0,0,1.0,1.0,2.0,1.0,365.0,364,0,0,-1.0,-1.0,-1.0,-1.0,-1.0,-1.0,-1.0,10,0.0,0,14.0,14.0,9.097050566086276,323.0
0,1.0,1,1,0,0,0,0,0,1,0,0,0,2.5,2.0,4.0,5.0,1125.0,91,0,0,-1.0,-1.0,-1.0,-1.0,-1.0,-1.0,-1.0,1,0.0,0,11.0,11.0,1.2746108294580143,586.56
0,1.0,1,1,0,0,0,1,0,0,0,0,0,1.0,1.0,1.0,7.0,30.0,77,1,14,5.0,5.0,5.0,5.0,5.0,5.0,5.0,1,0.08,1,139.0,11.0,2.94202381205589,212.0
0,1.0,1,1,0,0,0,1,0,0,0,0,0,1.0,1.0,1.0,2.0,30.0,7,3,23,4.67,4.67,5.0,5.0,5.0,4.67,4.67,1,0.39,1,103.0,38.0,3.8601534917485387,181.67
0,1.0,1,1,0,0,0,0,0,1,0,0,0,1.0,2.0,2.0,5.0,30.0,167,3,30,5.0,5.0,5.0,5.0,5.0,5.0,5.0,1,0.34,1,88.0,11.0,1.4307571983333216,422.4
0,1.0,0,1,0,0,0,0,0,1,0,0,0,1.0,4.0,4.0,1.0,31.0,6,2,16,5.0,5.0,5.0,5.0,5.0,4.0,5.0,1,0.2,1,11.0,11.0,3.6317126489778304,269.0
0,1.0,1,1,0,1,0,1,0,0,0,0,0,0.5,1.0,1.0,2.0,10.0,155,1,8,4.0,5.0,3.0,5.0,5.0,5.0,5.0,1,0.1,1,46.0,11.0,2.660301508873125,114.5
0,1.0,1,1,0,0,0,1,0,0,0,0,0,1.0,1.0,1.0,2.0,365.0,166,1,8,5.0,5.0,5.0,5.0,5.0,5.0,5.0,1,0.09,1,121.0,121.0,2.1954280939781596,251.5
0,1.0,1,1,0,0,0,0,0,1,0,0,0,1.0,3.0,4.0,1.0,14.0,31,3,23,5.0,5.0,5.0,5.0,5.0,5.0,4.67,1,0.27,1,136.0,11.0,1.0831912043827878,502.5
0,1.0,1,1,0,0,0,1,0,0,0,0,0,1.0,1.0,1.0,3.0,30.0,343,8,62,4.75,4.88,4.63,4.5,5.0,4.75,4.25,1,0.71,1,134.0,11.0,2.4178110385483933,251.33
0,1.0,1,1,0,0,0,1,0,0,0,0,0,1.5,1.0,1.0,3.0,30.0,84,6,47,5.0,5.0,4.83,5.0,5.0,4.67,5.0,1,0.56,1,111.0,11.0,5.1227235587296,246.33
0,1.0,1,1,0,0,0,0,0,1,0,0,0,1.0,2.0,1.0,1.0,365.0,134,9,70,5.0,4.89,4.89,5.0,5.0,5.0,5.0,1,0.93,1,18.0,11.0,0.7980438488000418,407.5
0,1.0,1,1,0,0,0,0,1,0,0,0,0,1.5,2.0,1.0,2.0,14.0,27,0,0,-1.0,-1.0,-1.0,-1.0,-1.0,-1.0,-1.0,1,0.0,0,69.0,9.0,2.535525536724063,454.0
0,1.0,1,1,0,0,0,1,0,0,0,0,0,1.5,1.0,1.0,2.0,365.0,168,1,8,5.0,5.0,5.0,5.0,5.0,5.0,5.0,1,0.1,1,137.0,11.0,1.8104015964960234,297.0
1,4.0,1,1,0,0,0,1,0,0,0,0,0,1.0,1.0,2.0,2.0,365.0,290,9,70,4.22,4.0,4.67,4.44,4.56,5.0,4.11,4,0.79,1,106.0,106.0,1.1115368443648073,228.5
0,1.0,1,1,0,0,0,0,0,0,1,0,0,1.0,2.0,2.0,2.0,14.0,50,4,31,5.0,5.0,5.0,5.0,5.0,5.0,5.0,1,0.39,1,106.0,11.0,0.9136637931307384,582.29
0,1.0,1,1,0,0,0,1,0,0,0,0,0,1.0,2.0,4.0,3.0,20.0,82,0,0,-1.0,-1.0,-1.0,-1.0,-1.0,-1.0,-1.0,1,0.0,0,147.0,68.0,2.9907487835085167,248.47
0,2.0,1,1,0,1,0,1,0,0,0,0,0,1.0,1.0,1.0,2.0,31.0,332,36,255,4.19,4.33,4.08,4.72,4.44,4.5,4.06,2,3.17,1,29.0,28.0,1.3156368882134122,89.0
0,1.0,1,1,0,0,0,0,0,1,0,0,0,1.0,3.0,3.0,1.0,365.0,323,0,0,-1.0,-1.0,-1.0,-1.0,-1.0,-1.0,-1.0,1,0.0,0,98.0,98.0,3.997696222187088,251.06
1,1.0,1,1,0,0,0,0,1,0,0,0,0,1.0,2.0,3.0,4.0,30.0,12,7,56,5.0,5.0,5.0,5.0,5.0,4.57,4.57,1,0.61,1,140.0,54.0,4.732936502493261,235.0
0,3.0,1,1,0,1,0,1,0,0,0,0,0,1.0,1.0,1.0,2.0,31.0,189,13,101,5.0,5.0,5.0,5.0,5.0,5.0,4.85,3,1.35,1,175.0,175.0,1.341638274804447,223.0
0,1.0,1,1,0,0,0,1,0,0,0,0,0,1.0,1.0,1.0,1.0,365.0,207,7,55,4.57,4.86,4.14,5.0,5.0,5.0,4.29,1,0.64,1,11.0,11.0,2.161816634925623,342.0
0,1.0,1,1,0,0,0,1,0,0,0,0,0,1.0,1.0,1.0,1.0,10.0,13,2,16,5.0,5.0,5.0,5.0,5.0,5.0,5.0,1,0.82,1,123.0,7.0,1.909052514896137,292.0
0,1.0,1,1,0,0,0,0,1,0,0,0,0,1.5,2.0,2.0,1.0,30.0,31,3,23,4.33,4.67,4.33,3.33,4.67,4.67,4.33,1,0.29,1,111.0,11.0,5.656455468244491,211.23
0,2.0,1,1,0,1,0,1,0,0,0,0,0,1.0,1.0,1.0,1.0,365.0,327,43,255,4.37,4.26,4.51,4.84,4.74,4.72,4.14,2,3.93,1,11.0,11.0,0.5062981735716642,93.5
0,1.0,1,1,0,0,0,1,0,0,0,0,0,1.0,1.0,1.0,4.0,365.0,5,1,8,5.0,5.0,5.0,5.0,5.0,5.0,5.0,1,1.0,1,125.0,4.0,2.4110506955825795,252.5
1,1.0,1,1,0,0,0,0,0,1,0,0,0,1.0,2.0,4.0,1.0,365.0,297,48,255,5.0,4.94,4.92,5.0,4.98,4.79,4.9,1,4.34,1,174.0,89.0,3.8851701282119184,470.0
0,3.0,1,1,0,1,0,0,0,1,0,0,0,2.0,2.0,2.0,2.0,31.0,271,2,16,5.0,5.0,5.0,5.0,5.0,5.0,5.0,3,0.8,1,175.0,175.0,1.341638274804447,445.5
0,1.0,1,1,0,0,0,1,0,0,0,0,0,1.0,1.0,1.0,2.0,30.0,330,3,23,4.33,5.0,5.0,4.33,4.33,5.0,4.33,1,1.22,1,123.0,11.0,2.9034639573539622,331.0
0,2.0,1,1,0,0,0,0,1,0,0,0,0,1.0,2.0,2.0,2.0,30.0,240,8,62,4.63,5.0,4.25,5.0,4.88,4.75,4.5,1,0.76,1,147.0,83.0,2.893024637626504,248.5
0,1.0,1,1,0,0,0,0,0,1,0,0,0,1.5,3.0,3.0,3.0,25.0,9,6,47,5.0,5.0,4.83,5.0,4.83,4.83,4.83,1,0.55,1,124.0,11.0,2.7220429574045886,352.0
0,1.0,1,1,0,0,0,1,0,0,0,0,0,1.0,1.0,1.0,3.0,30.0,27,1,8,5.0,5.0,4.0,5.0,5.0,5.0,4.0,1,0.11,1,112.0,10.0,2.6107663919120867,355.67
0,1.0,1,1,0,0,0,1,0,0,0,0,0,1.0,1.0,1.0,2.0,365.0,9,3,23,5.0,5.0,5.0,5.0,5.0,5.0,5.0,1,0.27,1,98.0,11.0,0.7003422892780475,307.0
0,1.0,1,1,0,0,0,0,1,0,0,0,0,1.0,2.0,2.0,3.0,31.0,350,0,0,-1.0,-1.0,-1.0,-1.0,-1.0,-1.0,-1.0,1,0.0,0,121.0,118.0,3.4419004025844266,376.67
0,1.0,1,1,0,0,0,0,0,1,0,0,0,1.0,2.0,3.0,2.0,30.0,24,3,23,5.0,5.0,5.0,5.0,5.0,5.0,5.0,1,0.33,1,165.0,107.0,1.2493196631865193,742.0
0,4.0,1,1,0,1,0,1,0,0,0,0,0,1.0,1.0,1.0,1.0,731.0,334,30,234,4.37,4.3,4.4,4.7,4.4,4.4,4.3,2,2.79,1,11.0,11.0,3.7062482224688766,87.6
0,14.0,1,1,0,1,0,0,0,1,0,0,0,1.0,2.0,2.0,1.0,365.0,26,39,255,4.28,4.41,4.21,4.56,4.26,4.92,4.05,1,3.38,1,144.0,124.0,1.183442439306462,355.5
0,1.0,1,1,0,0,0,1,0,0,0,0,0,1.0,1.0,1.0,2.0,365.0,18,6,47,5.0,5.0,5.0,5.0,5.0,4.83,4.83,1,0.66,1,133.0,21.0,3.0487156499291106,254.0
0,1.0,1,1,0,0,0,1,0,0,0,0,0,1.5,1.0,1.0,2.0,30.0,54,1,8,5.0,5.0,5.0,5.0,5.0,5.0,4.0,1,1.0,1,10.0,1.0,1.6315594202428378,542.5
0,4.0,1,1,0,0,0,1,0,0,0,0,0,1.0,1.0,1.0,1.0,365.0,52,61,255,4.51,4.61,4.85,4.87,4.75,4.87,4.31,2,5.51,1,198.0,185.0,0.34899138657826206,131.24
1,9.0,1,1,0,0,1,0,0,0,0,0,0,1.0,1.0,1.0,1.0,365.0,362,164,255,4.79,4.84,4.75,4.91,4.77,4.79,4.76,9,14.43,1,12.0,11.0,1.3995905780846318,61.0
0,1.0,1,1,0,0,0,0,0,0,1,0,0,2.0,3.0,3.0,7.0,30.0,345,0,0,-1.0,-1.0,-1.0,-1.0,-1.0,-1.0,-1.0,1,0.0,0,139.0,11.0,2.4204664183392732,707.06
0,2.0,1,1,0,1,0,1,0,0,0,0,0,1.0,1.0,1.0,1.0,365.0,310,58,255,4.38,4.22,4.29,4.81,4.71,4.78,4.12,2,5.35,1,11.0,11.0,0.5862133798691426,174.0
0,1.0,1,1,0,0,0,0,0,1,0,0,0,1.0,1.0,1.0,2.0,15.0,49,4,31,4.75,4.75,5.0,4.75,5.0,4.75,4.75,1,0.49,1,11.0,11.0,2.26642094903489,240.0
0,1.0,1,1,0,0,0,0,0,1,0,0,0,1.0,4.0,4.0,2.0,30.0,12,8,62,4.88,4.75,4.38,4.88,5.0,4.75,4.63,1,0.73,1,152.0,11.0,5.353158425836766,342.36
1,1.0,1,1,0,0,0,1,0,0,0,0,0,1.0,1.0,1.0,1.0,30.0,6,11,86,4.91,4.91,4.82,5.0,5.0,4.91,4.55,1,0.98,1,108.0,11.0,1.8506369476351447,262.67
0,1.0,1,1,0,0,0,1,0,0,0,0,0,1.0,1.0,1.0,1.0,30.0,153,1,8,5.0,5.0,5.0,5.0,5.0,5.0,4.0,1,0.19,1,122.0,11.0,2.4493693796108587,278.0
0,1.0,1,1,0,0,0,0,0,1,0,0,0,1.5,2.0,3.0,5.0,40.0,68,3,30,5.0,4.67,4.67,5.0,5.0,5.0,4.67,1,0.54,1,158.0,153.0,1.4297869453310876,519.4
0,1.0,1,1,0,0,0,1,0,0,0,0,0,1.0,1.0,1.0,2.0,10.0,20,7,55,5.0,5.0,5.0,5.0,5.0,5.0,5.0,1,0.67,1,168.0,167.0,1.742681098590489,236.67
0,1.0,1,1,0,0,0,1,0,0,0,0,0,1.0,1.0,1.0,1.0,9.0,18,10,78,5.0,4.7,5.0,5.0,5.0,4.7,4.5,1,0.88,1,165.0,119.0,1.4960695408207354,240.0
0,8.0,1,1,0,0,0,1,0,0,0,0,0,1.0,1.0,1.0,1.0,365.0,241,51,255,4.55,4.55,4.65,4.57,4.69,4.33,4.43,1,4.42,1,46.0,44.0,3.502240930132738,68.47
0,2.0,1,1,0,1,0,0,0,1,0,0,0,1.0,3.0,2.0,3.0,365.0,50,2,16,5.0,5.0,5.0,5.0,5.0,4.5,4.5,2,0.34,1,92.0,6.0,5.0671055706122035,251.67
0,1.0,0,1,0,0,0,1,0,0,0,0,0,1.0,1.0,1.0,2.0,20.0,53,2,16,5.0,5.0,4.5,5.0,5.0,5.0,4.5,1,0.2,1,38.0,11.0,1.1857890535716367,245.5
0,1.0,1,1,0,0,0,1,0,0,0,0,0,1.0,1.0,1.0,1.0,10.0,52,6,47,5.0,4.83,4.5,5.0,5.0,4.83,4.83,1,0.57,1,115.0,11.0,1.20456685698257,305.33
0,1.0,1,1,0,0,0,1,0,0,0,0,0,1.0,1.0,1.0,3.0,365.0,45,2,16,5.0,5.0,5.0,5.0,5.0,5.0,4.5,1,1.02,1,60.0,11.0,2.3576277204010756,392.0
0,1.0,1,1,0,0,0,0,0,1,0,0,0,2.0,3.0,3.0,3.0,365.0,156,0,0,-1.0,-1.0,-1.0,-1.0,-1.0,-1.0,-1.0,1,0.0,0,156.0,155.0,3.0651889118856497,439.67
1,9.0,1,1,0,0,1,0,0,0,0,0,0,1.0,1.0,1.0,1.0,365.0,359,10,78,4.2,4.4,4.2,4.5,4.4,4.5,4.2,9,0.93,1,12.0,11.0,1.3995905780846318,53.0
0,1.0,1,1,0,0,0,0,1,0,0,0,0,1.0,2.0,1.0,1.0,365.0,318,5,39,5.0,5.0,4.8,5.0,5.0,5.0,5.0,1,0.64,1,115.0,24.0,1.2408170704462038,482.0
0,1.0,1,1,0,0,0,0,1,0,0,0,0,1.0,1.0,2.0,2.0,25.0,170,3,23,5.0,5.0,5.0,5.0,5.0,5.0,4.67,1,0.34,1,100.0,10.0,2.140260838078088,593.5
0,1.0,1,1,0,0,0,0,0,1,0,0,0,1.0,2.0,2.0,3.0,30.0,21,3,23,5.0,5.0,5.0,5.0,5.0,5.0,5.0,1,0.27,1,135.0,11.0,2.4086100795445033,359.5
0,1.0,1,1,0,0,0,0,1,0,0,0,0,1.0,1.0,1.0,2.0,365.0,339,1,8,5.0,5.0,5.0,5.0,5.0,5.0,5.0,1,0.09,1,72.0,11.0,2.7883879063906583,297.5
0,1.0,1,1,0,0,0,0,0,1,0,0,0,1.0,2.0,4.0,3.0,30.0,169,1,8,5.0,5.0,5.0,5.0,5.0,5.0,5.0,1,0.11,1,155.0,10.0,2.4514873781924242,387.0
0,1.0,1,1,0,0,0,0,0,1,0,0,0,1.0,3.0,4.0,4.0,15.0,8,4,32,5.0,5.0,5.0,5.0,5.0,5.0,5.0,1,0.51,1,11.0,11.0,1.7229024344959587,366.5
0,1.0,1,1,0,0,0,0,0,1,0,0,0,1.0,2.0,2.0,2.0,14.0,166,2,16,5.0,5.0,4.0,5.0,5.0,5.0,4.5,1,0.36,1,90.0,9.0,1.8056131216465887,570.75
0,1.0,1,1,0,0,0,1,0,0,0,0,0,1.0,1.0,1.0,5.0,30.0,29,1,10,5.0,5.0,5.0,5.0,5.0,5.0,5.0,1,0.16,1,140.0,68.0,1.7277496028689991,171.6
0,2.0,1,1,0,0,0,1,0,0,0,0,0,1.0,1.0,1.0,1.0,1125.0,348,27,211,4.52,4.67,4.48,4.89,4.7,4.85,4.48,2,2.38,1,132.0,33.0,1.1238869027594087,154.0
0,1.0,1,1,0,0,0,0,0,1,0,0,0,1.0,2.0,2.0,1.0,30.0,167,11,86,4.82,4.82,4.73,4.91,5.0,5.0,4.36,1,1.2,1,11.0,11.0,1.0761152193631338,651.0
0,1.0,1,1,0,0,0,1,0,0,0,0,0,1.0,1.0,1.0,1.0,15.0,150,0,0,-1.0,-1.0,-1.0,-1.0,-1.0,-1.0,-1.0,1,0.0,0,130.0,0.0,1.5984925545461426,380.0
0,1.0,1,1,0,0,0,1,0,0,0,0,0,1.0,1.0,1.0,4.0,21.0,256,3,24,5.0,5.0,5.0,5.0,5.0,5.0,5.0,1,0.34,1,119.0,35.0,0.5590559543019038,525.0
1,1.0,1,1,0,0,0,1,0,0,0,0,0,1.0,1.0,1.0,2.0,14.0,8,15,117,5.0,5.0,5.0,4.87,5.0,4.8,4.93,1,1.39,1,141.0,11.0,1.9724093108146734,282.0
0,1.0,1,1,0,0,0,0,0,1,0,0,0,1.0,2.0,3.0,1.0,31.0,248,3,23,5.0,5.0,5.0,5.0,5.0,5.0,5.0,1,0.55,1,153.0,17.0,2.1459677428433253,475.67
0,1.0,1,1,0,0,0,1,0,0,0,0,0,1.0,1.0,1.0,1.0,31.0,23,2,16,5.0,5.0,5.0,5.0,5.0,5.0,5.0,1,0.23,1,116.0,10.0,1.6748724591589041,299.75
1,2.0,1,1,0,0,0,0,0,1,0,0,0,1.0,2.0,2.0,7.0,7.0,153,3,42,4.67,4.33,4.33,4.67,4.33,5.0,4.33,2,1.43,1,145.0,145.0,0.8839801105021198,308.12
0,1.0,1,1,0,0,0,0,0,1,0,0,0,1.0,1.0,2.0,2.0,365.0,166,0,0,-1.0,-1.0,-1.0,-1.0,-1.0,-1.0,-1.0,1,0.0,0,103.0,11.0,4.985801260607152,272.0
1,1.0,1,1,0,0,0,1,0,0,0,0,0,1.0,1.0,1.0,2.0,365.0,187,27,211,4.85,4.85,4.96,4.96,4.96,4.93,4.74,1,2.63,1,144.0,11.0,1.636708889179483,196.0
0,1.0,1,1,0,0,0,1,0,0,0,0,0,1.0,1.0,1.0,3.0,14.0,246,4,31,4.5,5.0,4.75,5.0,5.0,4.75,4.25,1,0.44,1,124.0,11.0,2.941067927931792,239.67
0,1.0,1,1,0,1,0,1,0,0,0,0,0,1.0,1.0,1.0,2.0,15.0,107,3,23,5.0,5.0,5.0,5.0,5.0,5.0,5.0,1,0.32,1,11.0,11.0,1.015704475517026,232.0
0,1.0,1,1,0,0,0,0,1,0,0,0,0,1.0,1.0,2.0,3.0,365.0,3,5,39,5.0,5.0,5.0,5.0,5.0,5.0,5.0,1,0.92,1,124.0,11.0,2.476064417584455,352.0
0,1.0,1,1,0,0,0,1,0,0,0,0,0,1.0,1.0,1.0,2.0,30.0,5,0,0,-1.0,-1.0,-1.0,-1.0,-1.0,-1.0,-1.0,1,0.0,0,39.0,11.0,1.6452611228428142,262.5
0,1.0,1,1,0,0,0,0,0,1,0,0,0,1.0,2.0,1.0,2.0,30.0,34,5,39,4.8,4.8,4.6,4.6,5.0,4.6,4.0,1,0.5,1,166.0,11.0,3.149319855574861,397.0
0,1.0,1,1,0,0,0,1,0,0,0,0,0,1.0,1.0,1.0,1.0,365.0,39,8,62,5.0,4.88,4.88,4.88,5.0,4.75,4.63,1,0.9,1,143.0,11.0,2.209200983403787,323.33
0,1.0,1,1,0,0,0,1,0,0,0,0,0,1.0,1.0,2.0,1.0,5.0,365,7,55,5.0,5.0,5.0,5.0,5.0,5.0,5.0,1,2.92,1,136.0,136.0,2.7606525206981885,252.0
0,1.0,1,1,0,0,0,0,0,1,0,0,0,1.0,2.0,2.0,2.0,1125.0,44,1,8,5.0,5.0,5.0,5.0,5.0,5.0,5.0,1,0.1,1,11.0,11.0,5.2860618563438075,537.0
0,3.0,1,1,0,0,0,0,0,1,0,0,0,2.0,3.0,3.0,4.0,25.0,11,2,16,5.0,5.0,5.0,5.0,5.0,4.5,4.5,3,0.2,1,166.0,112.0,3.7656922130571036,479.5
0,1.0,1,1,0,0,0,1,0,0,0,0,0,1.0,1.0,1.0,2.0,365.0,71,0,0,-1.0,-1.0,-1.0,-1.0,-1.0,-1.0,-1.0,1,0.0,0,154.0,2.0,1.439265791247608,333.5
0,1.0,1,1,0,0,0,1,0,0,0,0,0,1.0,1.0,1.0,5.0,10.0,173,0,0,-1.0,-1.0,-1.0,-1.0,-1.0,-1.0,-1.0,1,0.0,0,120.0,11.0,3.546828884167294,381.2
0,1.0,1,1,0,0,0,1,0,0,0,0,0,1.0,1.0,1.0,3.0,30.0,357,8,62,4.88,5.0,5.0,5.0,5.0,5.0,4.88,1,0.8,1,116.0,10.0,2.578881270106265,455.33
1,1.0,1,1,0,0,0,1,0,0,0,0,0,1.0,1.0,1.0,2.0,365.0,169,9,70,5.0,4.89,5.0,5.0,5.0,4.67,4.67,1,0.97,1,97.0,10.0,2.5214905549419253,248.5
0,1.0,1,1,0,0,0,0,0,1,0,0,0,1.0,3.0,2.0,1.0,365.0,85,0,0,-1.0,-1.0,-1.0,-1.0,-1.0,-1.0,-1.0,1,0.0,0,145.0,135.0,2.035787223129983,548.0
0,1.0,0,1,0,1,0,1,0,0,0,0,0,1.0,1.0,2.0,1.0,14.0,256,8,62,5.0,5.0,4.88,5.0,5.0,5.0,5.0,1,0.87,1,88.0,11.0,0.973542242158102,446.0
0,1.0,1,1,0,0,0,0,0,0,0,1,0,1.5,3.0,2.0,7.0,30.0,178,0,0,-1.0,-1.0,-1.0,-1.0,-1.0,-1.0,-1.0,1,0.0,0,155.0,11.0,2.0218198377721297,684.9
0,1.0,1,1,0,0,0,0,0,1,0,0,0,1.0,5.0,2.0,3.0,14.0,9,1,8,5.0,5.0,5.0,5.0,5.0,5.0,5.0,1,0.77,1,137.0,36.0,3.7709877299244376,523.33
0,1.0,1,1,0,0,0,1,0,0,0,0,0,1.0,1.0,1.0,4.0,20.0,81,1,8,5.0,5.0,5.0,5.0,5.0,5.0,5.0,1,0.59,1,158.0,9.0,2.933454127298615,299.75
0,1.0,1,1,0,0,0,0,1,0,0,0,0,1.0,1.0,1.0,4.0,14.0,363,3,24,5.0,4.67,5.0,5.0,5.0,5.0,5.0,1,0.55,1,96.0,48.0,1.3689363873923228,371.0
0,1.0,1,1,0,0,0,0,0,1,0,0,0,1.0,2.0,2.0,4.0,25.0,16,2,16,5.0,5.0,5.0,5.0,5.0,5.0,5.0,1,1.07,1,145.0,144.0,2.3293214894377683,452.0
0,1.0,1,1,0,0,0,1,0,0,0,0,0,1.0,1.0,1.0,2.0,365.0,53,4,31,5.0,5.0,5.0,5.0,5.0,5.0,5.0,1,0.39,1,22.0,11.0,3.3913009657765154,205.41
0,1.0,1,1,0,0,0,1,0,0,0,0,0,1.0,1.0,1.0,3.0,3.0,139,5,39,5.0,5.0,5.0,5.0,5.0,5.0,4.8,1,0.56,1,59.0,11.0,0.4833974899885947,362.0
0,1.0,1,1,0,0,0,0,1,0,0,0,0,1.0,1.0,1.0,4.0,365.0,94,3,24,5.0,4.67,5.0,4.67,5.0,4.33,4.67,1,0.32,1,11.0,11.0,2.2880250936013873,161.25
0,1.0,1,1,0,0,0,1,0,0,0,0,0,1.0,1.0,1.0,3.0,30.0,288,9,70,5.0,5.0,5.0,5.0,4.89,5.0,5.0,1,0.95,1,137.0,93.0,2.4206114612674283,399.67
1,9.0,1,1,0,1,0,1,0,0,0,0,0,1.0,1.0,1.0,1.0,14.0,239,4,31,5.0,5.0,4.75,5.0,5.0,5.0,4.5,9,0.39,1,12.0,11.0,1.399950656757084,195.0
1,9.0,1,1,0,1,0,0,1,0,0,0,0,1.0,1.0,3.0,1.0,14.0,232,8,62,4.88,4.88,5.0,5.0,4.88,5.0,4.5,9,0.75,1,12.0,11.0,1.3995905780846318,200.0
1,9.0,1,1,0,0,1,0,0,0,0,0,0,1.0,1.0,1.0,1.0,365.0,356,5,39,5.0,5.0,4.8,5.0,5.0,4.6,4.8,9,0.47,1,12.0,11.0,1.399950656757084,58.0
1,9.0,1,1,0,0,1,0,0,0,0,0,0,1.0,1.0,1.0,1.0,365.0,336,5,39,4.6,4.8,4.6,4.8,4.8,4.4,4.4,9,0.63,1,12.0,11.0,1.3995905780846318,59.0
1,9.0,1,1,0,0,1,0,0,0,0,0,0,1.0,1.0,1.0,1.0,365.0,327,12,94,4.83,4.83,4.67,4.92,4.75,4.75,4.67,9,1.37,1,12.0,11.0,1.3995905780846318,64.0
0,1.0,1,1,0,0,0,1,0,0,0,0,0,1.0,1.0,1.0,3.0,365.0,14,5,39,4.8,5.0,5.0,5.0,5.0,5.0,4.6,1,0.53,1,118.0,10.0,1.0279959103738223,479.33
1,4.0,1,1,0,1,0,1,0,0,0,0,0,1.0,1.0,1.0,1.0,7.0,189,2,16,5.0,5.0,5.0,5.0,5.0,5.0,5.0,4,0.23,1,11.0,9.0,0.9585286067334988,224.0
0,1.0,1,1,0,0,0,1,0,0,0,0,0,1.0,1.0,1.0,3.0,30.0,3,1,8,5.0,5.0,5.0,5.0,5.0,5.0,5.0,1,0.1,1,121.0,10.0,1.7567388954202598,317.67
0,14.0,1,1,0,0,0,0,1,0,0,0,0,1.0,2.0,2.0,2.0,365.0,88,15,117,4.0,4.07,4.0,4.47,4.2,4.53,3.8,14,1.9,1,16.0,16.0,2.0439082774785353,115.5
1,4.0,1,1,0,1,0,1,0,0,0,0,0,1.0,1.0,1.0,1.0,7.0,156,0,0,-1.0,-1.0,-1.0,-1.0,-1.0,-1.0,-1.0,4,0.0,0,11.0,9.0,0.9585286067334988,323.0
1,4.0,1,1,0,1,0,1,0,0,0,0,0,1.0,1.0,1.0,1.0,7.0,87,0,0,-1.0,-1.0,-1.0,-1.0,-1.0,-1.0,-1.0,4,0.0,0,11.0,9.0,0.9585286067334988,249.0
1,4.0,1,1,0,1,0,0,1,0,0,0,0,1.0,1.0,2.0,1.0,7.0,160,1,8,5.0,3.0,5.0,5.0,5.0,5.0,2.0,4,0.11,1,11.0,9.0,0.9585286067334988,338.0
0,1.0,1,1,0,0,0,0,0,0,1,0,0,1.0,2.0,2.0,3.0,365.0,13,1,8,5.0,5.0,5.0,5.0,5.0,5.0,5.0,1,0.1,1,169.0,117.0,5.484745197592992,251.33
1,1.0,1,1,0,0,0,0,0,1,0,0,0,1.0,2.0,2.0,1.0,365.0,288,58,255,4.86,4.81,4.91,4.81,4.62,4.91,4.78,1,5.39,1,10.0,10.0,1.648186571429671,417.0
0,1.0,1,1,0,0,0,0,0,0,0,1,0,2.5,3.0,6.0,4.0,25.0,142,0,0,-1.0,-1.0,-1.0,-1.0,-1.0,-1.0,-1.0,1,0.0,0,14.0,4.0,1.7074609918627508,756.25
0,1.0,1,1,0,0,0,1,0,0,0,0,0,1.0,1.0,1.0,5.0,21.0,30,1,10,5.0,5.0,5.0,5.0,5.0,4.0,4.0,1,0.11,1,148.0,10.0,5.488292863477249,228.4
1,1.0,0,1,0,0,0,0,0,1,0,0,0,1.5,1.0,3.0,2.0,365.0,255,27,211,4.96,4.96,4.96,4.93,4.89,4.93,4.81,1,2.6,1,33.0,10.0,0.6807033120926393,256.99
0,1.0,1,1,0,0,0,1,0,0,0,0,0,1.0,1.0,1.0,1.0,365.0,261,6,47,5.0,5.0,5.0,5.0,5.0,5.0,5.0,1,0.66,1,174.0,155.0,1.9672205094021638,343.0
0,1.0,1,1,0,0,0,1,0,0,0,0,0,1.0,1.0,1.0,2.0,365.0,363,7,55,4.57,4.86,4.14,4.86,4.71,4.57,4.29,1,0.76,1,12.0,10.0,6.908845745081223,213.97
0,2.0,1,1,0,0,0,1,0,0,0,0,0,1.5,1.0,2.0,3.0,365.0,5,1,8,5.0,5.0,5.0,5.0,5.0,5.0,5.0,2,0.36,1,102.0,49.0,3.417029389416203,268.33
0,1.0,1,1,0,0,0,1,0,0,0,0,0,1.5,1.0,1.0,1.0,365.0,342,4,31,5.0,5.0,4.75,5.0,5.0,5.0,4.75,1,0.46,1,110.0,9.0,1.288033004289207,343.0
0,1.0,1,1,0,0,0,1,0,0,0,0,0,1.0,1.0,1.0,2.0,14.0,354,0,0,-1.0,-1.0,-1.0,-1.0,-1.0,-1.0,-1.0,1,0.0,0,133.0,10.0,3.1427674088149367,248.5
0,1.0,1,1,0,0,0,1,0,0,0,0,0,1.0,1.0,1.0,3.0,30.0,161,3,23,5.0,5.0,5.0,5.0,5.0,5.0,5.0,1,0.3,1,70.0,10.0,0.8944351384873085,616.33
0,9.0,1,1,0,1,0,1,0,0,0,0,0,1.0,1.0,1.0,1.0,365.0,99,1,8,5.0,5.0,5.0,5.0,5.0,5.0,5.0,9,0.18,1,69.0,69.0,0.8940161981933847,370.0
0,9.0,1,1,0,1,0,1,0,0,0,0,0,1.0,1.0,1.0,1.0,365.0,116,0,0,-1.0,-1.0,-1.0,-1.0,-1.0,-1.0,-1.0,9,0.0,0,69.0,69.0,1.123059894553441,343.2
0,1.0,1,1,0,0,0,1,0,0,0,0,0,1.0,1.0,1.0,1.0,365.0,364,1,8,5.0,5.0,5.0,5.0,5.0,5.0,5.0,1,0.11,1,10.0,10.0,1.693686666492139,356.0
1,14.0,1,1,0,1,0,1,0,0,0,0,0,1.0,1.0,1.0,1.0,365.0,203,0,0,-1.0,-1.0,-1.0,-1.0,-1.0,-1.0,-1.0,14,0.0,0,22.0,22.0,0.5470429111190593,256.0
1,14.0,1,1,0,1,0,1,0,0,0,0,0,1.0,1.0,1.0,1.0,365.0,201,0,0,-1.0,-1.0,-1.0,-1.0,-1.0,-1.0,-1.0,14,0.0,0,22.0,22.0,0.5470429111190593,160.0
0,9.0,1,1,0,1,0,1,0,0,0,0,0,1.0,1.0,1.0,1.0,365.0,96,0,0,-1.0,-1.0,-1.0,-1.0,-1.0,-1.0,-1.0,9,0.0,0,69.0,69.0,0.8961115808012063,359.2
0,9.0,1,1,0,1,0,0,1,0,0,0,0,1.0,1.0,2.0,1.0,1125.0,115,0,0,-1.0,-1.0,-1.0,-1.0,-1.0,-1.0,-1.0,9,0.0,0,69.0,69.0,1.004080483530239,491.2
0,1.0,1,1,0,0,0,0,1,0,0,0,0,1.0,2.0,1.0,2.0,365.0,226,0,0,-1.0,-1.0,-1.0,-1.0,-1.0,-1.0,-1.0,1,0.0,0,135.0,48.0,3.7585348271882686,314.0
0,2.0,1,1,0,0,0,1,0,0,0,0,0,1.0,1.0,1.0,2.0,365.0,354,1,8,5.0,5.0,5.0,5.0,5.0,5.0,5.0,2,0.11,1,128.0,82.0,2.893414353870734,300.0
0,24.0,1,1,0,0,1,0,0,0,0,0,0,1.0,1.0,1.0,1.0,10.0,207,1,8,4.0,4.0,4.0,3.0,3.0,5.0,3.0,24,0.13,1,86.0,85.0,2.0511865250159653,52.0
0,24.0,1,1,0,0,1,0,0,0,0,0,0,1.0,1.0,1.0,1.0,28.0,208,2,16,4.0,4.5,4.5,4.5,5.0,4.0,4.0,24,0.74,1,86.0,85.0,2.0109106817925206,38.0
0,1.0,1,1,0,0,0,1,0,0,0,0,0,1.0,1.0,1.0,4.0,14.0,253,2,16,4.5,4.5,5.0,5.0,5.0,4.5,4.5,1,1.07,1,133.0,10.0,1.3599840600614015,439.5
0,1.0,1,1,0,0,0,1,0,0,0,0,0,1.0,1.0,1.0,2.0,30.0,115,4,31,4.75,5.0,4.75,5.0,5.0,4.75,4.5,1,0.4,1,111.0,10.0,1.5687137238726587,415.5
0,1.0,1,1,0,0,0,0,0,1,0,0,0,1.5,2.0,2.0,2.0,365.0,31,6,47,5.0,5.0,4.83,5.0,5.0,5.0,4.67,1,0.57,1,97.0,57.0,1.1116127066704928,499.5
0,1.0,1,1,0,0,0,1,0,0,0,0,0,1.0,1.0,1.0,2.0,14.0,113,6,47,5.0,5.0,4.67,5.0,5.0,4.83,5.0,1,0.61,1,122.0,10.0,2.532402551543082,214.6
0,1.0,1,1,0,0,0,0,0,0,0,1,0,1.0,3.0,5.0,5.0,400.0,127,1,10,5.0,5.0,5.0,5.0,5.0,5.0,5.0,1,0.45,1,53.0,9.0,2.4981675271506023,445.06
0,1.0,1,1,0,0,0,1,0,0,0,0,0,1.0,1.0,1.0,5.0,18.0,83,5,50,4.8,5.0,4.4,5.0,5.0,4.8,4.6,1,0.51,1,103.0,10.0,3.091597372147345,279.67
0,2.0,1,1,0,0,0,0,0,1,0,0,0,1.0,2.0,2.0,1.0,25.0,92,2,16,5.0,5.0,4.5,5.0,5.0,4.0,5.0,2,0.19,1,100.0,100.0,4.10408148613123,366.0
1,1.0,1,1,0,1,0,1,0,0,0,0,0,1.0,1.0,3.0,1.0,365.0,124,47,255,5.0,5.0,5.0,5.0,5.0,4.91,4.89,1,4.88,1,10.0,10.0,1.7794997835148656,225.5
1,1.0,1,1,0,1,0,1,0,0,0,0,0,1.5,1.0,1.0,3.0,31.0,29,20,156,5.0,5.0,4.9,5.0,5.0,4.8,4.9,1,2.02,1,37.0,10.0,6.015666797172692,102.67
0,1.0,1,1,0,0,0,0,1,0,0,0,0,1.5,2.0,2.0,3.0,12.0,14,2,16,4.5,4.5,4.5,4.5,4.5,4.5,4.5,1,0.36,1,126.0,6.0,3.648608211224488,215.19
0,1.0,1,1,0,0,0,1,0,0,0,0,0,1.0,1.0,1.0,2.0,14.0,20,12,94,4.92,4.92,4.58,5.0,4.92,5.0,4.83,1,1.3,1,122.0,10.0,1.0591787199869966,241.0
0,1.0,1,1,0,0,0,0,0,1,0,0,0,1.0,2.0,2.0,2.0,5.0,200,7,55,5.0,5.0,5.0,5.0,5.0,4.86,4.86,1,0.76,1,129.0,95.0,3.8447466433480586,320.0
1,1.0,1,1,0,0,0,0,0,1,0,0,0,1.0,2.0,2.0,2.0,365.0,270,31,242,4.77,4.74,4.74,5.0,4.97,4.81,4.39,1,3.16,1,95.0,10.0,2.9474368135936344,314.0
0,1.0,1,1,0,0,0,1,0,0,0,0,0,1.0,1.0,1.0,3.0,30.0,265,10,78,5.0,5.0,4.9,5.0,5.0,4.9,4.8,1,1.09,1,124.0,9.0,1.6743091886926413,298.0
0,1.0,1,1,0,0,0,1,0,0,0,0,0,1.0,1.0,1.0,2.0,28.0,145,4,31,5.0,5.0,5.0,5.0,5.0,5.0,5.0,1,0.43,1,130.0,10.0,1.8624719218040309,377.0
0,1.0,1,1,0,0,0,0,0,1,0,0,0,1.0,2.0,3.0,2.0,7.0,8,8,62,5.0,5.0,5.0,4.88,5.0,5.0,5.0,1,1.37,1,103.0,7.0,3.0245350829790705,330.0
0,1.0,1,1,0,0,0,0,0,1,0,0,0,1.0,2.0,2.0,2.0,30.0,359,1,8,5.0,5.0,5.0,5.0,5.0,5.0,5.0,1,0.11,1,33.0,10.0,2.183872222941018,485.0
0,9.0,1,1,0,1,0,1,0,0,0,0,0,1.0,1.0,1.0,1.0,365.0,115,0,0,-1.0,-1.0,-1.0,-1.0,-1.0,-1.0,-1.0,9,0.0,0,69.0,69.0,1.1071596710559088,359.2
0,1.0,1,1,0,0,0,0,0,1,0,0,0,1.5,2.0,2.0,3.0,21.0,146,7,55,5.0,5.0,5.0,5.0,5.0,4.57,4.71,1,0.68,1,80.0,10.0,2.613180990963904,408.6
0,1.0,1,1,0,0,0,0,0,1,0,0,0,1.0,3.0,3.0,4.0,14.0,129,1,8,5.0,5.0,5.0,5.0,5.0,5.0,5.0,1,0.1,1,144.0,139.0,1.7423460381302347,371.0
0,9.0,1,1,0,1,0,1,0,0,0,0,0,1.0,1.0,1.0,1.0,365.0,123,0,0,-1.0,-1.0,-1.0,-1.0,-1.0,-1.0,-1.0,9,0.0,0,69.0,69.0,1.1208000296978238,464.8
0,9.0,1,1,0,1,0,1,0,0,0,0,0,1.0,1.0,1.0,1.0,365.0,108,0,0,-1.0,-1.0,-1.0,-1.0,-1.0,-1.0,-1.0,9,0.0,0,69.0,69.0,0.8865771034095268,290.4
1,14.0,1,1,0,1,0,1,0,0,0,0,0,1.0,1.0,1.0,1.0,365.0,200,7,55,4.71,5.0,5.0,4.86,4.86,4.71,4.71,14,0.86,1,22.0,22.0,0.5644963511797118,154.8
0,1.0,1,1,0,1,0,1,0,0,0,0,0,1.0,1.0,1.0,2.0,1125.0,244,35,255,4.66,4.66,4.77,4.91,4.89,4.91,4.31,1,3.38,1,107.0,76.0,0.4574238808570788,224.0
0,3.0,1,1,0,0,0,1,0,0,0,0,0,1.0,1.0,1.0,1.0,1000.0,233,6,47,3.17,4.0,4.17,3.0,3.83,4.17,3.17,2,0.57,1,16.0,16.0,0.5719084247484749,198.0
0,4.0,1,1,0,0,0,0,0,1,0,0,0,1.0,2.0,2.0,1.0,365.0,282,22,172,4.68,4.73,4.73,4.82,4.59,4.77,4.73,3,2.32,1,95.0,32.0,1.7066641338504807,548.0
0,1.0,1,1,0,0,0,1,0,0,0,0,0,1.0,1.0,1.0,1.0,730.0,337,15,117,4.87,4.67,5.0,5.0,5.0,4.93,4.67,1,3.57,1,131.0,131.0,1.7128345177305189,342.5
0,1.0,1,1,0,0,0,1,0,0,0,0,0,1.0,1.0,1.0,2.0,12.0,57,1,8,5.0,5.0,5.0,5.0,5.0,5.0,5.0,1,0.13,1,10.0,10.0,1.3470176615871903,249.0
0,1.0,1,1,0,0,0,1,0,0,0,0,0,1.0,1.0,1.0,3.0,30.0,111,4,31,5.0,5.0,5.0,5.0,5.0,5.0,5.0,1,0.39,1,123.0,10.0,2.6528391004024248,276.75
0,10.0,1,1,0,0,0,1,0,0,0,0,0,1.0,1.0,1.0,3.0,25.0,167,4,31,4.75,4.5,4.5,5.0,5.0,4.75,4.0,2,0.48,1,152.0,125.0,2.487767592029564,297.0
0,1.0,1,1,0,0,0,0,0,0,1,0,0,1.0,2.0,2.0,1.0,365.0,321,41,255,4.83,4.88,4.9,4.95,4.76,4.88,4.8,1,4.09,1,10.0,10.0,2.3750444956261614,494.0
0,1.0,1,1,0,0,0,1,0,0,0,0,0,1.0,1.0,1.0,7.0,365.0,169,3,42,4.33,4.33,3.67,4.33,5.0,5.0,4.0,1,0.35,1,10.0,9.0,1.0885313669904713,348.47
0,1.0,1,1,0,0,0,1,0,0,0,0,0,1.0,1.0,2.0,1.0,365.0,77,5,39,4.6,4.8,4.4,5.0,4.6,5.0,4.8,1,0.48,1,120.0,10.0,2.3548340423230836,267.33
1,14.0,1,1,0,1,0,1,0,0,0,0,0,1.0,1.0,1.0,1.0,365.0,199,0,0,-1.0,-1.0,-1.0,-1.0,-1.0,-1.0,-1.0,14,0.0,0,22.0,22.0,0.5470429111190593,216.0
1,14.0,1,1,0,1,0,1,0,0,0,0,0,1.0,1.0,2.0,1.0,365.0,183,1,8,5.0,5.0,5.0,5.0,5.0,5.0,5.0,14,0.13,1,22.0,22.0,0.5470429111190593,160.0
1,14.0,1,1,0,1,0,1,0,0,0,0,0,1.0,1.0,2.0,1.0,365.0,188,0,0,-1.0,-1.0,-1.0,-1.0,-1.0,-1.0,-1.0,14,0.0,0,22.0,22.0,0.47356963207491776,292.0
0,1.0,1,1,0,0,0,1,0,0,0,0,0,1.0,1.0,1.0,4.0,365.0,20,5,40,5.0,5.0,4.8,4.6,4.8,4.8,5.0,1,0.56,1,134.0,10.0,3.683008415973709,219.2
0,1.0,1,1,0,0,0,1,0,0,0,0,0,1.0,1.0,1.0,2.0,365.0,14,0,0,-1.0,-1.0,-1.0,-1.0,-1.0,-1.0,-1.0,1,0.0,0,120.0,3.0,2.46104887727056,342.67
1,14.0,1,1,0,1,0,1,0,0,0,0,0,1.0,1.0,2.0,1.0,365.0,193,0,0,-1.0,-1.0,-1.0,-1.0,-1.0,-1.0,-1.0,14,0.0,0,22.0,22.0,0.5470429111190593,312.0
0,1.0,1,1,0,0,0,1,0,0,0,0,0,1.5,1.0,1.0,2.0,365.0,16,4,31,5.0,5.0,4.75,5.0,5.0,5.0,4.25,1,0.41,1,115.0,10.0,1.1043805804626503,286.5
0,1.0,1,1,0,0,0,1,0,0,0,0,0,1.0,1.0,1.0,1.0,250.0,302,10,78,5.0,5.0,5.0,5.0,5.0,5.0,5.0,1,1.09,1,10.0,10.0,1.0600965578044907,342.67
0,1.0,1,1,0,0,0,1,0,0,0,0,0,1.0,1.0,1.0,3.0,30.0,22,1,8,5.0,5.0,5.0,5.0,5.0,5.0,5.0,1,0.18,1,118.0,6.0,1.245365485658573,395.67
0,1.0,1,1,0,0,0,1,0,0,0,0,0,1.0,1.0,1.0,2.0,30.0,166,10,78,5.0,5.0,5.0,5.0,5.0,5.0,5.0,1,1.09,1,116.0,10.0,2.2133510051362797,494.0
0,1.0,1,1,0,0,0,1,0,0,0,0,0,1.0,1.0,1.0,2.0,14.0,12,9,70,5.0,5.0,4.89,5.0,5.0,4.89,4.78,1,0.98,1,126.0,72.0,2.8629482287482917,308.5
1,14.0,1,1,0,1,0,1,0,0,0,0,0,1.0,1.0,2.0,1.0,365.0,180,1,8,5.0,5.0,4.0,5.0,5.0,5.0,4.0,14,1.0,1,22.0,22.0,0.5470429111190593,180.0
1,14.0,1,1,0,1,0,1,0,0,0,0,0,1.0,1.0,2.0,1.0,365.0,196,0,0,-1.0,-1.0,-1.0,-1.0,-1.0,-1.0,-1.0,14,0.0,0,22.0,22.0,0.5470429111190593,336.0
1,14.0,1,1,0,1,0,1,0,0,0,0,0,1.0,1.0,2.0,1.0,365.0,202,0,0,-1.0,-1.0,-1.0,-1.0,-1.0,-1.0,-1.0,14,0.0,0,22.0,22.0,0.5897551154918567,276.0
1,14.0,1,1,0,1,0,0,0,0,0,0,0,1.0,1.0,1.0,1.0,365.0,131,0,0,-1.0,-1.0,-1.0,-1.0,-1.0,-1.0,-1.0,14,0.0,0,22.0,22.0,0.5470429111190593,136.0
0,1.0,1,1,0,0,0,1,0,0,0,0,0,1.0,1.0,1.0,6.0,30.0,68,1,12,5.0,5.0,5.0,5.0,5.0,5.0,5.0,1,1.0,1,108.0,10.0,2.1352557567765107,342.5
0,1.0,1,1,0,0,0,0,0,1,0,0,0,1.0,2.0,2.0,1.0,365.0,347,0,0,-1.0,-1.0,-1.0,-1.0,-1.0,-1.0,-1.0,1,0.0,0,153.0,152.0,3.2217508720950154,684.0
0,2.0,1,1,0,0,0,0,0,1,0,0,0,1.0,2.0,4.0,2.0,30.0,363,2,16,5.0,5.0,5.0,5.0,5.0,5.0,5.0,2,0.22,1,10.0,10.0,0.9375356924765025,685.0
0,1.0,1,1,0,0,0,1,0,0,0,0,0,1.0,1.0,1.0,2.0,365.0,141,5,39,5.0,5.0,5.0,5.0,5.0,4.8,4.8,1,0.55,1,100.0,67.0,1.547671610092897,285.5
0,10.0,1,1,0,1,0,0,0,0,0,0,0,1.0,1.0,1.0,1.0,7.0,120,0,0,-1.0,-1.0,-1.0,-1.0,-1.0,-1.0,-1.0,9,0.0,0,10.0,8.0,0.45847310048209144,209.0
0,1.0,1,1,0,0,0,0,0,1,0,0,0,1.0,3.0,2.0,7.0,1125.0,34,0,0,-1.0,-1.0,-1.0,-1.0,-1.0,-1.0,-1.0,1,0.0,0,143.0,143.0,3.784712003517546,285.62
0,1.0,1,1,0,0,0,0,0,1,0,0,0,1.0,1.0,2.0,3.0,21.0,197,6,47,4.83,4.83,4.67,5.0,5.0,5.0,4.5,1,0.82,1,132.0,114.0,1.2151328729533304,395.67
0,1.0,1,1,0,0,0,1,0,0,0,0,0,1.0,1.0,1.0,2.0,365.0,352,0,0,-1.0,-1.0,-1.0,-1.0,-1.0,-1.0,-1.0,1,0.0,0,118.0,10.0,3.1566928091797775,228.24
1,2.0,1,1,0,0,0,1,0,0,0,0,0,1.0,1.0,2.0,2.0,1125.0,70,11,86,4.73,4.91,5.0,5.0,5.0,4.91,4.82,2,1.11,1,164.0,155.0,0.8389810654306193,326.5
0,1.0,1,1,0,0,0,0,1,0,0,0,0,1.0,2.0,2.0,4.0,14.0,50,3,24,4.67,4.67,5.0,4.67,5.0,4.67,4.33,1,0.36,1,159.0,10.0,1.9116625890730827,330.0
0,2.0,1,1,0,1,0,0,0,1,0,0,0,1.0,2.0,2.0,3.0,365.0,365,0,0,-1.0,-1.0,-1.0,-1.0,-1.0,-1.0,-1.0,2,0.0,0,10.0,10.0,0.8712938893870817,551.67
0,3.0,1,1,0,0,0,1,0,0,0,0,0,1.0,1.0,1.0,2.0,15.0,8,15,117,4.67,4.4,4.87,4.8,4.87,4.73,4.07,2,1.56,1,137.0,135.0,2.3929871328506116,255.5
1,1.0,1,1,0,0,0,0,1,0,0,0,0,1.0,1.0,2.0,2.0,5.0,9,8,62,4.75,5.0,4.63,5.0,4.75,4.5,4.38,1,0.83,1,136.0,136.0,2.4455706746455186,239.67
0,1.0,1,1,0,0,0,1,0,0,0,0,0,1.0,1.0,1.0,2.0,365.0,36,2,16,5.0,5.0,4.5,5.0,5.0,5.0,5.0,1,0.2,1,129.0,10.0,1.8510945887897072,251.5
0,1.0,1,1,0,0,0,1,0,0,0,0,0,1.5,1.0,1.0,3.0,365.0,41,3,23,5.0,5.0,5.0,5.0,5.0,5.0,5.0,1,0.33,1,115.0,9.0,2.439755865910968,365.33
0,2.0,1,1,0,1,0,1,0,0,0,0,0,1.0,1.0,2.0,1.0,365.0,361,7,55,5.0,4.86,4.86,5.0,5.0,4.86,4.71,2,0.76,1,56.0,9.0,1.9675081046800347,234.0
0,1.0,1,1,0,0,0,1,0,0,0,0,0,1.0,1.0,1.0,3.0,14.0,18,2,16,5.0,5.0,5.0,5.0,5.0,5.0,5.0,1,0.23,1,80.0,10.0,2.5481951788801154,246.6
0,1.0,1,1,0,0,0,1,0,0,0,0,0,1.0,1.0,1.0,3.0,16.0,35,5,39,5.0,5.0,5.0,5.0,5.0,4.8,4.8,1,0.51,1,119.0,119.0,2.4304614767008834,224.67
0,1.0,1,1,0,0,0,1,0,0,0,0,0,1.0,1.0,1.0,2.0,30.0,123,4,31,5.0,4.75,4.25,5.0,5.0,5.0,4.75,1,0.43,1,104.0,10.0,2.544246311337281,280.0
0,1.0,1,1,0,0,0,1,0,0,0,0,0,1.0,1.0,1.0,3.0,365.0,29,10,78,5.0,5.0,5.0,5.0,5.0,5.0,4.9,1,1.12,1,131.0,10.0,0.41996233358910806,371.0
0,1.0,1,1,0,0,0,0,0,1,0,0,0,1.0,3.0,3.0,7.0,21.0,233,0,0,-1.0,-1.0,-1.0,-1.0,-1.0,-1.0,-1.0,1,0.0,0,88.0,88.0,7.074223848595142,184.57
0,1.0,1,1,0,0,0,1,0,0,0,0,0,1.0,1.0,1.0,3.0,9.0,17,3,23,5.0,5.0,5.0,5.0,5.0,5.0,5.0,1,0.37,1,110.0,9.0,1.9242348503253066,266.33
0,1.0,1,1,0,0,0,1,0,0,0,0,0,1.0,1.0,1.0,2.0,30.0,144,7,55,4.71,4.71,4.43,5.0,5.0,4.57,4.29,1,0.85,1,122.0,10.0,4.125105665780526,194.0
0,1.0,1,1,0,0,0,1,0,0,0,0,0,1.5,1.0,1.0,4.0,365.0,364,7,56,5.0,5.0,5.0,5.0,5.0,4.86,5.0,1,1.27,1,40.0,6.0,2.73346733464993,348.25
0,1.0,1,1,0,0,0,1,0,0,0,0,0,1.0,1.0,1.0,2.0,3.0,200,2,16,5.0,5.0,5.0,5.0,5.0,5.0,5.0,1,0.24,1,9.0,9.0,1.3998533338338794,359.5
0,1.0,1,1,0,0,0,1,0,0,0,0,0,1.0,1.0,1.0,2.0,30.0,4,5,39,5.0,4.8,5.0,4.8,5.0,5.0,4.8,1,0.55,1,127.0,9.0,2.04729496653228,312.11
0,2.0,1,1,0,1,0,1,0,0,0,0,0,1.0,1.0,1.0,1.0,30.0,362,2,16,5.0,5.0,5.0,5.0,5.0,5.0,5.0,2,1.03,1,104.0,26.0,5.655537266338206,189.0
0,1.0,1,1,0,0,0,1,0,0,0,0,0,1.0,1.0,1.0,1.0,120.0,30,2,16,5.0,5.0,5.0,5.0,5.0,5.0,5.0,1,0.21,1,87.0,27.0,1.895955309020894,325.0
0,1.0,1,1,0,0,0,1,0,0,0,0,0,1.5,1.0,1.0,2.0,31.0,275,8,62,5.0,5.0,5.0,5.0,5.0,4.88,5.0,1,0.87,1,80.0,9.0,2.279350434949662,476.5
0,1.0,1,1,0,0,0,1,0,0,0,0,0,1.0,1.0,1.0,1.0,365.0,16,3,23,5.0,4.67,5.0,4.67,4.67,4.33,4.0,1,0.4,1,125.0,9.0,1.699054731960083,297.0
1,1.0,1,1,0,1,0,1,0,0,0,0,0,1.0,1.0,1.0,2.0,365.0,31,54,255,4.96,4.96,4.93,4.96,5.0,4.94,4.89,1,5.61,1,142.0,142.0,2.244028727858749,142.67
0,1.0,1,1,0,0,0,1,0,0,0,0,0,1.0,1.0,1.0,2.0,365.0,17,3,23,5.0,5.0,5.0,5.0,5.0,5.0,5.0,1,0.96,1,115.0,8.0,2.8492250648420856,342.67
0,10.0,1,1,0,1,0,0,1,0,0,0,0,1.0,1.0,2.0,1.0,7.0,182,0,0,-1.0,-1.0,-1.0,-1.0,-1.0,-1.0,-1.0,9,0.0,0,10.0,8.0,0.45847310048209144,313.0
0,10.0,1,1,0,1,0,1,0,0,0,0,0,1.0,1.0,1.0,1.0,7.0,188,0,0,-1.0,-1.0,-1.0,-1.0,-1.0,-1.0,-1.0,9,0.0,0,10.0,8.0,0.3743421127698332,309.0
0,10.0,1,1,0,1,0,1,0,0,0,0,0,1.0,1.0,1.0,1.0,7.0,158,0,0,-1.0,-1.0,-1.0,-1.0,-1.0,-1.0,-1.0,9,0.0,0,10.0,8.0,0.45847310048209144,297.0
0,10.0,1,1,0,1,0,0,0,1,0,0,0,1.0,1.0,3.0,1.0,7.0,137,0,0,-1.0,-1.0,-1.0,-1.0,-1.0,-1.0,-1.0,9,0.0,0,10.0,8.0,0.45847310048209144,561.0
0,10.0,1,1,0,1,0,0,1,0,0,0,0,1.0,1.0,2.0,1.0,7.0,152,0,0,-1.0,-1.0,-1.0,-1.0,-1.0,-1.0,-1.0,9,0.0,0,10.0,8.0,0.45810417144018123,310.0
0,10.0,1,1,0,1,0,1,0,0,0,0,0,1.0,1.0,1.0,1.0,7.0,196,1,8,5.0,5.0,5.0,5.0,5.0,5.0,5.0,9,1.0,1,10.0,8.0,0.45847310048209144,214.0
0,10.0,1,1,0,1,0,0,0,1,0,0,0,1.0,1.0,2.0,1.0,7.0,137,0,0,-1.0,-1.0,-1.0,-1.0,-1.0,-1.0,-1.0,9,0.0,0,10.0,8.0,0.45847310048209144,506.0
0,10.0,1,1,0,1,0,1,0,0,0,0,0,1.0,1.0,1.0,1.0,7.0,164,0,0,-1.0,-1.0,-1.0,-1.0,-1.0,-1.0,-1.0,9,0.0,0,10.0,8.0,0.45847310048209144,261.0
0,1.0,1,1,0,0,0,0,0,1,0,0,0,1.5,2.0,2.0,2.0,30.0,8,3,23,4.67,4.67,5.0,4.67,4.67,4.67,4.0,1,0.34,1,133.0,9.0,3.271622446515242,376.5
0,1.0,1,1,0,0,0,1,0,0,0,0,0,1.5,1.0,1.0,3.0,6.0,365,3,23,5.0,5.0,4.67,5.0,5.0,5.0,4.67,1,0.36,1,67.0,9.0,3.4924390196371506,344.75
0,1.0,1,1,0,0,0,0,0,1,0,0,0,1.5,2.0,2.0,3.0,7.0,205,5,39,4.6,4.6,4.4,5.0,5.0,5.0,4.6,1,0.57,1,46.0,9.0,1.8975201495440606,247.33
0,1.0,1,1,0,0,0,1,0,0,0,0,0,1.5,1.0,1.0,1.0,365.0,199,2,16,5.0,5.0,5.0,5.0,5.0,5.0,4.5,1,0.24,1,119.0,93.0,2.1451882575973253,282.0
0,2.0,1,1,0,0,0,0,0,1,0,0,0,1.0,2.0,2.0,1.0,1125.0,179,0,0,-1.0,-1.0,-1.0,-1.0,-1.0,-1.0,-1.0,2,0.0,0,56.0,9.0,1.9613688719238402,719.0
0,1.0,1,1,0,0,0,1,0,0,0,0,0,1.0,1.0,1.0,5.0,365.0,9,4,40,5.0,5.0,5.0,5.0,4.75,5.0,4.75,1,0.45,1,158.0,9.0,2.4646529944510167,237.4
0,1.0,1,1,0,0,0,0,0,1,0,0,0,1.0,1.0,2.0,2.0,365.0,349,2,16,5.0,5.0,5.0,5.0,5.0,5.0,4.5,1,0.91,1,123.0,9.0,0.8987389295803104,494.0
0,1.0,1,1,0,0,0,0,1,0,0,0,0,2.0,2.0,2.0,5.0,30.0,294,1,10,5.0,4.0,4.0,5.0,5.0,5.0,4.0,1,0.18,1,141.0,9.0,2.902897130267764,361.71
0,1.0,1,1,0,0,0,1,0,0,0,0,0,1.0,1.0,1.0,3.0,20.0,23,3,23,5.0,5.0,5.0,5.0,5.0,4.67,4.33,1,1.25,1,55.0,6.0,1.963375406421464,303.67
0,2.0,1,1,0,0,0,0,0,1,0,0,0,2.0,2.0,2.0,2.0,30.0,265,5,39,4.2,4.4,4.2,4.6,5.0,4.6,4.2,2,0.54,1,165.0,138.0,5.3826116486246365,399.5
0,1.0,1,1,0,0,0,1,0,0,0,0,0,1.0,1.0,1.0,2.0,15.0,170,1,8,5.0,5.0,5.0,5.0,5.0,5.0,5.0,1,0.11,1,136.0,9.0,2.6059464717068024,194.0
0,1.0,1,1,0,0,0,0,0,1,0,0,0,1.0,2.0,2.0,3.0,365.0,362,2,16,5.0,5.0,5.0,5.0,5.0,5.0,5.0,1,0.23,1,130.0,47.0,2.44174959547785,780.0
0,1.0,1,1,0,0,0,1,0,0,0,0,0,1.0,1.0,1.0,3.0,365.0,181,1,8,5.0,5.0,5.0,5.0,5.0,5.0,5.0,1,0.12,1,56.0,9.0,1.4348724158147164,314.67
0,1.0,1,1,0,0,0,0,0,1,0,0,0,1.0,2.0,3.0,2.0,1125.0,13,5,39,4.6,4.6,4.8,5.0,5.0,5.0,4.2,1,0.76,1,9.0,9.0,2.646862558056879,425.0
0,1.0,1,1,0,0,0,1,0,0,0,0,0,1.0,1.0,1.0,2.0,32.0,355,2,16,5.0,5.0,5.0,5.0,5.0,5.0,5.0,1,0.36,1,84.0,9.0,2.0988578313123556,331.0
0,4.0,1,1,0,0,0,1,0,0,0,0,0,1.0,1.0,1.0,1.0,90.0,208,37,255,4.73,4.76,4.86,4.89,4.76,4.81,4.49,1,3.92,1,114.0,111.0,1.6569179487359649,250.85
0,4.0,1,1,0,0,0,1,0,0,0,0,0,1.5,1.0,1.0,1.0,90.0,220,50,255,4.86,4.96,4.86,4.78,4.8,4.9,4.72,1,5.36,1,120.0,120.0,1.6569179487359649,315.45
0,1.0,1,1,0,0,0,1,0,0,0,0,0,1.0,1.0,1.0,5.0,365.0,238,2,20,5.0,5.0,5.0,5.0,5.0,5.0,5.0,1,0.24,1,118.0,9.0,1.6557427151364783,282.0
0,1.0,1,1,0,0,0,1,0,0,0,0,0,1.0,1.0,1.0,1.0,35.0,286,2,16,5.0,5.0,4.5,5.0,5.0,5.0,4.5,1,0.22,1,152.0,22.0,2.774394574306173,274.0
0,1.0,1,1,0,0,0,1,0,0,0,0,0,1.0,1.0,1.0,2.0,14.0,23,5,39,5.0,5.0,5.0,5.0,5.0,5.0,5.0,1,0.55,1,48.0,9.0,3.4067061282031896,191.5
0,1.0,1,1,0,0,0,0,1,0,0,0,0,1.0,1.0,2.0,5.0,365.0,342,2,20,5.0,5.0,5.0,5.0,5.0,5.0,5.0,1,0.37,1,133.0,6.0,0.975969366521307,334.0
0,1.0,1,1,0,0,0,1,0,0,0,0,0,1.0,1.0,1.0,3.0,30.0,48,1,8,5.0,5.0,5.0,5.0,5.0,5.0,5.0,1,0.13,1,137.0,8.0,2.0271440727334733,305.33
0,3.0,1,1,0,1,0,1,0,0,0,0,0,1.0,1.0,1.0,1.0,365.0,194,0,0,-1.0,-1.0,-1.0,-1.0,-1.0,-1.0,-1.0,2,0.0,0,18.0,18.0,0.7484255882135344,223.0
1,37.0,1,1,0,1,0,1,0,0,0,0,0,1.0,1.0,1.0,1.0,30.0,214,5,39,4.4,4.4,4.6,5.0,5.0,5.0,4.2,5,0.53,1,133.0,70.0,1.1778676304940188,173.0
1,37.0,1,1,0,1,0,1,0,0,0,0,0,1.0,1.0,1.0,1.0,365.0,200,2,16,4.5,5.0,4.5,3.0,5.0,4.5,5.0,5,0.23,1,133.0,70.0,1.0284527373476868,198.0
1,37.0,1,1,0,1,0,1,0,0,0,0,0,1.0,1.0,1.0,1.0,365.0,208,3,23,5.0,4.67,4.67,5.0,5.0,5.0,4.33,5,0.35,1,133.0,70.0,1.1596142309602155,186.0
0,1.0,1,1,0,0,0,1,0,0,0,0,0,1.0,1.0,1.0,2.0,4.0,346,4,31,5.0,5.0,4.75,5.0,5.0,5.0,4.5,1,0.46,1,99.0,9.0,1.929950602162884,297.0
1,37.0,1,1,0,1,0,1,0,0,0,0,0,1.0,1.0,1.0,1.0,365.0,218,18,140,4.67,4.83,4.89,4.83,4.83,4.83,4.56,5,1.99,1,133.0,70.0,1.0806148573182597,181.0
1,2.0,1,1,0,0,0,1,0,0,0,0,0,1.0,1.0,1.0,2.0,13.0,68,1,8,5.0,5.0,5.0,5.0,5.0,5.0,4.0,2,0.58,1,85.0,12.0,1.431197436381702,456.47
0,1.0,1,1,0,0,0,0,0,1,0,0,0,1.0,2.0,2.0,3.0,365.0,20,4,31,4.75,4.5,4.5,5.0,5.0,5.0,4.75,1,0.47,1,119.0,9.0,2.4310798259708335,371.0
1,2.0,1,1,0,0,0,1,0,0,0,0,0,1.0,1.0,1.0,1.0,365.0,297,51,255,4.9,4.84,4.88,4.92,4.86,4.75,4.82,2,6.0,1,93.0,57.0,4.190266199901323,131.0
0,1.0,1,1,0,0,0,1,0,0,0,0,0,1.0,1.0,1.0,1.0,5.0,354,2,16,5.0,5.0,5.0,5.0,5.0,4.5,5.0,1,1.2,1,53.0,9.0,1.3883244887353046,423.0
1,48.0,1,1,0,0,0,0,0,1,0,0,0,2.0,2.0,1.0,5.0,90.0,43,0,0,-1.0,-1.0,-1.0,-1.0,-1.0,-1.0,-1.0,14,0.0,0,95.0,95.0,1.7694287256856078,658.76
0,3.0,1,1,0,1,0,1,0,0,0,0,0,1.0,1.0,1.0,3.0,365.0,364,0,0,-1.0,-1.0,-1.0,-1.0,-1.0,-1.0,-1.0,3,0.0,0,25.0,18.0,6.36467451384533,121.0
1,1.0,1,1,0,0,0,0,0,1,0,0,0,1.0,1.0,2.0,2.0,365.0,8,13,101,4.85,5.0,5.0,5.0,5.0,4.54,4.92,1,1.42,1,115.0,9.0,3.953878961859854,227.5
0,1.0,1,1,0,0,0,0,0,1,0,0,0,1.0,2.0,2.0,1.0,365.0,289,0,0,-1.0,-1.0,-1.0,-1.0,-1.0,-1.0,-1.0,1,0.0,0,119.0,77.0,2.5223553752896777,267.77
0,2.0,1,1,0,0,0,0,0,1,0,0,0,1.0,2.0,2.0,1.0,1125.0,29,29,226,4.86,4.83,4.83,4.93,4.69,5.0,4.62,1,3.21,1,57.0,57.0,0.5931661405187286,430.0
0,1.0,1,1,0,0,0,0,0,1,0,0,0,1.0,1.0,1.0,1.0,999.0,255,10,78,4.7,4.8,5.0,4.7,4.3,4.9,4.4,1,1.22,1,9.0,8.0,2.6519550444603945,342.57
1,6.0,1,1,0,0,0,1,0,0,0,0,0,1.0,1.0,1.0,3.0,365.0,220,4,31,4.75,4.75,5.0,5.0,5.0,4.5,4.0,4,0.47,1,180.0,86.0,3.157546323104201,181.0
0,1.0,1,1,0,0,0,1,0,0,0,0,0,1.0,1.0,1.0,1.0,365.0,133,6,47,5.0,5.0,4.83,5.0,5.0,4.83,5.0,1,0.79,1,133.0,9.0,2.8555017882597746,257.0
0,1.0,0,1,0,0,0,0,0,1,0,0,0,2.0,3.0,3.0,7.0,30.0,29,0,0,-1.0,-1.0,-1.0,-1.0,-1.0,-1.0,-1.0,1,0.0,0,9.0,9.0,3.036424168582409,529.86
0,2.0,1,1,0,0,0,1,0,0,0,0,0,1.0,1.0,1.0,1.0,60.0,26,1,8,5.0,5.0,5.0,5.0,5.0,5.0,5.0,1,1.0,1,123.0,64.0,2.380837000700851,137.0
0,1.0,1,1,0,0,0,1,0,0,0,0,0,1.0,1.0,1.0,4.0,7.0,258,0,0,-1.0,-1.0,-1.0,-1.0,-1.0,-1.0,-1.0,1,0.0,0,124.0,9.0,2.1369429702108618,329.75
0,3.0,1,1,0,1,0,1,0,0,0,0,0,2.0,1.0,1.0,1.0,365.0,364,0,0,-1.0,-1.0,-1.0,-1.0,-1.0,-1.0,-1.0,3,0.0,0,25.0,18.0,6.326412678204503,109.0
0,1.0,1,1,0,0,0,0,0,1,0,0,0,1.0,1.0,1.0,2.0,30.0,75,15,117,4.73,4.8,4.73,4.87,4.87,4.53,4.53,1,1.92,1,91.0,8.0,1.905883254132247,274.0
0,1.0,1,1,0,0,0,0,0,1,0,0,0,1.0,2.0,2.0,2.0,365.0,345,2,16,5.0,5.0,5.0,5.0,5.0,5.0,5.0,1,0.83,1,140.0,137.0,1.3190642513861333,730.5
0,1.0,1,1,0,0,0,0,0,1,0,0,0,1.0,2.0,2.0,2.0,30.0,167,9,70,4.89,4.89,4.78,5.0,5.0,4.78,4.78,1,1.09,1,37.0,8.0,3.333817003189947,354.0
0,1.0,1,1,0,0,0,0,0,1,0,0,0,1.5,2.0,2.0,3.0,30.0,12,1,8,5.0,5.0,5.0,5.0,5.0,5.0,5.0,1,0.56,1,124.0,60.0,2.6029786071149936,475.67
0,1.0,1,1,0,0,0,0,0,1,0,0,0,1.0,2.0,2.0,1.0,30.0,10,7,55,4.86,5.0,4.71,4.71,5.0,4.57,4.86,1,0.96,1,152.0,8.0,2.5471299280492166,428.0
0,1.0,1,1,0,0,0,1,0,0,0,0,0,1.5,1.0,1.0,2.0,365.0,76,0,0,-1.0,-1.0,-1.0,-1.0,-1.0,-1.0,-1.0,1,0.0,0,147.0,8.0,3.3918456282629714,205.64
0,1.0,1,1,0,0,0,1,0,0,0,0,0,1.0,1.0,1.0,2.0,3.0,112,13,101,5.0,5.0,5.0,5.0,5.0,5.0,4.77,1,1.53,1,177.0,165.0,2.4826390643874645,330.0
0,15.0,1,1,0,1,0,0,0,1,0,0,0,1.5,1.0,1.0,1.0,1125.0,258,5,39,4.8,4.8,4.8,4.8,5.0,5.0,4.8,2,1.0,1,150.0,149.0,0.9346477393416177,218.0
0,1.0,1,1,0,0,0,1,0,0,0,0,0,1.0,1.0,1.0,3.0,30.0,365,1,8,5.0,5.0,5.0,5.0,5.0,5.0,5.0,1,1.0,1,24.0,8.0,2.658301932394323,365.33
0,1.0,1,1,0,0,0,1,0,0,0,0,0,1.0,1.0,1.0,3.0,15.0,140,4,31,5.0,5.0,5.0,5.0,5.0,4.75,4.75,1,0.51,1,113.0,8.0,2.946067100269803,331.0
0,1.0,1,1,0,0,0,1,0,0,0,0,0,1.0,2.0,1.0,1.0,365.0,239,15,117,4.87,4.87,4.73,4.93,4.93,4.93,4.67,1,1.92,1,120.0,41.0,3.1717784220823586,209.33
0,1.0,1,1,0,0,0,1,0,0,0,0,0,1.0,1.0,1.0,3.0,10.0,197,0,0,-1.0,-1.0,-1.0,-1.0,-1.0,-1.0,-1.0,1,0.0,0,132.0,128.0,2.391156600960483,217.0
0,1.0,1,1,0,0,0,1,0,0,0,0,0,1.0,1.0,1.0,3.0,15.0,265,1,8,5.0,5.0,5.0,5.0,5.0,5.0,5.0,1,1.0,1,95.0,82.0,1.8326949836451452,285.33
0,1.0,1,1,0,0,0,1,0,0,0,0,0,1.0,1.0,1.0,3.0,365.0,327,5,39,4.8,4.8,4.8,5.0,5.0,5.0,4.4,1,5.0,1,120.0,8.0,3.5257609210259497,323.33
0,14.0,1,1,0,1,0,1,0,0,0,0,0,1.0,1.0,1.0,1.0,731.0,81,18,140,4.56,4.72,4.78,4.72,4.72,4.78,4.39,8,2.56,1,9.0,8.0,1.3342556703601807,147.27
0,14.0,1,1,0,1,0,0,1,0,0,0,0,1.0,1.0,2.0,1.0,731.0,81,10,78,5.0,5.0,5.0,5.0,5.0,5.0,5.0,8,1.44,1,9.0,8.0,1.3342556703601807,154.55
0,14.0,1,1,0,1,0,0,0,0,0,1,0,1.0,1.0,4.0,1.0,731.0,52,10,78,4.9,4.9,4.9,5.0,5.0,5.0,4.8,8,1.31,1,9.0,8.0,1.3342556703601807,220.0
0,3.0,1,1,0,1,0,1,0,0,0,0,0,1.0,1.0,1.0,2.0,365.0,46,11,86,4.18,4.45,4.82,4.73,4.64,3.64,3.36,3,3.08,1,33.0,33.0,7.660749380826005,112.98
0,1.0,1,1,0,0,0,1,0,0,0,0,0,1.0,1.0,1.0,1.0,30.0,321,2,16,5.0,5.0,5.0,5.0,5.0,5.0,5.0,1,0.27,1,120.0,8.0,1.6227341115751048,332.5
1,1.0,1,1,0,0,0,0,0,1,0,0,0,1.0,2.0,4.0,1.0,1125.0,153,66,255,5.0,4.95,4.98,4.98,5.0,5.0,4.83,1,7.64,1,143.0,143.0,0.6196854379668774,427.94
0,2.0,1,1,0,0,0,0,1,0,0,0,0,1.0,1.0,2.0,3.0,365.0,23,1,8,5.0,5.0,5.0,5.0,5.0,5.0,5.0,1,0.3,1,168.0,104.0,2.153136835276186,242.22
0,1.0,1,1,0,0,0,1,0,0,0,0,0,1.0,1.0,1.0,1.0,60.0,75,4,31,5.0,5.0,5.0,5.0,5.0,5.0,4.75,1,0.72,1,120.0,8.0,2.065629815487462,343.0
0,1.0,1,1,0,0,0,0,0,1,0,0,0,2.0,3.0,3.0,4.0,365.0,18,0,0,-1.0,-1.0,-1.0,-1.0,-1.0,-1.0,-1.0,1,0.0,0,94.0,91.0,5.094066827946811,302.13
0,1.0,1,1,0,0,0,0,1,0,0,0,0,1.0,1.0,2.0,1.0,365.0,281,49,255,4.55,4.73,4.69,4.76,4.82,4.94,4.45,1,5.93,1,8.0,8.0,1.4595118366943807,244.0
0,1.0,1,1,0,0,0,0,0,1,0,0,0,1.0,2.0,3.0,1.0,2.0,21,5,39,5.0,4.8,4.8,5.0,4.6,5.0,4.4,1,0.64,1,22.0,8.0,1.2769524744782126,410.0
0,1.0,1,1,0,0,0,1,0,0,0,0,0,1.0,1.0,1.0,3.0,30.0,141,9,70,5.0,4.89,4.89,4.89,5.0,5.0,4.67,1,1.27,1,136.0,126.0,1.5543886037706076,295.0
0,1.0,1,1,0,0,0,0,0,1,0,0,0,1.5,2.0,4.0,3.0,365.0,146,1,8,5.0,5.0,5.0,5.0,5.0,5.0,5.0,1,0.38,1,51.0,5.0,1.4136341813262123,283.71
0,1.0,1,1,0,0,0,0,0,1,0,0,0,1.0,3.0,3.0,1.0,365.0,329,1,8,5.0,5.0,5.0,5.0,5.0,5.0,5.0,1,1.0,1,175.0,8.0,3.354361228745721,410.83
0,2.0,1,1,0,0,0,0,0,1,0,0,0,1.0,3.0,4.0,4.0,365.0,111,2,16,5.0,5.0,5.0,5.0,5.0,4.5,4.0,1,0.88,1,169.0,132.0,2.143693278508565,513.25
0,1.0,1,1,0,0,0,0,0,1,0,0,0,1.0,2.0,2.0,3.0,7.0,210,10,78,5.0,5.0,4.9,4.9,5.0,5.0,4.7,1,1.23,1,133.0,114.0,1.145992340582139,479.33
0,1.0,0,1,0,0,0,0,0,0,1,0,0,1.0,3.0,3.0,3.0,30.0,214,0,0,-1.0,-1.0,-1.0,-1.0,-1.0,-1.0,-1.0,1,0.0,0,80.0,8.0,4.904924861215501,293.0
0,1.0,1,1,0,0,0,0,0,1,0,0,0,1.0,2.0,2.0,1.0,3.0,10,3,23,5.0,5.0,5.0,4.67,5.0,5.0,5.0,1,0.54,1,111.0,7.0,1.6721792294227094,454.67
0,1.0,1,1,0,0,0,0,0,1,0,0,0,1.0,1.0,1.0,1.0,30.0,169,4,31,4.75,4.75,5.0,4.75,4.5,5.0,4.75,1,1.76,1,106.0,8.0,1.588748843718282,354.0
0,3.0,1,1,0,0,0,0,0,1,0,0,0,1.0,2.0,1.0,1.0,365.0,201,0,0,-1.0,-1.0,-1.0,-1.0,-1.0,-1.0,-1.0,3,0.0,0,49.0,49.0,1.1590530708034406,222.5
0,1.0,1,1,0,0,0,1,0,0,0,0,0,1.0,1.0,1.0,1.0,365.0,167,0,0,-1.0,-1.0,-1.0,-1.0,-1.0,-1.0,-1.0,1,0.0,0,162.0,77.0,2.9045765450467145,139.0
0,1.0,1,1,0,0,0,1,0,0,0,0,0,1.0,1.0,1.0,2.0,30.0,6,2,16,5.0,5.0,5.0,5.0,5.0,5.0,4.5,1,0.26,1,45.0,8.0,1.9774617639964334,430.0
0,1.0,1,1,0,0,0,1,0,0,0,0,0,1.0,1.0,1.0,3.0,30.0,340,3,23,5.0,5.0,5.0,5.0,5.0,5.0,4.33,1,1.96,1,179.0,8.0,1.9589477271874627,168.89
0,2.0,1,1,0,1,0,1,0,0,0,0,0,1.0,1.0,1.0,1.0,365.0,255,20,156,4.95,4.85,4.95,4.7,5.0,4.7,4.9,2,5.56,1,14.0,4.0,8.207913794574067,91.5
0,1.0,1,1,0,0,0,0,1,0,0,0,0,1.0,1.0,1.0,3.0,365.0,41,6,47,5.0,4.83,4.67,5.0,5.0,5.0,5.0,1,2.47,1,137.0,17.0,1.645183113625099,236.0
0,1.0,1,1,0,0,0,1,0,0,0,0,0,1.0,1.0,1.0,1.0,60.0,71,2,16,5.0,5.0,5.0,5.0,5.0,5.0,5.0,1,1.02,1,38.0,8.0,2.632021656666701,222.53
0,1.0,1,1,0,0,0,1,0,0,0,0,0,1.0,1.0,1.0,2.0,30.0,36,7,55,5.0,5.0,5.0,5.0,5.0,4.86,5.0,1,0.99,1,135.0,95.0,3.0437996011543977,228.5
1,1.0,1,1,0,0,0,1,0,0,0,0,0,1.0,1.0,1.0,1.0,2.0,166,14,109,4.86,4.86,4.71,5.0,4.93,4.71,4.71,1,1.69,1,27.0,8.0,4.179777772978727,229.0
0,1.0,1,1,0,0,0,1,0,0,0,0,0,1.0,1.0,1.0,3.0,20.0,166,4,31,5.0,5.0,5.0,5.0,5.0,5.0,5.0,1,0.53,1,122.0,8.0,1.311921254648413,472.0
0,1.0,1,1,0,0,0,1,0,0,0,0,0,1.0,1.0,1.0,1.0,4.0,360,3,23,4.67,5.0,5.0,5.0,5.0,4.67,4.33,1,0.38,1,137.0,8.0,1.5569377230906432,366.0
0,1.0,1,1,0,0,0,1,0,0,0,0,0,1.0,1.0,1.0,4.0,14.0,11,3,24,4.67,5.0,5.0,5.0,5.0,4.67,4.67,1,0.54,1,155.0,77.0,1.8025654123468051,217.0
0,1.0,1,1,0,0,0,0,0,1,0,0,0,1.0,2.0,2.0,3.0,30.0,8,0,0,-1.0,-1.0,-1.0,-1.0,-1.0,-1.0,-1.0,1,0.0,0,8.0,8.0,3.0274419024743926,433.67
0,1.0,1,1,0,0,0,0,0,1,0,0,0,1.0,2.0,2.0,1.0,365.0,199,4,31,5.0,5.0,5.0,5.0,5.0,5.0,4.75,1,0.54,1,8.0,8.0,2.4410510552684466,454.0
0,1.0,1,1,0,0,0,1,0,0,0,0,0,1.0,1.0,1.0,4.0,365.0,363,5,40,5.0,5.0,5.0,5.0,5.0,5.0,4.4,1,0.64,1,119.0,8.0,2.38169843992641,369.5
0,1.0,1,1,0,0,0,0,0,1,0,0,0,1.5,1.0,2.0,2.0,365.0,350,4,31,4.75,4.5,5.0,4.75,4.75,4.75,4.0,1,1.5,1,128.0,114.0,1.9808832400312224,450.0
0,1.0,1,1,0,0,0,0,1,0,0,0,0,1.0,2.0,2.0,1.0,29.0,25,5,39,5.0,5.0,4.8,5.0,5.0,4.8,5.0,1,0.79,1,117.0,8.0,2.3195051888130704,295.0
0,1.0,1,1,0,0,0,1,0,0,0,0,0,1.0,1.0,1.0,1.0,31.0,247,4,31,4.75,4.75,4.75,5.0,5.0,5.0,4.75,1,0.51,1,85.0,8.0,2.280632743719666,298.0
0,1.0,1,1,0,0,0,1,0,0,0,0,0,1.5,1.0,1.0,3.0,56.0,306,3,23,5.0,5.0,5.0,5.0,5.0,5.0,4.67,1,1.53,1,135.0,7.0,0.9110979034953822,512.0
0,1.0,1,1,0,0,0,1,0,0,0,0,0,1.0,1.0,1.0,2.0,14.0,65,5,39,5.0,5.0,5.0,4.8,5.0,5.0,4.4,1,0.68,1,99.0,7.0,0.6631261389056538,374.0
0,1.0,1,1,0,0,0,0,1,0,0,0,0,1.5,1.0,1.0,1.0,365.0,9,3,23,5.0,5.0,5.0,5.0,5.0,5.0,5.0,1,1.8,1,153.0,153.0,1.9787641522214086,428.0
0,1.0,0,1,0,0,0,1,0,0,0,0,0,1.0,1.0,1.0,5.0,365.0,206,1,10,5.0,5.0,5.0,5.0,5.0,5.0,5.0,1,0.55,1,13.0,7.0,1.1284859508489757,283.2
0,1.0,1,1,0,0,0,0,0,1,0,0,0,2.0,3.0,3.0,4.0,30.0,82,0,0,-1.0,-1.0,-1.0,-1.0,-1.0,-1.0,-1.0,1,0.0,0,156.0,8.0,7.315505853485369,259.2
0,1.0,1,1,0,0,0,1,0,0,0,0,0,1.0,1.0,1.0,5.0,365.0,80,1,10,5.0,5.0,5.0,5.0,5.0,5.0,5.0,1,0.37,1,23.0,23.0,1.17621280538326,323.0
0,1.0,1,1,0,0,0,1,0,0,0,0,0,1.0,1.0,1.0,3.0,365.0,165,3,23,4.67,4.67,5.0,4.67,4.67,5.0,4.33,1,0.4,1,93.0,8.0,2.1127179585898626,230.0
0,1.0,1,1,0,0,0,1,0,0,0,0,0,1.0,1.0,1.0,3.0,17.0,36,0,0,-1.0,-1.0,-1.0,-1.0,-1.0,-1.0,-1.0,1,0.0,0,28.0,1.0,1.1365042405627193,322.95
0,1.0,1,1,0,0,0,0,0,1,0,0,0,1.5,2.0,2.0,1.0,14.0,237,10,78,5.0,5.0,5.0,5.0,5.0,5.0,4.9,1,1.25,1,8.0,8.0,1.0350053677592626,553.0
0,1.0,1,1,0,0,0,0,0,1,0,0,0,1.0,1.0,2.0,1.0,365.0,5,2,16,5.0,5.0,5.0,5.0,5.0,5.0,5.0,1,0.26,1,41.0,8.0,1.9306409489269951,372.0
0,2.0,1,1,0,0,0,1,0,0,0,0,0,1.0,1.0,1.0,2.0,365.0,71,3,23,4.67,4.67,5.0,5.0,5.0,5.0,4.33,2,0.38,1,131.0,20.0,2.4200390153942783,297.0
0,1.0,1,1,0,0,0,0,0,1,0,0,0,1.0,2.0,1.0,2.0,30.0,34,9,70,5.0,5.0,5.0,4.89,5.0,5.0,4.89,1,1.27,1,102.0,7.0,2.8248160443976245,371.0
0,1.0,1,1,0,0,0,0,0,1,0,0,0,2.0,3.0,1.0,4.0,30.0,296,2,16,5.0,4.5,5.0,5.0,5.0,4.5,4.0,1,0.35,1,97.0,11.0,2.580711345330122,661.25
1,48.0,1,1,0,0,0,1,0,0,0,0,0,1.0,1.0,1.0,5.0,180.0,320,3,30,3.33,4.67,5.0,5.0,5.0,5.0,4.33,14,0.45,1,95.0,95.0,1.0336423793843983,438.2
0,9.0,1,1,0,1,0,0,1,0,0,0,0,1.0,1.0,3.0,1.0,1000.0,346,33,255,4.09,4.09,4.09,4.24,4.42,4.3,3.91,5,4.34,1,33.0,32.0,6.648098635890915,105.0
0,9.0,1,1,0,1,0,1,0,0,0,0,0,1.0,1.0,2.0,1.0,1000.0,363,12,94,4.08,4.17,3.92,4.5,4.42,4.17,3.92,5,1.53,1,33.0,32.0,6.528731410539389,74.0
1,1.0,1,1,0,0,0,1,0,0,0,0,0,1.0,1.0,1.0,2.0,1125.0,129,34,255,5.0,4.94,5.0,4.88,4.91,4.79,4.94,1,4.32,1,138.0,8.0,1.9839108630160733,145.0
0,1.0,0,1,0,0,0,0,1,0,0,0,0,1.0,2.0,3.0,2.0,30.0,271,8,62,4.88,4.88,4.88,5.0,5.0,5.0,4.75,1,1.03,1,8.0,8.0,4.792152432603867,368.5
0,1.0,1,1,0,0,0,1,0,0,0,0,0,1.0,1.0,1.0,2.0,365.0,120,3,23,5.0,4.67,5.0,5.0,4.67,4.67,4.33,1,0.49,1,144.0,6.0,2.028569054598754,168.4
0,1.0,1,1,0,0,0,1,0,0,0,0,0,1.0,1.0,1.0,1.0,30.0,170,9,70,4.78,4.78,4.78,4.89,5.0,4.78,4.22,1,1.13,1,137.0,8.0,1.7096150370433567,260.0
0,1.0,1,1,0,0,0,0,0,1,0,0,0,1.0,1.0,2.0,1.0,30.0,160,11,86,5.0,4.91,4.91,4.91,5.0,4.82,4.82,1,1.49,1,118.0,7.0,2.1051600183241366,257.0
0,1.0,1,1,0,0,0,1,0,0,0,0,0,1.0,1.0,1.0,1.0,30.0,8,4,31,4.75,5.0,4.75,5.0,5.0,5.0,5.0,1,0.56,1,122.0,8.0,1.4378286835080083,295.0
0,1.0,1,1,0,0,0,0,0,1,0,0,0,1.0,2.0,2.0,1.0,14.0,270,2,16,5.0,5.0,5.0,5.0,5.0,5.0,5.0,1,0.36,1,83.0,7.0,2.6770978175046896,485.0
0,1.0,1,1,0,0,0,0,0,1,0,0,0,2.0,2.0,2.0,3.0,17.0,252,2,16,4.5,5.0,4.5,5.0,5.0,4.5,3.5,1,0.36,1,115.0,7.0,2.527885309676487,685.0
0,1.0,1,1,0,0,0,1,0,0,0,0,0,1.0,1.0,1.0,4.0,30.0,65,2,16,5.0,5.0,5.0,5.0,5.0,4.5,4.5,1,0.29,1,82.0,7.0,2.8355419456456947,228.25
0,4.0,1,1,0,1,0,0,1,0,0,0,0,1.0,1.0,2.0,1.0,365.0,351,13,101,4.77,4.77,4.54,4.85,4.92,4.92,4.62,4,1.79,1,91.0,91.0,2.508835781017218,51.36
0,4.0,1,1,0,1,0,0,0,0,0,0,0,1.0,1.0,1.0,2.0,365.0,363,9,70,4.67,4.78,4.22,4.78,4.78,4.67,4.56,4,1.15,1,91.0,91.0,2.508835781017218,51.36
0,1.0,1,1,0,0,0,1,0,0,0,0,0,1.0,1.0,1.0,2.0,25.0,17,4,31,5.0,5.0,5.0,5.0,5.0,5.0,5.0,1,1.45,1,98.0,3.0,1.4805736514525125,316.0
0,1.0,1,1,0,0,0,1,0,0,0,0,0,1.0,1.0,1.0,2.0,30.0,42,1,8,4.0,3.0,5.0,5.0,5.0,5.0,4.0,1,0.2,1,95.0,7.0,1.890766845967056,205.41
0,2.0,1,1,0,1,0,1,0,0,0,0,0,1.5,1.0,1.0,1.0,365.0,347,0,0,-1.0,-1.0,-1.0,-1.0,-1.0,-1.0,-1.0,2,0.0,0,161.0,25.0,2.5924035709241786,154.0
0,1.0,1,1,0,0,0,0,0,0,1,0,0,1.0,2.0,2.0,1.0,365.0,27,2,16,3.5,4.0,3.0,4.5,4.5,4.0,3.0,1,0.29,1,36.0,7.0,1.870392631664375,284.25
0,1.0,1,1,0,0,0,0,0,1,0,0,0,2.0,3.0,2.0,3.0,25.0,80,5,39,5.0,4.6,4.6,5.0,4.6,5.0,4.6,1,0.9,1,115.0,7.0,6.919824484950349,312.0
0,1.0,1,1,0,0,0,1,0,0,0,0,0,1.0,1.0,1.0,2.0,30.0,357,2,16,5.0,5.0,5.0,5.0,5.0,5.0,4.5,1,0.36,1,119.0,7.0,1.648731398340645,407.0
0,1.0,0,1,0,1,0,1,0,0,0,0,0,1.0,1.0,1.0,4.0,30.0,77,9,72,5.0,5.0,4.67,4.78,5.0,5.0,4.67,1,1.34,1,7.0,7.0,1.3743036175222856,211.25
0,1.0,1,1,0,0,0,1,0,0,0,0,0,1.0,1.0,1.0,4.0,30.0,18,3,24,5.0,5.0,5.0,5.0,5.0,5.0,5.0,1,1.32,1,116.0,4.0,1.091359677951589,536.5
0,1.0,1,1,0,0,0,0,0,1,0,0,0,1.0,1.0,1.0,2.0,365.0,304,3,23,5.0,4.67,5.0,5.0,5.0,4.67,4.67,1,1.64,1,124.0,7.0,2.7094241064149536,316.5
0,1.0,1,1,0,0,0,0,0,1,0,0,0,1.0,2.0,2.0,2.0,30.0,5,4,31,5.0,5.0,4.75,4.75,5.0,5.0,4.75,1,0.71,1,146.0,7.0,3.228018339718067,337.5
0,1.0,1,1,0,0,0,1,0,0,0,0,0,1.0,1.0,1.0,2.0,14.0,22,3,23,4.67,4.67,5.0,5.0,5.0,4.67,4.67,1,0.53,1,89.0,7.0,2.422964823431401,371.0
0,1.0,1,1,0,0,0,0,0,1,0,0,0,2.0,2.0,3.0,2.0,365.0,359,6,47,5.0,5.0,4.83,5.0,5.0,5.0,4.67,1,1.08,1,148.0,7.0,1.594842997838422,776.0
0,1.0,1,1,0,0,0,0,1,0,0,0,0,1.0,1.0,1.0,3.0,1125.0,117,4,31,4.75,4.75,4.25,5.0,5.0,5.0,4.75,1,0.73,1,142.0,142.0,2.8479250849284217,326.67
0,1.0,1,1,0,0,0,0,0,1,0,0,0,1.0,1.0,2.0,7.0,365.0,216,0,0,-1.0,-1.0,-1.0,-1.0,-1.0,-1.0,-1.0,1,0.0,0,129.0,7.0,3.079625538351551,224.43
0,1.0,1,1,0,0,0,1,0,0,0,0,0,1.0,1.0,1.0,2.0,30.0,354,0,0,-1.0,-1.0,-1.0,-1.0,-1.0,-1.0,-1.0,1,0.0,0,62.0,2.0,2.6861377997968257,383.44
0,1.0,1,1,0,0,0,1,0,0,0,0,0,1.0,1.0,1.0,3.0,30.0,197,2,16,5.0,5.0,5.0,5.0,5.0,5.0,4.5,1,2.0,1,95.0,1.0,2.8311708312054225,251.33
0,1.0,1,1,0,0,0,0,0,1,0,0,0,1.0,2.0,2.0,3.0,365.0,21,3,23,4.67,4.33,4.67,5.0,5.0,5.0,4.67,1,0.52,1,134.0,7.0,0.7255325400541583,670.0
0,1.0,1,1,0,0,0,1,0,0,0,0,0,1.0,1.0,1.0,2.0,365.0,212,7,55,5.0,5.0,5.0,4.86,4.86,5.0,4.86,1,1.06,1,103.0,93.0,2.3968077895821476,262.5
0,1.0,1,1,0,0,0,0,0,1,0,0,0,1.5,2.0,3.0,1.0,365.0,10,0,0,-1.0,-1.0,-1.0,-1.0,-1.0,-1.0,-1.0,1,0.0,0,144.0,51.0,3.154716124923147,334.0
0,1.0,1,1,0,0,0,0,0,1,0,0,0,1.5,2.0,2.0,2.0,30.0,9,5,39,5.0,5.0,4.6,4.8,5.0,5.0,4.6,1,0.91,1,134.0,6.0,1.536608470875445,542.5
0,1.0,0,1,0,0,0,1,0,0,0,0,0,1.0,1.0,1.0,2.0,14.0,356,4,31,5.0,5.0,5.0,5.0,5.0,5.0,4.5,1,2.35,1,132.0,7.0,1.560824785877602,342.5
0,1.0,1,1,0,0,0,1,0,0,0,0,0,1.5,1.0,1.0,3.0,10.0,187,1,8,5.0,5.0,5.0,5.0,5.0,4.0,5.0,1,0.18,1,41.0,7.0,2.421894010468724,194.0
0,1.0,1,1,0,0,0,0,0,1,0,0,0,1.0,2.0,1.0,1.0,365.0,166,0,0,-1.0,-1.0,-1.0,-1.0,-1.0,-1.0,-1.0,1,0.0,0,125.0,7.0,1.273623002965535,400.0
0,1.0,1,1,0,1,0,1,0,0,0,0,0,1.5,1.0,1.0,2.0,14.0,84,6,47,4.83,4.83,5.0,5.0,5.0,4.5,4.67,1,2.47,1,187.0,185.0,5.505457147643907,148.5
0,19.0,1,1,0,1,0,0,0,1,0,0,0,1.0,1.0,2.0,1.0,1000.0,362,18,140,4.67,4.67,4.39,4.67,4.56,4.67,4.33,10,3.07,1,74.0,74.0,4.284375228754291,160.0
0,1.0,1,1,0,0,0,0,0,0,0,1,0,1.5,3.0,3.0,2.0,365.0,330,3,23,5.0,5.0,4.33,5.0,5.0,4.67,5.0,1,0.54,1,127.0,8.0,2.820484745840052,685.0
0,1.0,1,1,0,0,0,0,0,1,0,0,0,1.0,2.0,2.0,3.0,30.0,212,0,0,-1.0,-1.0,-1.0,-1.0,-1.0,-1.0,-1.0,1,0.0,0,112.0,112.0,0.9843861532258005,378.67
0,1.0,1,1,0,1,0,1,0,0,0,0,0,1.0,1.0,1.0,2.0,45.0,7,7,55,4.86,4.86,5.0,5.0,5.0,5.0,4.71,1,1.06,1,136.0,7.0,0.6282062391474393,203.0
0,1.0,1,1,0,0,0,1,0,0,0,0,0,1.0,1.0,1.0,3.0,30.0,227,8,62,4.88,4.88,4.5,4.63,5.0,5.0,4.88,1,1.45,1,118.0,75.0,1.3912701093494821,285.33
0,1.0,1,1,0,0,0,0,1,0,0,0,0,2.0,1.0,1.0,1.0,14.0,267,8,62,5.0,5.0,4.63,4.88,5.0,4.88,4.63,1,1.43,1,121.0,6.0,3.4392700118365043,280.0
0,1.0,1,1,0,0,0,0,1,0,0,0,0,1.0,2.0,2.0,2.0,30.0,52,1,8,5.0,5.0,5.0,5.0,5.0,5.0,5.0,1,1.0,1,146.0,97.0,2.95372471374793,234.0
0,1.0,1,1,0,0,0,1,0,0,0,0,0,1.0,1.0,1.0,2.0,15.0,268,0,0,-1.0,-1.0,-1.0,-1.0,-1.0,-1.0,-1.0,1,0.0,0,122.0,1.0,0.859807890868442,321.67
0,1.0,1,1,0,0,0,1,0,0,0,0,0,1.0,1.0,1.0,2.0,30.0,23,5,39,4.6,4.8,4.6,4.2,4.2,5.0,4.2,1,0.69,1,119.0,7.0,1.2598691329948266,462.5
0,2.0,1,1,0,1,0,1,0,0,0,0,0,1.0,1.0,1.0,1.0,365.0,149,10,78,4.4,4.3,4.4,4.9,4.7,4.9,4.3,2,1.36,1,81.0,30.0,1.0653372053441055,126.0
0,1.0,1,1,0,0,0,1,0,0,0,0,0,1.5,1.0,1.0,3.0,365.0,206,1,8,5.0,5.0,5.0,5.0,5.0,5.0,5.0,1,0.18,1,131.0,7.0,2.2315959377690042,319.53
0,1.0,1,1,0,0,0,0,0,1,0,0,0,1.0,2.0,2.0,2.0,365.0,327,4,31,5.0,5.0,5.0,5.0,5.0,5.0,4.75,1,0.72,1,95.0,7.0,1.8053476884794954,571.0
0,1.0,1,1,0,0,0,1,0,0,0,0,0,1.5,1.0,1.0,3.0,365.0,258,3,23,5.0,5.0,5.0,5.0,5.0,5.0,5.0,1,0.53,1,121.0,7.0,2.3074156459463993,270.33
0,1.0,1,1,0,1,0,0,0,0,0,0,0,0.5,1.0,1.0,1.0,2.0,35,13,101,5.0,5.0,5.0,5.0,4.92,5.0,4.92,1,3.86,1,23.0,6.0,2.286358736242798,137.0
0,1.0,1,1,0,0,0,0,0,0,0,0,1,2.0,3.0,4.0,1.0,365.0,257,8,62,4.75,4.63,4.75,4.88,4.88,4.75,4.75,1,1.25,1,9.0,9.0,4.957015382534012,468.0
0,2.0,1,1,0,0,0,1,0,0,0,0,0,1.5,1.0,1.0,5.0,365.0,31,2,20,4.5,5.0,5.0,4.5,5.0,5.0,4.5,2,0.36,1,127.0,41.0,2.562887489496874,287.6
0,1.0,1,1,0,0,0,1,0,0,0,0,0,1.0,2.0,2.0,2.0,30.0,194,3,23,4.67,5.0,5.0,5.0,5.0,5.0,4.67,1,0.53,1,142.0,128.0,2.999066643696262,354.0
0,1.0,1,1,0,0,0,1,0,0,0,0,0,1.0,1.0,1.0,3.0,7.0,166,6,47,5.0,5.0,5.0,5.0,5.0,5.0,4.83,1,1.05,1,75.0,7.0,2.9611954120384465,243.67
0,1.0,1,1,0,0,0,1,0,0,0,0,0,1.0,1.0,1.0,1.0,365.0,7,9,70,5.0,5.0,4.67,4.44,5.0,5.0,4.56,1,1.61,1,7.0,6.0,1.9545441932496017,210.0
0,1.0,1,1,0,0,0,1,0,0,0,0,0,1.0,1.0,1.0,5.0,30.0,155,0,0,-1.0,-1.0,-1.0,-1.0,-1.0,-1.0,-1.0,1,0.0,0,116.0,7.0,1.4716957716196586,243.0
0,1.0,1,1,0,0,0,0,0,1,0,0,0,1.0,2.0,3.0,2.0,21.0,10,1,8,5.0,5.0,5.0,5.0,5.0,5.0,4.0,1,0.18,1,132.0,39.0,1.9979047348848336,342.67
0,1.0,1,1,0,0,0,1,0,0,0,0,0,1.0,1.0,1.0,2.0,20.0,20,1,8,5.0,5.0,5.0,5.0,5.0,5.0,5.0,1,0.37,1,7.0,7.0,2.4555943931095836,257.0
0,1.0,1,1,0,0,0,0,0,0,1,0,0,2.0,3.0,3.0,3.0,30.0,16,2,16,5.0,4.5,4.5,5.0,5.0,5.0,4.5,1,0.83,1,106.0,105.0,1.7892930099550823,645.67
0,1.0,1,1,0,0,0,0,0,1,0,0,0,1.0,2.0,2.0,4.0,40.0,59,1,8,4.0,5.0,5.0,5.0,5.0,5.0,4.0,1,0.42,1,153.0,153.0,10.037210112466754,230.0
0,1.0,1,1,0,0,0,0,0,1,0,0,0,1.0,2.0,2.0,1.0,30.0,235,5,39,4.8,4.8,5.0,5.0,5.0,5.0,4.4,1,0.89,1,7.0,7.0,2.7323406276599624,470.0
0,1.0,1,1,0,0,0,1,0,0,0,0,0,1.0,1.0,1.0,5.0,30.0,75,1,10,5.0,5.0,5.0,5.0,5.0,5.0,4.0,1,0.6,1,37.0,7.0,2.2750509974836954,209.6
0,1.0,1,1,0,0,0,0,0,0,0,1,0,1.0,4.0,5.0,1.0,1125.0,110,8,62,4.13,4.13,4.13,4.75,4.63,4.38,4.13,1,1.21,1,7.0,6.0,3.149333633758504,515.6
0,2.0,1,1,0,0,0,0,0,1,0,0,0,1.0,3.0,2.0,3.0,365.0,340,1,8,5.0,5.0,5.0,5.0,5.0,5.0,5.0,2,0.37,1,120.0,108.0,2.639676230913659,589.67
0,1.0,1,1,0,0,0,0,0,0,0,1,0,1.5,3.0,4.0,2.0,5.0,2,0,0,-1.0,-1.0,-1.0,-1.0,-1.0,-1.0,-1.0,1,0.0,0,102.0,84.0,0.9455182459707328,628.0
0,1.0,1,1,0,0,0,0,1,0,0,0,0,1.0,1.0,2.0,2.0,7.0,3,4,31,4.5,4.5,4.75,4.75,5.0,4.75,4.0,1,0.71,1,137.0,118.0,3.1284536397854814,213.5
0,1.0,1,1,0,0,0,1,0,0,0,0,0,1.0,1.0,1.0,3.0,8.0,41,0,0,-1.0,-1.0,-1.0,-1.0,-1.0,-1.0,-1.0,1,0.0,0,156.0,7.0,2.1252786490961566,319.67
0,1.0,1,1,0,0,0,1,0,0,0,0,0,1.0,1.0,1.0,3.0,365.0,21,2,16,5.0,4.5,4.5,4.0,5.0,4.5,4.5,1,0.36,1,113.0,6.0,1.4372295953897705,248.17
0,1.0,1,1,0,0,0,1,0,0,0,0,0,1.0,1.0,2.0,2.0,2.0,53,2,16,5.0,5.0,5.0,5.0,5.0,5.0,5.0,1,0.37,1,134.0,7.0,2.192733622587404,228.5
0,1.0,1,1,0,0,0,1,0,0,0,0,0,0.5,1.0,1.0,5.0,365.0,360,2,20,5.0,5.0,5.0,5.0,5.0,5.0,5.0,1,0.31,1,94.0,6.0,1.3242099323973133,262.6
0,1.0,1,1,0,0,0,1,0,0,0,0,0,1.5,1.0,1.0,2.0,365.0,3,3,23,5.0,5.0,5.0,5.0,5.0,4.67,5.0,1,0.53,1,99.0,6.0,4.241671471675923,223.0
0,1.0,1,1,0,0,0,1,0,0,0,0,0,1.5,1.0,1.0,2.0,365.0,270,4,31,5.0,5.0,5.0,5.0,5.0,5.0,5.0,1,2.07,1,137.0,7.0,3.383768434392814,300.0
0,1.0,1,1,0,0,0,1,0,0,0,0,0,1.0,1.0,1.0,3.0,30.0,72,3,23,5.0,4.33,5.0,4.67,5.0,5.0,4.33,1,0.54,1,183.0,93.0,2.9227777561364405,253.0
0,1.0,1,1,0,0,0,0,0,1,0,0,0,1.0,1.0,2.0,1.0,10.0,213,1,8,5.0,5.0,5.0,5.0,5.0,5.0,5.0,1,0.16,1,7.0,7.0,1.5002621937027794,271.0
0,1.0,1,1,0,0,0,1,0,0,0,0,0,1.0,1.0,1.0,2.0,365.0,7,1,8,5.0,5.0,5.0,5.0,5.0,5.0,5.0,1,0.16,1,40.0,34.0,2.2393219612911803,285.5
0,1.0,1,1,0,0,0,0,0,1,0,0,0,1.0,2.0,2.0,2.0,15.0,164,7,55,4.71,4.86,4.57,4.71,4.71,4.57,4.29,1,1.27,1,97.0,31.0,2.675265442326852,482.5
0,1.0,1,1,0,0,0,1,0,0,0,0,0,1.0,1.0,1.0,2.0,30.0,190,2,16,5.0,5.0,5.0,5.0,5.0,5.0,5.0,1,0.28,1,143.0,7.0,3.4546123113048077,183.0
0,1.0,1,1,0,0,0,0,0,1,0,0,0,1.0,2.0,2.0,2.0,30.0,178,3,23,4.67,4.67,5.0,5.0,5.0,5.0,4.67,1,0.74,1,142.0,5.0,5.03050705473161,320.0
0,1.0,1,1,0,0,0,1,0,0,0,0,0,1.0,1.0,1.0,6.0,300.0,318,3,36,5.0,5.0,5.0,5.0,5.0,5.0,5.0,1,1.02,1,77.0,3.0,1.6999800175726547,320.44
0,1.0,1,1,0,0,0,0,0,1,0,0,0,1.0,2.0,2.0,2.0,200.0,179,7,55,5.0,5.0,4.86,5.0,5.0,5.0,4.86,1,1.11,1,121.0,7.0,4.757879945832636,328.25
0,1.0,1,1,0,0,0,0,1,0,0,0,0,1.0,2.0,4.0,2.0,21.0,30,2,16,5.0,5.0,5.0,5.0,5.0,5.0,5.0,1,0.91,1,136.0,6.0,2.547608171060556,726.67
0,1.0,1,1,0,0,0,1,0,0,0,0,0,1.0,1.0,1.0,1.0,10.0,155,1,8,5.0,5.0,5.0,5.0,5.0,5.0,5.0,1,1.0,1,112.0,7.0,1.8526879694234932,284.33
0,1.0,1,1,0,0,0,0,0,1,0,0,0,1.0,2.0,2.0,2.0,30.0,43,0,0,-1.0,-1.0,-1.0,-1.0,-1.0,-1.0,-1.0,1,0.0,0,122.0,48.0,1.9055038172455594,445.5
1,6.0,1,1,0,0,0,1,0,0,0,0,0,1.0,1.0,2.0,6.0,40.0,44,0,0,-1.0,-1.0,-1.0,-1.0,-1.0,-1.0,-1.0,1,0.0,0,151.0,151.0,2.63057675163525,318.17
0,1.0,1,1,0,0,0,0,0,1,0,0,0,1.0,2.0,2.0,2.0,30.0,365,5,39,4.4,4.8,4.4,4.8,4.8,4.6,4.0,1,0.76,1,6.0,6.0,3.2590808894240615,433.5
0,1.0,1,1,0,0,0,0,0,1,0,0,0,1.0,2.0,2.0,2.0,15.0,49,2,16,4.5,4.5,5.0,4.5,5.0,5.0,4.5,1,0.36,1,26.0,6.0,0.8881641626750635,605.0
1,1.0,1,1,0,0,0,0,0,1,0,0,0,1.0,2.0,2.0,1.0,1.0,43,13,101,5.0,5.0,4.92,5.0,5.0,4.77,5.0,1,2.05,1,137.0,6.0,8.4254280267946,788.0
0,1.0,1,1,0,0,0,1,0,0,0,0,0,1.0,1.0,1.0,2.0,365.0,4,4,31,5.0,5.0,5.0,5.0,5.0,5.0,5.0,1,0.73,1,119.0,35.0,2.582635718867873,211.33
0,1.0,1,1,0,0,0,0,1,0,0,0,0,1.0,1.0,3.0,1.0,10.0,167,2,16,4.5,4.5,4.5,5.0,5.0,4.5,4.0,1,2.0,1,125.0,16.0,1.6919014577798244,343.0
0,2.0,1,1,0,0,0,1,0,0,0,0,0,1.0,1.0,1.0,2.0,15.0,359,2,16,5.0,5.0,5.0,5.0,4.5,5.0,5.0,2,0.92,1,113.0,46.0,2.356946883605537,308.5
0,1.0,1,1,0,0,0,1,0,0,0,0,0,1.0,1.0,1.0,2.0,365.0,300,1,8,5.0,5.0,5.0,5.0,5.0,5.0,5.0,1,1.0,1,119.0,2.0,1.890943891992366,285.5
0,1.0,1,1,0,0,0,0,0,1,0,0,0,2.5,2.0,2.0,5.0,365.0,313,0,0,-1.0,-1.0,-1.0,-1.0,-1.0,-1.0,-1.0,1,0.0,0,52.0,20.0,2.671499856600919,324.09
0,1.0,1,1,0,0,0,0,0,1,0,0,0,1.0,1.0,2.0,2.0,30.0,25,1,8,4.0,4.0,4.0,5.0,4.0,5.0,5.0,1,0.42,1,6.0,6.0,0.9803199270099693,302.81
1,5.0,1,1,0,0,0,0,0,1,0,0,0,1.0,2.0,2.0,3.0,365.0,73,2,16,4.5,4.0,4.5,5.0,5.0,5.0,4.5,5,1.15,1,23.0,23.0,0.823107976631794,462.33
0,1.0,1,1,0,0,0,0,1,0,0,0,0,1.0,1.0,2.0,2.0,30.0,6,0,0,-1.0,-1.0,-1.0,-1.0,-1.0,-1.0,-1.0,1,0.0,0,61.0,6.0,2.675199622075884,223.0
0,1.0,1,1,0,0,0,0,0,1,0,0,0,1.0,1.0,2.0,5.0,14.0,68,1,10,5.0,5.0,5.0,5.0,5.0,5.0,5.0,1,0.64,1,172.0,6.0,1.517332058594617,299.0
0,1.0,1,1,0,0,0,0,0,1,0,0,0,1.0,3.0,3.0,3.0,30.0,110,6,47,5.0,4.83,5.0,5.0,5.0,5.0,4.83,1,1.1,1,75.0,6.0,3.633785963129465,260.67
0,2.0,1,1,0,1,0,1,0,0,0,0,0,0.5,1.0,1.0,1.0,365.0,275,6,47,4.67,4.67,5.0,4.83,4.67,4.5,4.5,2,2.05,1,92.0,6.0,5.278723345136836,125.0
0,1.0,1,1,0,0,0,1,0,0,0,0,0,1.0,1.0,1.0,4.0,365.0,289,0,0,-1.0,-1.0,-1.0,-1.0,-1.0,-1.0,-1.0,1,0.0,0,103.0,6.0,3.037599966932109,181.75
0,1.0,1,1,0,0,0,0,0,1,0,0,0,1.0,3.0,3.0,3.0,6.0,19,2,16,5.0,5.0,5.0,5.0,5.0,5.0,5.0,1,0.35,1,50.0,6.0,2.8588341631161973,310.33
0,1.0,1,1,0,0,0,1,0,0,0,0,0,1.0,1.0,1.0,1.0,30.0,350,2,16,5.0,5.0,5.0,5.0,5.0,5.0,4.5,1,0.36,1,122.0,47.0,1.1379130764807217,485.0
0,1.0,1,1,0,0,0,0,0,1,0,0,0,1.0,1.0,2.0,2.0,365.0,165,2,16,5.0,5.0,5.0,5.0,5.0,5.0,4.5,1,0.34,1,6.0,6.0,1.8486467905647492,456.5
0,1.0,1,1,0,0,0,0,0,1,0,0,0,1.0,2.0,3.0,2.0,365.0,240,9,70,4.89,5.0,4.89,5.0,4.89,4.89,4.44,1,3.65,1,119.0,37.0,3.481795260537243,390.0
0,1.0,1,1,0,0,0,1,0,0,0,0,0,1.0,1.0,1.0,1.0,365.0,6,5,39,5.0,5.0,5.0,5.0,5.0,5.0,5.0,1,0.88,1,129.0,84.0,1.9766732051272482,263.0
0,1.0,1,1,0,0,0,0,0,1,0,0,0,1.0,2.0,2.0,1.0,365.0,37,26,203,4.73,4.69,4.58,4.81,4.85,4.73,4.5,1,4.24,1,75.0,75.0,3.2126021557605666,204.0
0,1.0,0,1,0,0,0,0,0,1,0,0,0,1.5,3.0,3.0,3.0,365.0,193,0,0,-1.0,-1.0,-1.0,-1.0,-1.0,-1.0,-1.0,1,0.0,0,6.0,6.0,2.8204243344543225,314.0
0,14.0,1,1,0,0,0,0,0,0,0,1,0,1.0,3.0,4.0,2.0,31.0,318,38,255,4.18,4.08,4.05,4.55,4.74,4.32,4.03,1,5.73,1,174.0,174.0,4.806725802438219,315.5
0,1.0,1,1,0,0,0,0,0,1,0,0,0,1.0,2.0,2.0,2.0,30.0,49,1,8,5.0,5.0,5.0,5.0,5.0,5.0,5.0,1,0.18,1,40.0,6.0,3.4543992670031325,456.47
0,1.0,1,1,0,0,0,1,0,0,0,0,0,1.0,1.0,1.0,2.0,14.0,364,0,0,-1.0,-1.0,-1.0,-1.0,-1.0,-1.0,-1.0,1,0.0,0,80.0,80.0,2.1147226705554143,388.0
0,1.0,1,1,0,0,0,0,1,0,0,0,0,1.0,1.0,1.0,3.0,30.0,11,2,16,5.0,5.0,5.0,5.0,5.0,5.0,5.0,1,1.18,1,119.0,6.0,1.1790491343131333,316.0
0,1.0,1,1,0,0,0,0,0,1,0,0,0,1.0,1.0,3.0,1.0,16.0,216,0,0,-1.0,-1.0,-1.0,-1.0,-1.0,-1.0,-1.0,1,0.0,0,90.0,6.0,2.8508111182893634,466.0
0,1.0,1,1,0,0,0,1,0,0,0,0,0,1.0,1.0,1.0,2.0,28.0,143,9,70,4.56,4.56,4.78,5.0,4.56,5.0,4.33,1,1.63,1,6.0,6.0,0.511320250923937,305.5
0,1.0,1,1,0,0,0,0,0,1,0,0,0,1.5,2.0,3.0,2.0,29.0,318,4,31,5.0,5.0,5.0,4.75,4.75,5.0,5.0,1,1.69,1,120.0,107.0,1.4097333121054945,399.5
0,1.0,1,1,0,0,0,0,0,1,0,0,0,1.5,2.0,1.0,1.0,30.0,137,0,0,-1.0,-1.0,-1.0,-1.0,-1.0,-1.0,-1.0,1,0.0,0,32.0,5.0,6.375259386293826,147.9
0,3.0,1,1,0,1,0,1,0,0,0,0,0,1.0,1.0,1.0,1.0,731.0,119,29,226,4.34,4.17,4.1,4.9,4.72,4.86,3.79,3,5.69,1,6.0,6.0,1.2880136229095054,138.0
0,3.0,1,1,0,1,0,1,0,0,0,0,0,1.0,1.0,1.0,1.0,731.0,116,12,94,4.0,4.08,4.08,4.5,4.58,4.83,3.42,3,2.08,1,6.0,6.0,1.2880136229095054,157.0
0,3.0,1,1,0,1,0,0,1,0,0,0,0,1.0,1.0,2.0,1.0,731.0,71,22,172,4.36,4.23,4.45,4.91,4.41,4.91,4.14,3,4.18,1,6.0,6.0,1.2880136229095054,101.0
0,1.0,1,1,0,0,0,1,0,0,0,0,0,1.0,1.0,1.0,3.0,4.0,81,8,62,5.0,5.0,5.0,5.0,5.0,5.0,5.0,1,1.26,1,77.0,6.0,2.058100068599877,423.0
0,1.0,1,1,0,0,0,1,0,0,0,0,0,1.0,1.0,1.0,1.0,365.0,166,0,0,-1.0,-1.0,-1.0,-1.0,-1.0,-1.0,-1.0,1,0.0,0,41.0,6.0,2.699692345952889,171.0
0,1.0,1,1,0,0,0,1,0,0,0,0,0,1.0,1.0,1.0,2.0,20.0,63,2,16,5.0,5.0,5.0,5.0,5.0,5.0,5.0,1,0.36,1,136.0,6.0,3.1273274251376564,175.28
0,1.0,1,1,0,0,0,1,0,0,0,0,0,1.0,1.0,1.0,1.0,4.0,120,3,23,4.67,4.67,4.67,4.67,4.67,4.67,4.33,1,1.08,1,129.0,4.0,1.3291346815353233,225.0
0,1.0,1,1,0,0,0,0,0,1,0,0,0,1.0,2.0,2.0,1.0,1.0,75,7,55,5.0,4.86,4.71,5.0,5.0,5.0,4.57,1,3.23,1,118.0,55.0,1.9981654043679935,554.0
0,3.0,0,1,0,0,0,0,1,0,0,0,0,1.0,1.0,1.0,2.0,365.0,365,0,0,-1.0,-1.0,-1.0,-1.0,-1.0,-1.0,-1.0,2,0.0,0,98.0,19.0,1.0389394186728225,411.0
0,1.0,1,1,0,0,0,1,0,0,0,0,0,1.0,1.0,1.0,1.0,20.0,196,3,23,5.0,5.0,5.0,5.0,5.0,5.0,5.0,1,0.5,1,23.0,6.0,2.549220969634441,224.0
0,1.0,1,1,0,0,0,0,1,0,0,0,0,2.5,3.0,3.0,4.0,365.0,332,3,24,5.0,5.0,5.0,5.0,5.0,5.0,5.0,1,0.85,1,131.0,5.0,3.1492766814689803,350.0
0,1.0,1,1,0,0,0,0,0,1,0,0,0,1.0,2.0,2.0,4.0,365.0,166,2,16,5.0,4.5,4.5,5.0,5.0,4.5,4.5,1,0.37,1,117.0,6.0,0.6781885503211089,623.75
1,1.0,1,1,0,0,0,0,0,0,0,0,0,1.0,1.0,1.0,1.0,365.0,227,11,86,4.73,4.91,4.73,4.91,4.82,4.64,4.64,1,1.89,1,129.0,6.0,6.267355267822155,148.0
0,1.0,1,1,0,0,0,0,0,1,0,0,0,1.0,2.0,2.0,2.0,365.0,17,3,23,5.0,5.0,5.0,5.0,5.0,4.67,4.0,1,0.54,1,133.0,6.0,2.835386198209082,445.33
0,1.0,1,1,0,0,0,0,0,1,0,0,0,1.0,2.0,2.0,4.0,31.0,72,4,32,4.75,4.75,4.75,4.75,4.5,5.0,4.5,1,2.03,1,130.0,118.0,2.8117338828902816,393.75
0,1.0,1,1,0,0,0,0,1,0,0,0,0,1.0,3.0,3.0,2.0,4.0,67,16,125,4.44,4.44,4.44,4.81,4.81,4.25,4.44,1,2.91,1,20.0,20.0,7.538187760848061,122.11
0,1.0,1,1,0,0,0,0,0,1,0,0,0,1.0,3.0,2.0,3.0,15.0,9,1,8,5.0,5.0,5.0,5.0,5.0,5.0,5.0,1,0.19,1,6.0,6.0,2.03686775409519,428.0
0,1.0,1,1,0,0,0,1,0,0,0,0,0,1.0,1.0,1.0,2.0,365.0,199,0,0,-1.0,-1.0,-1.0,-1.0,-1.0,-1.0,-1.0,1,0.0,0,99.0,5.0,2.366915663528543,342.5
0,1.0,1,1,0,0,0,0,1,0,0,0,0,1.0,2.0,2.0,6.0,31.0,166,3,36,4.67,4.67,4.33,4.67,5.0,4.67,4.33,1,1.38,1,119.0,6.0,2.768979614368844,244.29
0,1.0,1,1,0,0,0,1,0,0,0,0,0,1.0,1.0,1.0,3.0,30.0,4,3,23,5.0,5.0,5.0,5.0,5.0,5.0,4.67,1,0.54,1,56.0,6.0,2.9671384160891066,251.33
0,1.0,1,1,0,0,0,0,0,1,0,0,0,1.0,2.0,3.0,2.0,21.0,34,1,8,4.0,5.0,4.0,5.0,5.0,5.0,5.0,1,1.0,1,151.0,142.0,5.801698686876906,303.5
0,1.0,1,1,0,0,0,0,0,1,0,0,0,1.0,2.0,2.0,3.0,365.0,342,1,8,5.0,5.0,5.0,5.0,5.0,5.0,5.0,1,0.51,1,134.0,37.0,2.499391509976332,608.67
0,1.0,1,1,0,0,0,0,0,1,0,0,0,1.5,2.0,2.0,2.0,30.0,74,4,31,5.0,5.0,5.0,5.0,5.0,5.0,4.5,1,1.69,1,124.0,6.0,1.9108583482216712,570.67
0,1.0,1,1,0,0,0,1,0,0,0,0,0,1.0,1.0,1.0,6.0,60.0,42,0,0,-1.0,-1.0,-1.0,-1.0,-1.0,-1.0,-1.0,1,0.0,0,94.0,6.0,3.3688889984621415,150.67
0,2.0,1,1,0,0,0,0,0,1,0,0,0,1.0,4.0,2.0,3.0,30.0,218,1,8,5.0,5.0,5.0,5.0,5.0,5.0,5.0,1,0.18,1,122.0,17.0,4.0794936112026265,331.0
0,4.0,1,1,0,1,0,1,0,0,0,0,0,1.0,1.0,1.0,1.0,731.0,102,69,255,4.33,4.32,4.22,4.68,4.54,4.68,4.26,2,10.89,1,6.0,6.0,0.8614285347623181,70.35
0,4.0,1,1,0,1,0,0,0,1,0,0,0,1.0,2.0,2.0,1.0,731.0,96,49,255,4.02,4.0,4.14,4.65,4.27,4.08,3.9,2,7.9,1,6.0,6.0,0.8614285347623181,182.9
0,1.0,1,1,0,0,0,1,0,0,0,0,0,1.0,1.0,1.0,2.0,365.0,289,2,16,5.0,5.0,5.0,5.0,5.0,5.0,5.0,1,0.34,1,130.0,9.0,1.681428599351899,199.5
0,1.0,1,1,0,0,0,1,0,0,0,0,0,1.0,1.0,1.0,1.0,30.0,184,0,0,-1.0,-1.0,-1.0,-1.0,-1.0,-1.0,-1.0,1,0.0,0,126.0,6.0,0.8724136077799383,456.5
0,1.0,1,1,0,0,0,0,0,1,0,0,0,1.5,2.0,1.0,3.0,20.0,29,4,31,4.75,5.0,5.0,5.0,5.0,5.0,5.0,1,0.71,1,147.0,129.0,3.5679650431751635,340.33
0,2.0,1,1,0,1,0,1,0,0,0,0,0,1.0,1.0,1.0,1.0,1125.0,293,13,101,5.0,5.0,5.0,5.0,5.0,5.0,4.92,2,2.52,1,6.0,6.0,1.0604935596113694,159.0
0,1.0,1,1,0,0,0,0,1,0,0,0,0,1.0,2.0,2.0,5.0,17.0,17,5,50,5.0,5.0,5.0,5.0,5.0,5.0,4.6,1,0.91,1,112.0,6.0,1.4581805885650325,335.14
0,1.0,1,1,0,0,0,0,0,1,0,0,0,1.0,3.0,4.0,2.0,30.0,14,2,16,5.0,5.0,5.0,5.0,5.0,5.0,5.0,1,0.35,1,38.0,26.0,2.5066522983427184,472.0
0,2.0,1,1,0,1,0,1,0,0,0,0,0,1.0,1.0,1.0,2.0,8.0,13,2,16,5.0,5.0,5.0,5.0,5.0,4.5,4.5,2,0.37,1,150.0,48.0,2.562962773155704,126.0
0,1.0,1,1,0,0,0,1,0,0,0,0,0,1.0,1.0,1.0,2.0,365.0,163,2,16,5.0,5.0,4.0,5.0,5.0,5.0,4.5,1,0.61,1,119.0,6.0,2.600044230062331,163.0
0,2.0,1,1,0,1,0,1,0,0,0,0,0,1.0,1.0,1.0,1.0,365.0,315,7,55,4.71,4.86,4.86,4.86,4.86,5.0,4.71,2,1.35,1,6.0,6.0,1.0714059582564215,148.35
0,2.0,1,1,0,1,0,1,0,0,0,0,0,1.0,1.0,1.0,1.0,1125.0,300,0,0,-1.0,-1.0,-1.0,-1.0,-1.0,-1.0,-1.0,2,0.0,0,78.0,78.0,3.3098452802742973,356.5
0,2.0,1,1,0,1,0,1,0,0,0,0,0,1.0,1.0,1.0,1.0,1125.0,322,0,0,-1.0,-1.0,-1.0,-1.0,-1.0,-1.0,-1.0,2,0.0,0,78.0,78.0,3.299792197899392,356.5
0,1.0,1,1,0,0,0,0,0,1,0,0,0,1.0,2.0,2.0,3.0,365.0,6,5,39,4.8,4.8,4.8,5.0,4.8,4.4,4.2,1,0.88,1,107.0,14.0,2.305413154936055,340.67
0,1.0,0,1,0,1,0,1,0,0,0,0,0,1.0,1.0,1.0,1.0,365.0,288,0,0,-1.0,-1.0,-1.0,-1.0,-1.0,-1.0,-1.0,1,0.0,0,6.0,6.0,3.782411585292582,172.0
0,3.0,1,1,0,0,0,0,0,0,0,1,0,1.5,1.0,4.0,2.0,1125.0,342,20,156,4.45,4.65,4.55,4.4,4.8,4.4,4.3,1,3.61,1,94.0,94.0,5.373297022173099,192.93
0,1.0,1,1,0,0,0,0,1,0,0,0,0,1.0,1.0,1.0,3.0,365.0,60,8,62,5.0,5.0,5.0,4.88,5.0,4.75,4.75,1,1.4,1,91.0,6.0,2.405972203843596,349.0
0,1.0,1,1,0,0,0,1,0,0,0,0,0,1.0,1.0,1.0,6.0,8.0,166,0,0,-1.0,-1.0,-1.0,-1.0,-1.0,-1.0,-1.0,1,0.0,0,116.0,5.0,1.7707590055317948,166.5
0,1.0,0,1,0,0,0,0,0,1,0,0,0,1.0,1.0,2.0,1.0,365.0,365,0,0,-1.0,-1.0,-1.0,-1.0,-1.0,-1.0,-1.0,1,0.0,0,6.0,6.0,0.7138759727756158,684.71
0,1.0,0,1,0,0,0,0,0,1,0,0,0,1.0,2.0,2.0,2.0,30.0,15,4,31,4.25,4.75,4.0,4.5,4.25,4.75,4.5,1,0.72,1,32.0,6.0,0.7172044425242403,479.5
0,1.0,1,1,0,0,0,0,1,0,0,0,0,1.0,1.0,2.0,1.0,18.0,4,4,31,5.0,4.75,4.5,3.75,4.5,5.0,4.75,1,0.94,1,104.0,84.0,0.603525921459937,216.0
0,1.0,1,1,0,0,0,1,0,0,0,0,0,1.0,1.0,1.0,4.0,365.0,143,3,24,4.67,5.0,4.33,5.0,5.0,5.0,4.67,1,0.53,1,34.0,5.0,1.4899363240359296,254.5
0,1.0,1,1,0,0,0,1,0,0,0,0,0,1.0,1.0,1.0,2.0,14.0,29,3,23,5.0,4.67,5.0,5.0,5.0,5.0,4.33,1,1.25,1,161.0,5.0,1.629271959406638,277.0
0,1.0,1,1,0,0,0,1,0,0,0,0,0,1.0,1.0,1.0,1.0,365.0,254,4,31,5.0,5.0,4.75,5.0,5.0,5.0,5.0,1,0.73,1,94.0,6.0,1.0542441929308712,331.0
0,1.0,1,1,0,0,0,1,0,0,0,0,0,1.0,1.0,1.0,2.0,365.0,214,6,47,5.0,5.0,5.0,5.0,5.0,4.83,5.0,1,1.08,1,165.0,5.0,3.6972851631803643,244.67
0,1.0,1,1,0,0,0,1,0,0,0,0,0,1.0,1.0,1.0,5.0,15.0,364,0,0,-1.0,-1.0,-1.0,-1.0,-1.0,-1.0,-1.0,1,0.0,0,147.0,5.0,2.430439380608084,342.4
0,1.0,1,1,0,0,0,1,0,0,0,0,0,1.0,1.0,1.0,1.0,27.0,12,2,16,5.0,5.0,4.5,5.0,5.0,5.0,4.5,1,0.37,1,133.0,6.0,1.358378171726836,365.5
0,1.0,1,1,0,1,0,1,0,0,0,0,0,1.0,1.0,1.0,1.0,28.0,102,2,16,5.0,5.0,5.0,5.0,5.0,5.0,5.0,1,0.79,1,87.0,14.0,1.0596950537062428,159.5
0,1.0,1,1,0,0,0,0,1,0,0,0,0,1.0,2.0,2.0,3.0,30.0,293,1,8,4.0,5.0,4.0,5.0,5.0,5.0,5.0,1,0.18,1,131.0,110.0,1.6951383526883397,269.33
0,3.0,1,1,0,1,0,0,0,0,0,0,0,1.0,1.0,1.0,1.0,365.0,339,0,0,-1.0,-1.0,-1.0,-1.0,-1.0,-1.0,-1.0,2,0.0,0,36.0,34.0,2.745894945912154,183.0
0,1.0,1,1,0,0,0,1,0,0,0,0,0,1.0,1.0,2.0,3.0,365.0,6,1,8,5.0,5.0,5.0,5.0,5.0,5.0,5.0,1,1.0,1,107.0,6.0,2.6509082851343773,304.33
0,1.0,1,1,0,0,0,0,0,1,0,0,0,1.5,1.0,2.0,4.0,30.0,165,8,64,4.75,4.88,4.5,5.0,5.0,4.88,4.25,1,1.4,1,70.0,6.0,3.09981196703054,296.75
0,1.0,1,1,0,0,0,1,0,0,0,0,0,1.0,1.0,2.0,3.0,30.0,184,5,39,5.0,5.0,5.0,5.0,5.0,5.0,5.0,1,1.11,1,126.0,6.0,1.3392402098880003,386.33
0,2.0,1,1,0,0,0,1,0,0,0,0,0,1.0,1.0,1.0,1.0,365.0,365,0,0,-1.0,-1.0,-1.0,-1.0,-1.0,-1.0,-1.0,2,0.0,0,6.0,4.0,1.2271501288961892,460.0
0,1.0,1,1,0,0,0,1,0,0,0,0,0,1.0,1.0,1.0,3.0,30.0,23,2,16,5.0,5.0,5.0,5.0,5.0,5.0,5.0,1,1.33,1,59.0,5.0,0.9489650211148491,234.0
0,2.0,1,1,0,0,0,1,0,0,0,0,0,1.0,1.0,1.0,1.0,1125.0,251,13,101,5.0,4.92,4.92,4.85,5.0,5.0,4.85,2,4.87,1,6.0,4.0,1.3084047156143435,325.0
1,1.0,1,1,0,0,0,0,0,1,0,0,0,1.0,2.0,3.0,2.0,100.0,100,12,94,4.75,4.83,4.75,5.0,5.0,4.83,4.83,1,2.05,1,92.0,6.0,1.4063663153269494,285.3
0,1.0,1,1,0,0,0,0,0,1,0,0,0,1.0,2.0,2.0,1.0,365.0,10,3,23,5.0,5.0,5.0,4.67,5.0,5.0,5.0,1,1.23,1,41.0,4.0,3.981928008197692,359.5
0,1.0,1,1,0,0,0,0,0,1,0,0,0,2.5,2.0,2.0,3.0,365.0,184,1,8,5.0,5.0,5.0,5.0,5.0,5.0,5.0,1,0.58,1,128.0,126.0,1.1905273783834744,719.0
0,1.0,1,1,0,0,0,1,0,0,0,0,0,1.0,1.0,1.0,3.0,14.0,356,2,16,5.0,5.0,5.0,5.0,5.0,5.0,5.0,1,0.95,1,78.0,6.0,1.615777366995842,365.33
0,1.0,1,1,0,0,0,0,0,1,0,0,0,1.0,3.0,2.0,1.0,365.0,164,0,0,-1.0,-1.0,-1.0,-1.0,-1.0,-1.0,-1.0,1,0.0,0,166.0,4.0,3.630172214067768,428.0
0,5.0,1,1,0,0,0,1,0,0,0,0,0,1.0,1.0,1.0,1.0,999.0,286,11,86,4.09,3.73,4.45,4.18,4.36,4.45,3.82,5,1.95,1,90.0,89.0,1.4579298286718056,165.5
0,1.0,1,1,0,0,0,0,0,1,0,0,0,1.0,1.0,2.0,1.0,30.0,38,1,8,5.0,5.0,4.0,5.0,5.0,5.0,5.0,1,1.0,1,53.0,5.0,6.2430788250331455,289.0
0,1.0,1,1,0,0,0,1,0,0,0,0,0,1.0,1.0,1.0,2.0,6.0,166,3,23,5.0,5.0,5.0,5.0,4.67,5.0,4.67,1,1.18,1,126.0,4.0,1.5645500011292985,297.0
0,2.0,1,1,0,1,0,0,0,0,0,0,0,1.0,1.0,1.0,1.0,365.0,311,17,133,4.59,4.88,4.35,4.76,4.88,4.71,4.47,2,3.04,1,106.0,5.0,2.47475262830588,103.0
1,7.0,1,1,0,0,0,0,0,1,0,0,0,1.0,2.0,2.0,7.0,181.0,359,3,42,5.0,5.0,5.0,5.0,5.0,5.0,5.0,7,3.0,1,138.0,115.0,2.0851482723950108,214.84
1,7.0,1,1,0,0,0,0,0,1,0,0,0,1.0,2.0,2.0,7.0,181.0,348,2,28,5.0,5.0,5.0,5.0,5.0,5.0,5.0,7,2.0,1,138.0,115.0,2.085862916595975,326.31
0,1.0,1,1,0,0,0,1,0,0,0,0,0,1.0,1.0,1.0,3.0,14.0,234,0,0,-1.0,-1.0,-1.0,-1.0,-1.0,-1.0,-1.0,1,0.0,0,106.0,5.0,2.185802689729631,251.33
0,1.0,1,1,0,1,0,0,0,0,0,0,0,1.0,1.0,2.0,1.0,365.0,360,1,8,1.0,1.0,1.0,2.0,3.0,3.0,1.0,1,0.41,1,180.0,172.0,1.8538234119682115,120.0
0,1.0,1,1,0,0,0,1,0,0,0,0,0,1.0,1.0,1.0,2.0,365.0,187,3,23,5.0,5.0,5.0,4.67,5.0,5.0,4.33,1,1.25,1,125.0,123.0,1.5085144934999406,244.5
0,1.0,1,1,0,0,0,1,0,0,0,0,0,1.0,1.0,1.0,1.0,18.0,27,0,0,-1.0,-1.0,-1.0,-1.0,-1.0,-1.0,-1.0,1,0.0,0,60.0,5.0,2.9691534384801024,330.0
0,5.0,1,1,0,0,0,0,0,1,0,0,0,1.0,1.0,2.0,1.0,999.0,264,17,133,4.06,4.0,4.41,4.53,4.41,4.59,4.12,5,3.62,1,90.0,89.0,1.4579298286718056,276.5
0,1.0,1,1,0,0,0,0,0,1,0,0,0,1.0,2.0,2.0,1.0,10.0,318,4,31,5.0,5.0,5.0,5.0,5.0,5.0,5.0,1,1.29,1,116.0,5.0,3.0273857669241604,419.5
0,1.0,1,1,0,0,0,1,0,0,0,0,0,1.0,1.0,1.0,5.0,30.0,7,4,40,4.75,5.0,4.75,5.0,5.0,5.0,4.75,1,0.97,1,141.0,9.0,1.8888478772077866,180.4
0,1.0,1,1,0,0,0,1,0,0,0,0,0,1.0,1.0,1.0,3.0,14.0,175,4,31,5.0,5.0,5.0,5.0,5.0,5.0,5.0,1,2.03,1,71.0,5.0,1.3569996164358809,342.67
0,2.0,1,1,0,0,0,1,0,0,0,0,0,1.0,1.0,1.0,1.0,365.0,365,0,0,-1.0,-1.0,-1.0,-1.0,-1.0,-1.0,-1.0,2,0.0,0,9.0,7.0,3.488379902643176,264.75
0,1.0,1,1,0,0,0,1,0,0,0,0,0,1.5,1.0,1.0,1.0,365.0,339,8,62,5.0,5.0,5.0,5.0,5.0,5.0,5.0,1,3.2,1,119.0,5.0,2.03686775409519,217.0
0,1.0,1,1,0,0,0,1,0,0,0,0,0,1.0,1.0,1.0,2.0,365.0,8,1,8,5.0,5.0,5.0,5.0,5.0,5.0,5.0,1,0.34,1,170.0,161.0,3.9710787526972267,220.0
0,2.0,1,1,0,0,0,1,0,0,0,0,0,1.0,1.0,1.0,4.0,365.0,191,0,0,-1.0,-1.0,-1.0,-1.0,-1.0,-1.0,-1.0,1,0.0,0,112.0,54.0,1.5603995528920893,342.4
0,2.0,1,1,0,0,0,1,0,0,0,0,0,1.0,1.0,1.0,2.0,365.0,140,4,31,5.0,5.0,5.0,5.0,5.0,4.75,5.0,1,3.24,1,111.0,33.0,2.7422749611267716,291.0
0,4.0,1,1,0,1,0,0,1,0,0,0,0,1.0,1.0,2.0,1.0,365.0,362,12,94,3.92,4.33,4.08,4.58,4.5,4.58,4.0,4,2.57,1,107.0,107.0,2.4297802421227095,57.06
0,1.0,1,1,0,0,0,0,0,1,0,0,0,1.5,2.0,2.0,2.0,365.0,13,7,55,4.86,4.86,5.0,5.0,5.0,5.0,5.0,1,1.81,1,60.0,5.0,1.151128727819183,536.5
0,1.0,1,1,0,0,0,1,0,0,0,0,0,1.0,1.0,1.0,1.0,28.0,28,5,39,5.0,5.0,5.0,5.0,5.0,5.0,5.0,1,1.23,1,131.0,131.0,1.9430209652651864,240.0
0,1.0,1,1,0,0,0,0,0,1,0,0,0,1.0,2.0,2.0,2.0,30.0,11,4,31,4.75,5.0,4.5,5.0,5.0,5.0,4.5,1,1.09,1,144.0,5.0,5.966367324667682,177.0
0,2.0,1,1,0,0,0,1,0,0,0,0,0,1.0,1.0,1.0,1.0,999.0,104,8,62,4.38,4.25,4.5,4.75,4.63,4.75,4.0,2,2.22,1,26.0,26.0,1.1141864679143911,267.5
0,1.0,1,1,0,0,0,1,0,0,0,0,0,1.0,1.0,1.0,2.0,14.0,142,3,23,5.0,5.0,5.0,5.0,5.0,5.0,5.0,1,3.0,1,122.0,122.0,1.087541892970793,304.33
0,1.0,1,1,0,0,0,0,0,1,0,0,0,1.0,1.0,2.0,3.0,30.0,174,3,23,5.0,5.0,5.0,5.0,5.0,5.0,4.0,1,3.0,1,129.0,25.0,1.1223152715516227,462.33
0,1.0,1,1,0,0,0,1,0,0,0,0,0,1.0,1.0,1.0,3.0,30.0,81,5,39,4.8,5.0,4.8,5.0,5.0,5.0,4.8,1,2.03,1,146.0,118.0,1.7851011218968744,341.25
0,1.0,1,1,0,0,0,1,0,0,0,0,0,1.0,1.0,1.0,6.0,25.0,68,1,12,5.0,5.0,5.0,5.0,5.0,5.0,5.0,1,1.0,1,69.0,50.0,1.4761222443297504,352.0
0,1.0,1,1,0,0,0,1,0,0,0,0,0,1.0,1.0,1.0,1.0,30.0,21,2,16,5.0,5.0,5.0,5.0,5.0,5.0,5.0,1,1.58,1,107.0,2.0,1.2192019461713857,274.0
0,1.0,1,1,0,0,0,1,0,0,0,0,0,1.5,1.0,1.0,1.0,30.0,365,0,0,-1.0,-1.0,-1.0,-1.0,-1.0,-1.0,-1.0,1,0.0,0,97.0,5.0,2.6688346348587824,371.0
0,1.0,1,1,0,0,0,0,0,1,0,0,0,1.5,2.0,2.0,1.0,21.0,129,3,23,5.0,5.0,5.0,5.0,5.0,5.0,5.0,1,0.87,1,119.0,5.0,2.746150117443309,308.12
0,1.0,1,1,0,0,0,1,0,0,0,0,0,1.0,1.0,1.0,1.0,20.0,166,11,86,5.0,4.91,5.0,5.0,5.0,5.0,4.55,1,2.43,1,106.0,5.0,2.4889902099246957,342.0
0,1.0,1,1,0,0,0,0,0,1,0,0,0,1.5,2.0,2.0,1.0,10.0,18,0,0,-1.0,-1.0,-1.0,-1.0,-1.0,-1.0,-1.0,1,0.0,0,153.0,122.0,2.1542694843963828,350.0
0,1.0,1,1,0,0,0,1,0,0,0,0,0,1.0,1.0,2.0,3.0,21.0,136,1,8,5.0,5.0,5.0,5.0,5.0,5.0,5.0,1,1.0,1,116.0,85.0,2.856029250178655,402.67
0,1.0,1,1,0,0,0,0,0,1,0,0,0,1.0,2.0,2.0,3.0,365.0,6,1,8,5.0,5.0,5.0,5.0,5.0,5.0,5.0,1,0.25,1,151.0,138.0,2.4936528930422424,399.67
0,1.0,1,1,0,1,0,0,0,1,0,0,0,1.0,2.0,1.0,2.0,365.0,331,4,31,5.0,5.0,4.75,5.0,5.0,5.0,5.0,1,1.64,1,176.0,176.0,7.342048210194091,104.99
0,1.0,1,1,0,0,0,1,0,0,0,0,0,1.0,1.0,1.0,3.0,28.0,312,2,16,5.0,5.0,5.0,5.0,5.0,5.0,4.5,1,0.83,1,6.0,4.0,3.0042052642448964,222.67
1,15.0,1,1,0,0,0,1,0,0,0,0,0,1.5,1.0,1.0,1.0,365.0,27,6,47,4.83,4.67,5.0,4.83,5.0,5.0,4.83,4,1.58,1,103.0,97.0,0.5324556432738076,479.33
0,1.0,1,1,0,0,0,1,0,0,0,0,0,1.0,1.0,1.0,1.0,365.0,10,0,0,-1.0,-1.0,-1.0,-1.0,-1.0,-1.0,-1.0,1,0.0,0,146.0,5.0,3.1463853158997157,184.3
0,14.0,1,1,0,1,0,1,0,0,0,0,0,1.0,1.0,1.0,1.0,731.0,70,1,8,5.0,5.0,5.0,5.0,5.0,5.0,5.0,8,0.44,1,9.0,8.0,1.3342556703601807,245.45
0,14.0,1,1,0,1,0,1,0,0,0,0,0,1.0,1.0,1.0,1.0,731.0,49,0,0,-1.0,-1.0,-1.0,-1.0,-1.0,-1.0,-1.0,8,0.0,0,9.0,8.0,1.3342556703601807,221.09
0,14.0,1,1,0,1,0,1,0,0,0,0,0,1.0,1.0,1.0,1.0,731.0,58,1,8,5.0,5.0,5.0,5.0,5.0,5.0,4.0,8,0.24,1,9.0,8.0,1.3342556703601807,245.45
0,14.0,1,1,0,1,0,0,1,0,0,0,0,1.0,1.0,2.0,1.0,731.0,90,2,16,5.0,4.5,5.0,5.0,5.0,5.0,4.5,8,1.62,1,9.0,8.0,1.3342556703601807,245.45
0,14.0,1,1,0,1,0,0,0,1,0,0,0,1.0,2.0,2.0,1.0,731.0,76,6,47,4.83,4.83,4.67,4.83,4.67,5.0,4.67,8,1.61,1,9.0,8.0,1.3342556703601807,345.45
0,1.0,1,1,0,0,0,1,0,0,0,0,0,1.0,2.0,2.0,1.0,365.0,77,1,8,5.0,5.0,5.0,5.0,5.0,4.0,5.0,1,1.0,1,142.0,2.0,3.05820952578678,388.0
0,1.0,1,1,0,0,0,0,0,1,0,0,0,1.0,2.0,2.0,1.0,365.0,17,2,16,5.0,5.0,5.0,4.0,5.0,4.5,5.0,1,0.64,1,133.0,107.0,1.6693691363840542,685.0
0,1.0,1,1,0,0,0,1,0,0,0,0,0,1.0,1.0,1.0,2.0,365.0,6,3,23,5.0,5.0,5.0,5.0,5.0,5.0,5.0,1,1.25,1,121.0,5.0,1.336533798228931,385.5
0,1.0,1,1,0,0,0,1,0,0,0,0,0,1.0,1.0,1.0,1.0,30.0,25,4,31,5.0,5.0,5.0,5.0,5.0,4.75,4.75,1,0.99,1,159.0,159.0,2.7341200252973628,205.5
0,1.0,1,1,0,0,0,0,0,1,0,0,0,1.5,2.0,3.0,4.0,365.0,320,2,16,5.0,5.0,4.5,5.0,4.5,4.5,4.0,1,2.0,1,126.0,66.0,5.436946886199689,345.25
0,2.0,1,1,0,0,0,1,0,0,0,0,0,1.0,1.0,1.0,2.0,365.0,164,3,23,5.0,5.0,5.0,4.67,5.0,5.0,4.33,1,1.2,1,120.0,23.0,1.5320758486156778,257.0
0,1.0,1,1,0,0,0,0,0,1,0,0,0,1.0,2.0,2.0,1.0,30.0,4,2,16,5.0,5.0,5.0,5.0,5.0,4.5,4.5,1,0.49,1,120.0,5.0,2.0232826090390943,446.0
0,1.0,1,1,0,0,0,1,0,0,0,0,0,1.0,1.0,1.0,3.0,30.0,152,1,8,5.0,5.0,5.0,5.0,5.0,5.0,5.0,1,0.34,1,138.0,5.0,0.9933458546854242,338.67
0,1.0,1,1,0,0,0,1,0,0,0,0,0,1.0,1.0,1.0,3.0,365.0,195,1,8,5.0,5.0,5.0,5.0,5.0,5.0,5.0,1,0.26,1,127.0,53.0,3.2227089980182044,97.27
0,1.0,1,1,0,1,0,1,0,0,0,0,0,1.0,1.0,1.0,2.0,8.0,336,2,16,5.0,4.5,5.0,5.0,5.0,5.0,5.0,1,1.87,1,42.0,5.0,9.48251086977629,173.5
0,1.0,1,1,0,0,0,0,0,1,0,0,0,1.0,2.0,2.0,1.0,365.0,299,1,8,5.0,5.0,5.0,5.0,5.0,5.0,5.0,1,1.0,1,142.0,14.0,1.2491527133909643,417.02
0,1.0,1,1,0,0,0,1,0,0,0,0,0,1.0,2.0,2.0,1.0,10.0,7,5,39,5.0,5.0,4.8,5.0,5.0,5.0,4.8,1,1.13,1,161.0,161.0,2.7658668476286836,217.0
0,1.0,1,1,0,0,0,0,0,1,0,0,0,1.0,2.0,2.0,3.0,13.0,6,1,8,5.0,5.0,5.0,5.0,5.0,5.0,5.0,1,0.23,1,164.0,162.0,2.7726078937386576,368.0
0,1.0,1,1,0,0,0,1,0,0,0,0,0,1.0,1.0,1.0,5.0,14.0,23,4,40,5.0,5.0,5.0,5.0,5.0,5.0,5.0,1,0.93,1,132.0,5.0,1.944032679097149,376.6
0,1.0,1,1,0,0,0,1,0,0,0,0,0,1.0,1.0,1.0,2.0,15.0,341,2,16,5.0,5.0,5.0,5.0,5.0,5.0,4.5,1,2.0,1,5.0,2.0,3.1345627889221555,234.5
0,1.0,1,1,0,0,0,1,0,0,0,0,0,1.0,1.0,1.0,4.0,30.0,41,1,8,5.0,5.0,5.0,5.0,5.0,5.0,5.0,1,0.37,1,107.0,5.0,3.2105924338177556,147.78
0,1.0,1,1,0,0,0,1,0,0,0,0,0,1.0,1.0,1.0,6.0,6.0,276,3,36,5.0,5.0,5.0,5.0,5.0,5.0,5.0,1,1.48,1,154.0,5.0,1.8482920214796976,236.0
0,1.0,1,1,0,0,0,1,0,0,0,0,0,2.0,1.0,1.0,5.0,365.0,320,0,0,-1.0,-1.0,-1.0,-1.0,-1.0,-1.0,-1.0,1,0.0,0,131.0,83.0,2.365000784684153,371.8
0,1.0,1,1,0,0,0,1,0,0,0,0,0,1.0,1.0,1.0,4.0,8.0,262,0,0,-1.0,-1.0,-1.0,-1.0,-1.0,-1.0,-1.0,1,0.0,0,64.0,23.0,1.358378171726836,419.5
0,1.0,1,1,0,0,0,1,0,0,0,0,0,1.0,1.0,1.0,2.0,29.0,150,1,8,5.0,5.0,5.0,5.0,5.0,5.0,5.0,1,0.28,1,5.0,5.0,3.666175953419364,205.5
0,1.0,1,1,0,0,0,1,0,0,0,0,0,1.0,1.0,1.0,1.0,365.0,176,3,23,4.67,5.0,4.33,5.0,5.0,4.67,4.33,1,0.71,1,59.0,4.0,2.436648452258925,234.0
0,1.0,1,1,0,0,0,0,0,1,0,0,0,1.0,2.0,2.0,2.0,365.0,329,3,23,5.0,5.0,5.0,5.0,5.0,5.0,5.0,1,0.73,1,113.0,31.0,3.780220493541013,445.33
0,1.0,1,1,0,0,0,0,0,1,0,0,0,2.0,4.0,4.0,2.0,365.0,233,0,0,-1.0,-1.0,-1.0,-1.0,-1.0,-1.0,-1.0,1,0.0,0,89.0,4.0,6.005151322972266,231.0
1,15.0,1,1,0,0,0,0,1,0,0,0,0,1.0,2.0,2.0,3.0,365.0,17,1,8,5.0,5.0,5.0,5.0,5.0,5.0,5.0,4,0.22,1,103.0,97.0,0.8564480366211784,542.33
0,1.0,1,1,0,0,0,1,0,0,0,0,0,1.0,1.0,2.0,1.0,365.0,24,0,0,-1.0,-1.0,-1.0,-1.0,-1.0,-1.0,-1.0,1,0.0,0,4.0,2.0,2.816828609709633,172.0
1,6.0,1,1,0,0,0,0,0,1,0,0,0,0.5,2.0,2.0,1.0,1125.0,8,13,101,4.54,4.62,4.69,4.38,4.85,4.46,4.54,2,3.22,1,4.0,4.0,5.499759303843265,167.5
1,1.0,1,1,0,0,0,1,0,0,0,0,0,1.0,1.0,1.0,2.0,365.0,163,33,255,4.97,4.94,5.0,4.97,5.0,4.97,4.85,1,7.98,1,170.0,169.0,1.531213184265067,528.0
0,1.0,0,1,0,0,0,0,0,1,0,0,0,1.0,2.0,2.0,5.0,365.0,356,1,10,5.0,5.0,5.0,5.0,5.0,5.0,5.0,1,1.0,1,45.0,4.0,1.9859655510399894,408.6
0,1.0,1,1,0,0,0,1,0,0,0,0,0,1.0,1.0,1.0,1.0,7.0,24,4,31,5.0,5.0,5.0,5.0,5.0,5.0,5.0,1,1.64,1,23.0,4.0,3.786339596157711,189.0
0,1.0,1,1,0,0,0,0,0,1,0,0,0,2.5,3.0,4.0,6.0,30.0,174,0,0,-1.0,-1.0,-1.0,-1.0,-1.0,-1.0,-1.0,1,0.0,0,151.0,147.0,3.9207014324105707,411.67
0,1.0,1,1,0,0,0,0,0,1,0,0,0,1.0,1.0,2.0,2.0,365.0,118,1,8,5.0,5.0,5.0,5.0,5.0,5.0,5.0,1,0.67,1,4.0,2.0,1.249342567016799,429.0
0,1.0,1,1,0,0,0,0,1,0,0,0,0,1.0,2.0,1.0,4.0,30.0,69,2,16,5.0,5.0,5.0,5.0,5.0,4.0,4.0,1,1.3,1,119.0,111.0,4.167506001950602,302.5
0,1.0,1,1,0,0,0,1,0,0,0,0,0,1.0,1.0,1.0,1.0,12.0,6,1,8,5.0,5.0,5.0,5.0,5.0,5.0,5.0,1,1.0,1,122.0,4.0,1.6606397073936194,200.0
0,1.0,1,1,0,0,0,0,0,1,0,0,0,1.5,2.0,2.0,4.0,25.0,18,3,24,5.0,5.0,5.0,5.0,5.0,4.67,5.0,1,1.06,1,118.0,4.0,4.466413693881126,331.0
0,1.0,1,1,0,0,0,1,0,0,0,0,0,1.0,1.0,1.0,2.0,14.0,149,3,23,5.0,5.0,5.0,5.0,5.0,5.0,5.0,1,0.9,1,84.0,4.0,2.0681135151559413,314.0
0,1.0,1,1,0,0,0,0,0,0,1,0,0,1.0,3.0,3.0,1.0,7.0,7,2,16,5.0,5.0,5.0,5.0,5.0,5.0,5.0,1,1.13,1,145.0,4.0,6.091045111440388,252.0
0,1.0,1,1,0,0,0,0,0,1,0,0,0,1.0,2.0,2.0,2.0,365.0,166,3,23,4.67,4.67,4.67,4.67,4.33,4.67,4.33,1,1.15,1,164.0,4.0,0.9806802176654068,770.5
0,1.0,1,1,0,0,0,1,0,0,0,0,0,1.0,1.0,1.0,1.0,365.0,81,3,23,5.0,5.0,5.0,5.0,5.0,5.0,4.67,1,1.08,1,151.0,140.0,1.4861125588995072,279.59
1,13.0,1,1,0,0,0,1,0,0,0,0,0,1.0,1.0,1.0,1.0,365.0,28,0,0,-1.0,-1.0,-1.0,-1.0,-1.0,-1.0,-1.0,1,0.0,0,90.0,47.0,1.3657975042223527,265.0
0,1.0,0,1,0,0,0,1,0,0,0,0,0,1.0,1.0,1.0,2.0,20.0,6,4,31,5.0,5.0,5.0,5.0,5.0,5.0,5.0,1,1.67,1,137.0,4.0,2.885686626469839,271.5
0,1.0,1,1,0,0,0,0,0,1,0,0,0,1.0,2.0,2.0,1.0,365.0,77,0,0,-1.0,-1.0,-1.0,-1.0,-1.0,-1.0,-1.0,1,0.0,0,4.0,4.0,5.086141067624324,157.94
0,3.0,1,1,0,0,0,0,0,1,0,0,0,2.0,3.0,4.0,6.0,365.0,98,0,0,-1.0,-1.0,-1.0,-1.0,-1.0,-1.0,-1.0,1,0.0,0,78.0,78.0,0.9776147089881697,741.83
0,1.0,1,1,0,0,0,1,0,0,0,0,0,1.0,1.0,1.0,1.0,14.0,28,0,0,-1.0,-1.0,-1.0,-1.0,-1.0,-1.0,-1.0,1,0.0,0,73.0,4.0,2.419945225353923,228.5
0,3.0,1,1,0,0,0,0,1,0,0,0,0,1.5,1.0,2.0,2.0,30.0,13,4,31,5.0,5.0,5.0,5.0,5.0,5.0,4.75,1,1.28,1,130.0,80.0,1.9058130294378155,388.0
0,1.0,1,1,0,0,0,1,0,0,0,0,0,1.5,1.0,1.0,2.0,30.0,20,2,16,5.0,5.0,4.5,5.0,5.0,4.5,4.5,1,1.54,1,109.0,4.0,2.7368957376525294,242.5
1,2.0,1,1,0,0,0,1,0,0,0,0,0,1.0,1.0,1.0,1.0,365.0,208,16,125,5.0,5.0,4.94,5.0,5.0,4.81,4.81,2,3.97,1,150.0,115.0,1.886743162449313,280.0
0,1.0,1,1,0,0,0,1,0,0,0,0,0,1.0,1.0,1.0,1.0,365.0,168,5,39,5.0,4.8,5.0,5.0,5.0,5.0,4.8,1,2.08,1,138.0,4.0,2.055611756188737,180.0
0,1.0,1,1,0,0,0,0,0,1,0,0,0,1.0,2.0,2.0,1.0,7.0,349,5,39,5.0,4.8,4.8,5.0,5.0,5.0,4.6,1,2.31,1,123.0,4.0,2.392703247725092,381.0
0,1.0,1,1,0,0,0,0,0,1,0,0,0,1.0,2.0,2.0,6.0,30.0,23,4,48,5.0,5.0,5.0,5.0,5.0,5.0,5.0,1,1.97,1,120.0,4.0,1.4443633606299866,348.17
0,1.0,1,1,0,0,0,0,1,0,0,0,0,1.0,2.0,2.0,1.0,21.0,124,4,31,5.0,5.0,4.75,5.0,5.0,4.75,4.5,1,3.33,1,125.0,77.0,4.061100663524408,274.0
0,1.0,1,1,0,0,0,0,1,0,0,0,0,1.5,2.0,1.0,1.0,30.0,20,1,8,5.0,5.0,5.0,5.0,5.0,5.0,5.0,1,0.41,1,109.0,4.0,0.7777778397182521,765.0
0,1.0,1,1,0,0,0,1,0,0,0,0,0,1.0,1.0,1.0,4.0,365.0,35,2,16,5.0,5.0,5.0,4.5,5.0,4.0,5.0,1,0.91,1,137.0,114.0,2.1743308480482155,354.0
0,1.0,1,1,0,0,0,1,0,0,0,0,0,1.0,1.0,1.0,2.0,2.0,37,3,23,5.0,5.0,5.0,5.0,5.0,4.33,5.0,1,1.84,1,119.0,3.0,2.60276447602517,257.0
0,1.0,0,1,0,0,0,1,0,0,0,0,0,1.0,1.0,1.0,1.0,14.0,330,2,16,5.0,5.0,5.0,5.0,5.0,5.0,5.0,1,0.88,1,4.0,3.0,9.53565936343276,173.5
0,1.0,1,1,0,0,0,1,0,0,0,0,0,1.0,1.0,2.0,4.0,365.0,159,3,24,5.0,5.0,5.0,5.0,5.0,5.0,5.0,1,0.67,1,148.0,114.0,4.032616257366733,231.25
0,2.0,1,1,0,0,0,1,0,0,0,0,0,1.5,1.0,1.0,4.0,30.0,187,1,8,5.0,5.0,5.0,5.0,5.0,5.0,5.0,1,1.0,1,135.0,3.0,2.39826371914878,245.5
0,1.0,1,1,0,1,0,1,0,0,0,0,0,1.0,1.0,1.0,1.0,365.0,77,8,62,5.0,5.0,5.0,5.0,5.0,5.0,4.88,1,3.29,1,86.0,85.0,6.94864877226374,119.0
0,1.0,1,1,0,0,0,0,0,1,0,0,0,1.5,2.0,2.0,2.0,30.0,40,1,8,5.0,5.0,5.0,5.0,5.0,5.0,4.0,1,1.0,1,4.0,4.0,1.6482100619214446,428.0
0,1.0,1,1,0,0,0,0,0,1,0,0,0,1.0,3.0,3.0,4.0,365.0,134,0,0,-1.0,-1.0,-1.0,-1.0,-1.0,-1.0,-1.0,1,0.0,0,182.0,176.0,3.4506146285975885,350.63
0,1.0,1,1,0,0,0,1,0,0,0,0,0,1.5,1.0,1.0,1.0,365.0,74,3,23,5.0,5.0,5.0,5.0,5.0,5.0,5.0,1,1.23,1,123.0,3.0,3.066862645937034,361.67
0,1.0,1,1,0,0,0,0,0,1,0,0,0,1.0,3.0,3.0,3.0,15.0,166,0,0,-1.0,-1.0,-1.0,-1.0,-1.0,-1.0,-1.0,1,0.0,0,125.0,4.0,2.972029506795109,375.83
0,1.0,1,1,0,0,0,0,0,1,0,0,0,1.0,2.0,2.0,1.0,365.0,213,0,0,-1.0,-1.0,-1.0,-1.0,-1.0,-1.0,-1.0,1,0.0,0,124.0,124.0,0.9035734881539227,218.19
0,1.0,1,1,0,0,0,0,0,1,0,0,0,1.0,2.0,2.0,1.0,7.0,34,2,16,5.0,5.0,5.0,5.0,5.0,4.5,5.0,1,1.15,1,137.0,3.0,3.1532949366212817,297.0
0,1.0,1,1,0,0,0,1,0,0,0,0,0,1.0,1.0,1.0,6.0,22.0,165,0,0,-1.0,-1.0,-1.0,-1.0,-1.0,-1.0,-1.0,1,0.0,0,144.0,4.0,2.4703123184848867,184.5
0,1.0,1,1,0,0,0,0,0,1,0,0,0,1.5,3.0,2.0,1.0,30.0,4,1,8,5.0,5.0,5.0,5.0,5.0,5.0,5.0,1,0.65,1,141.0,109.0,9.150357130732493,194.0
0,2.0,1,1,0,1,0,1,0,0,0,0,0,1.0,1.0,1.0,1.0,365.0,345,23,179,4.35,4.43,4.39,4.43,4.74,4.87,4.3,2,5.61,1,88.0,88.0,1.082897250504,178.0
0,1.0,1,1,0,0,0,1,0,0,0,0,0,1.0,1.0,1.0,2.0,365.0,11,1,8,5.0,5.0,5.0,5.0,5.0,5.0,5.0,1,1.0,1,141.0,4.0,1.850884857079167,276.33
0,4.0,1,1,0,1,0,1,0,0,0,0,0,1.0,1.0,1.0,2.0,70.0,323,8,62,4.38,4.38,4.38,4.63,4.75,5.0,4.5,2,3.81,1,87.0,4.0,1.4713850298044606,102.71
0,1.0,1,1,0,0,0,0,1,0,0,0,0,1.0,1.0,1.0,1.0,365.0,23,1,8,5.0,4.0,5.0,5.0,5.0,4.0,4.0,1,1.0,1,85.0,85.0,4.672422744671409,263.0
1,3.0,1,1,0,0,0,1,0,0,0,0,0,1.0,1.0,1.0,1.0,10.0,93,17,133,4.76,4.82,4.94,5.0,5.0,4.29,4.47,3,5.86,1,122.0,58.0,8.59915207287285,109.0
0,1.0,1,1,0,0,0,1,0,0,0,0,0,1.0,1.0,1.0,1.0,20.0,112,7,55,5.0,5.0,5.0,5.0,5.0,5.0,4.86,1,1.72,1,105.0,19.0,3.79350198517937,335.0
0,2.0,1,1,0,1,0,0,1,0,0,0,0,1.0,1.0,2.0,2.0,365.0,348,15,117,4.53,4.27,4.0,4.87,5.0,4.53,4.13,2,3.91,1,106.0,5.0,2.422882352604912,90.5
0,1.0,1,1,0,0,0,1,0,0,0,0,0,1.0,1.0,1.0,2.0,365.0,174,6,47,4.83,4.83,5.0,4.67,4.83,4.67,4.5,1,2.47,1,119.0,4.0,2.945084585044965,274.0
0,1.0,1,1,0,0,0,1,0,0,0,0,0,1.0,1.0,1.0,2.0,15.0,29,1,8,4.0,5.0,5.0,5.0,5.0,5.0,5.0,1,0.42,1,4.0,3.0,1.7572259275654314,244.5
0,1.0,1,1,0,0,0,1,0,0,0,0,0,1.0,1.0,1.0,3.0,365.0,79,7,55,5.0,5.0,4.71,5.0,5.0,4.71,4.71,1,2.92,1,116.0,4.0,4.862550150852249,222.67
0,1.0,1,1,0,0,0,1,0,0,0,0,0,1.0,1.0,1.0,1.0,365.0,5,5,39,4.8,5.0,4.8,4.4,4.8,5.0,4.6,1,1.3,1,44.0,4.0,1.9624693969226135,285.5
0,1.0,1,1,0,0,0,1,0,0,0,0,0,1.0,1.0,1.0,1.0,15.0,91,0,0,-1.0,-1.0,-1.0,-1.0,-1.0,-1.0,-1.0,1,0.0,0,118.0,4.0,1.2597694322091015,485.0
0,1.0,1,1,0,0,0,1,0,0,0,0,0,1.0,1.0,1.0,1.0,365.0,10,1,8,5.0,5.0,5.0,5.0,5.0,5.0,5.0,1,0.77,1,124.0,4.0,2.3551293194170975,354.0
0,1.0,1,1,0,0,0,1,0,0,0,0,0,1.0,1.0,1.0,3.0,365.0,227,0,0,-1.0,-1.0,-1.0,-1.0,-1.0,-1.0,-1.0,1,0.0,0,155.0,105.0,3.599810713748232,247.33
0,1.0,1,1,0,0,0,0,0,1,0,0,0,1.0,3.0,3.0,3.0,365.0,86,0,0,-1.0,-1.0,-1.0,-1.0,-1.0,-1.0,-1.0,1,0.0,0,163.0,84.0,1.8067856579715567,685.0
1,14.0,1,1,0,1,0,0,0,1,0,0,0,2.0,2.0,4.0,1.0,365.0,178,1,8,5.0,5.0,5.0,5.0,5.0,5.0,5.0,14,0.32,1,22.0,22.0,0.5470429111190593,274.0
0,1.0,1,1,0,0,0,0,0,1,0,0,0,1.0,3.0,3.0,1.0,365.0,9,1,8,5.0,5.0,5.0,5.0,5.0,5.0,5.0,1,1.0,1,100.0,4.0,2.238990452923715,349.0
1,14.0,1,1,0,1,0,0,0,1,0,0,0,2.0,2.0,1.0,1.0,365.0,190,0,0,-1.0,-1.0,-1.0,-1.0,-1.0,-1.0,-1.0,14,0.0,0,22.0,22.0,0.5006071831919029,524.0
0,1.0,1,1,0,0,0,1,0,0,0,0,0,1.0,1.0,1.0,1.0,30.0,26,0,0,-1.0,-1.0,-1.0,-1.0,-1.0,-1.0,-1.0,1,0.0,0,92.0,4.0,1.5855886358248252,276.0
1,14.0,1,1,0,1,0,0,1,0,0,0,0,2.0,2.0,3.0,1.0,365.0,130,0,0,-1.0,-1.0,-1.0,-1.0,-1.0,-1.0,-1.0,14,0.0,0,22.0,22.0,0.5470429111190593,254.0
0,2.0,1,1,0,1,0,1,0,0,0,0,0,1.0,1.0,1.0,2.0,365.0,248,14,109,4.93,4.79,5.0,4.57,5.0,4.36,4.86,2,4.83,1,14.0,4.0,8.18827435630597,94.5
0,1.0,1,1,0,0,0,0,0,1,0,0,0,1.0,2.0,2.0,1.0,365.0,150,7,55,4.0,4.14,4.14,4.29,4.57,4.86,3.57,1,2.76,1,3.0,3.0,0.586481471571408,280.5
0,1.0,1,1,0,0,0,1,0,0,0,0,0,1.0,1.0,1.0,5.0,15.0,89,0,0,-1.0,-1.0,-1.0,-1.0,-1.0,-1.0,-1.0,1,0.0,0,83.0,3.0,1.5622658301535983,280.8
0,5.0,1,1,0,1,0,0,1,0,0,0,0,1.0,1.0,1.0,1.0,365.0,247,3,23,4.33,4.33,5.0,5.0,4.33,5.0,2.67,5,1.36,1,3.0,3.0,0.9154209043214036,153.0
0,1.0,1,1,0,0,0,1,0,0,0,0,0,1.5,1.0,1.0,1.0,365.0,185,1,8,5.0,5.0,5.0,5.0,5.0,5.0,5.0,1,0.31,1,11.0,4.0,2.348028494038211,286.0
0,1.0,1,1,0,1,0,1,0,0,0,0,0,2.0,1.0,2.0,1.0,26.0,326,3,23,5.0,5.0,5.0,5.0,5.0,5.0,5.0,1,1.48,1,3.0,3.0,7.431811036035371,109.0
0,2.0,1,1,0,0,0,0,0,1,0,0,0,1.0,2.0,2.0,1.0,365.0,173,14,109,4.64,4.71,4.71,5.0,4.86,4.57,4.64,2,4.16,1,3.0,3.0,5.063425867316724,252.0
0,1.0,1,1,0,0,0,0,0,0,1,0,0,1.0,3.0,3.0,4.0,30.0,58,1,8,5.0,5.0,5.0,5.0,5.0,5.0,5.0,1,0.58,1,120.0,120.0,5.14298043948229,242.5
0,1.0,1,1,0,0,0,1,0,0,0,0,0,1.0,1.0,1.0,2.0,365.0,108,0,0,-1.0,-1.0,-1.0,-1.0,-1.0,-1.0,-1.0,1,0.0,0,133.0,3.0,4.076014508018561,188.0
0,1.0,1,1,0,1,0,0,0,1,0,0,0,1.0,2.0,2.0,1.0,14.0,224,35,255,5.0,4.94,5.0,4.91,4.97,4.97,4.8,1,9.63,1,4.0,4.0,1.4497271176268731,322.0
1,9.0,1,1,0,0,0,0,0,1,0,0,0,1.0,2.0,1.0,1.0,365.0,12,12,94,4.0,4.17,3.92,4.08,4.17,4.5,4.0,3,4.5,1,136.0,3.0,1.139238468193931,164.0
0,1.0,1,1,0,0,0,0,0,0,1,0,0,1.0,3.0,3.0,5.0,365.0,16,0,0,-1.0,-1.0,-1.0,-1.0,-1.0,-1.0,-1.0,1,0.0,0,160.0,118.0,5.7140406777302095,342.4
0,1.0,1,1,0,0,0,1,0,0,0,0,0,1.0,1.0,1.0,1.0,21.0,174,3,23,5.0,5.0,5.0,5.0,5.0,4.67,4.33,1,1.34,1,63.0,3.0,0.9902951587065825,400.0
0,1.0,1,1,0,1,0,1,0,0,0,0,0,1.0,1.0,1.0,2.0,14.0,201,10,78,5.0,4.9,5.0,5.0,5.0,4.9,4.9,1,3.19,1,3.0,3.0,2.288174749157718,190.5
0,1.0,1,1,0,0,0,0,0,1,0,0,0,1.0,1.0,1.0,1.0,30.0,171,8,62,4.5,4.5,4.25,4.25,4.5,4.5,4.38,1,3.29,1,98.0,3.0,2.306629366060073,380.67
0,1.0,1,1,0,0,0,1,0,0,0,0,0,1.0,1.0,1.0,2.0,30.0,364,2,16,5.0,5.0,5.0,5.0,5.0,5.0,5.0,1,0.92,1,115.0,3.0,2.7479696750438216,399.5
0,1.0,1,1,0,0,0,0,0,1,0,0,0,2.5,3.0,3.0,2.0,23.0,25,0,0,-1.0,-1.0,-1.0,-1.0,-1.0,-1.0,-1.0,1,0.0,0,166.0,107.0,3.6790972212616397,510.67
0,1.0,1,1,0,0,0,0,1,0,0,0,0,1.0,2.0,1.0,3.0,30.0,34,4,31,5.0,4.75,5.0,5.0,4.75,5.0,5.0,1,1.82,1,11.0,3.0,2.956110717980035,211.33
0,4.0,1,1,0,0,0,0,1,0,0,0,0,1.0,1.0,1.0,2.0,365.0,364,2,16,5.0,5.0,4.5,5.0,4.5,4.5,5.0,4,0.69,1,25.0,25.0,1.5842664309756753,279.59
0,1.0,1,1,0,1,0,1,0,0,0,0,0,1.0,1.0,1.0,1.0,30.0,355,4,31,5.0,5.0,5.0,5.0,5.0,5.0,5.0,1,2.61,1,100.0,1.0,4.926193646762882,171.0
0,2.0,1,1,0,0,0,1,0,0,0,0,0,1.0,1.0,1.0,4.0,10.0,14,4,32,5.0,5.0,5.0,5.0,5.0,5.0,4.5,1,2.11,1,49.0,3.0,2.5726896976240368,229.5
0,1.0,1,1,0,0,0,0,1,0,0,0,0,1.0,2.0,3.0,1.0,3.0,176,3,23,5.0,5.0,5.0,5.0,5.0,4.67,5.0,1,1.38,1,126.0,3.0,2.3877387042341613,594.0
0,1.0,1,1,0,0,0,1,0,0,0,0,0,1.0,1.0,1.0,4.0,30.0,11,0,0,-1.0,-1.0,-1.0,-1.0,-1.0,-1.0,-1.0,1,0.0,0,75.0,3.0,2.360742170962892,244.25
0,1.0,1,1,0,0,0,0,0,1,0,0,0,1.0,3.0,2.0,3.0,15.0,7,2,16,5.0,5.0,5.0,5.0,5.0,5.0,5.0,1,1.0,1,157.0,3.0,3.8775587032466654,219.54
0,1.0,1,1,0,0,0,0,0,1,0,0,0,1.5,1.0,1.0,2.0,14.0,157,0,0,-1.0,-1.0,-1.0,-1.0,-1.0,-1.0,-1.0,1,0.0,0,35.0,3.0,6.155576692114155,305.5
0,1.0,1,1,0,0,0,0,0,1,0,0,0,1.0,2.0,2.0,3.0,365.0,193,1,8,5.0,5.0,5.0,5.0,5.0,5.0,5.0,1,0.81,1,142.0,1.0,2.8557150512614027,418.67
0,1.0,1,1,0,0,0,1,0,0,0,0,0,1.0,1.0,1.0,1.0,30.0,27,3,23,5.0,5.0,5.0,5.0,5.0,5.0,5.0,1,1.2,1,144.0,3.0,1.7615647880879508,308.5
0,1.0,1,1,0,0,0,0,1,0,0,0,0,1.0,1.0,2.0,2.0,365.0,8,3,23,5.0,5.0,4.67,5.0,5.0,4.0,4.0,1,2.2,1,123.0,3.0,2.3421023747444263,422.33
0,1.0,1,1,0,0,0,0,0,1,0,0,0,1.5,3.0,3.0,3.0,10.0,31,0,0,-1.0,-1.0,-1.0,-1.0,-1.0,-1.0,-1.0,1,0.0,0,43.0,43.0,2.4756592363171523,336.67
0,1.0,1,1,0,0,0,0,0,1,0,0,0,1.0,2.0,2.0,2.0,30.0,118,1,8,5.0,5.0,5.0,5.0,5.0,5.0,5.0,1,1.0,1,123.0,3.0,4.808063311334217,229.05
0,1.0,1,1,0,1,0,1,0,0,0,0,0,1.0,1.0,1.0,2.0,14.0,55,3,23,5.0,5.0,5.0,5.0,5.0,5.0,5.0,1,0.97,1,120.0,120.0,7.598253982909006,183.0
0,1.0,1,1,0,0,0,1,0,0,0,0,0,1.0,1.0,1.0,1.0,365.0,364,4,31,4.0,4.5,4.25,4.75,4.75,5.0,3.75,1,1.69,1,149.0,44.0,2.1473041338929084,286.0
0,7.0,1,1,0,0,0,0,0,0,1,0,0,1.0,1.0,2.0,1.0,999.0,287,4,31,5.0,5.0,5.0,5.0,5.0,5.0,4.5,7,1.19,1,92.0,92.0,2.2935671252458487,253.0
0,5.0,1,1,0,1,0,0,0,0,1,0,0,1.0,1.0,5.0,1.0,365.0,258,2,16,4.5,5.0,4.5,4.5,5.0,5.0,4.0,5,1.3,1,3.0,3.0,0.9154209043214036,250.0
0,1.0,1,1,0,0,0,1,0,0,0,0,0,1.0,1.0,1.0,1.0,8.0,20,2,16,5.0,5.0,5.0,5.0,5.0,5.0,5.0,1,0.75,1,142.0,19.0,2.4805659078153575,419.5
0,5.0,1,1,0,1,0,0,0,1,0,0,0,1.0,1.0,1.0,1.0,365.0,252,0,0,-1.0,-1.0,-1.0,-1.0,-1.0,-1.0,-1.0,5,0.0,0,3.0,3.0,0.8163938449271835,209.0
0,5.0,1,1,0,1,0,0,0,0,0,0,0,1.0,1.0,1.0,1.0,365.0,238,18,140,4.28,4.22,4.17,5.0,4.17,4.89,3.67,5,9.82,1,3.0,3.0,0.9154209043214036,75.67
0,5.0,1,1,0,1,0,1,0,0,0,0,0,1.0,1.0,2.0,1.0,365.0,252,0,0,-1.0,-1.0,-1.0,-1.0,-1.0,-1.0,-1.0,5,0.0,0,3.0,3.0,0.9154209043214036,125.0
0,1.0,1,1,0,0,0,0,0,1,0,0,0,1.0,2.0,2.0,2.0,365.0,28,3,23,5.0,5.0,5.0,5.0,5.0,5.0,5.0,1,1.53,1,126.0,126.0,0.9879745328345824,456.5
0,1.0,1,1,0,0,0,1,0,0,0,0,0,1.0,1.0,2.0,2.0,365.0,319,1,8,5.0,5.0,5.0,5.0,5.0,5.0,5.0,1,1.0,1,166.0,154.0,3.699167431706759,228.5
0,1.0,1,1,0,0,0,1,0,0,0,0,0,1.0,1.0,1.0,5.0,365.0,166,0,0,-1.0,-1.0,-1.0,-1.0,-1.0,-1.0,-1.0,1,0.0,0,124.0,3.0,3.814642026971527,169.0
0,1.0,1,1,0,0,0,0,0,1,0,0,0,1.0,2.0,2.0,1.0,365.0,166,4,31,5.0,5.0,4.75,5.0,5.0,5.0,4.75,1,1.5,1,154.0,135.0,5.57234002118362,400.0
0,1.0,1,1,0,0,0,1,0,0,0,0,0,1.0,1.0,1.0,2.0,25.0,260,11,86,4.73,4.82,4.45,5.0,5.0,5.0,4.73,1,4.18,1,129.0,79.0,1.8849392407355021,314.0
0,1.0,1,1,0,0,0,0,0,1,0,0,0,1.5,1.0,2.0,1.0,365.0,256,4,31,5.0,5.0,4.75,5.0,5.0,5.0,5.0,1,1.67,1,3.0,3.0,1.611915911857376,244.0
0,1.0,1,1,0,0,0,1,0,0,0,0,0,1.0,1.0,1.0,1.0,365.0,192,3,23,5.0,5.0,5.0,5.0,5.0,4.67,4.67,1,1.03,1,59.0,3.0,3.594168485429058,216.0
1,5.0,1,1,0,0,0,1,0,0,0,0,0,1.5,1.0,1.0,3.0,365.0,147,7,55,5.0,5.0,5.0,5.0,5.0,5.0,5.0,2,2.53,1,158.0,136.0,1.4046206574013476,342.67
0,1.0,0,1,0,0,0,1,0,0,0,0,0,1.0,1.0,1.0,3.0,365.0,172,7,55,4.43,4.71,4.0,5.0,4.86,4.86,4.29,1,2.92,1,5.0,3.0,2.28217188366512,236.67
0,1.0,1,1,0,0,0,1,0,0,0,0,0,1.0,1.0,1.0,1.0,4.0,11,3,23,5.0,5.0,5.0,4.67,5.0,5.0,4.33,1,1.25,1,155.0,3.0,2.6702940870489487,217.0
0,1.0,1,1,0,0,0,1,0,0,0,0,0,1.0,1.0,1.0,1.0,365.0,18,4,31,5.0,5.0,5.0,5.0,5.0,5.0,5.0,1,1.82,1,118.0,3.0,2.0364227125054937,176.0
0,1.0,1,1,0,0,0,1,0,0,0,0,0,1.0,1.0,1.0,2.0,365.0,123,2,16,5.0,5.0,5.0,5.0,5.0,5.0,5.0,1,2.0,1,21.0,3.0,1.5955511712335502,471.0
0,1.0,1,1,0,0,0,1,0,0,0,0,0,1.0,1.0,1.0,2.0,365.0,125,1,8,5.0,5.0,5.0,5.0,5.0,5.0,5.0,1,0.91,1,135.0,3.0,2.3107534258494233,331.0
0,2.0,1,1,0,0,0,0,1,0,0,0,0,1.0,1.0,2.0,1.0,365.0,264,12,94,4.67,4.75,4.67,4.92,4.83,4.58,4.67,2,5.29,1,3.0,3.0,5.0583693980057145,171.5
0,4.0,1,1,0,1,0,1,0,0,0,0,0,1.0,1.0,1.0,2.0,365.0,240,10,78,4.1,3.8,3.7,4.7,4.7,4.9,3.8,2,3.53,1,87.0,4.0,1.6383856638750882,85.59
0,1.0,1,1,0,0,0,0,0,1,0,0,0,1.0,3.0,4.0,3.0,365.0,99,1,8,5.0,5.0,5.0,5.0,5.0,5.0,5.0,1,0.38,1,122.0,3.0,4.019257425967928,285.33
0,1.0,1,1,0,0,0,0,0,1,0,0,0,1.0,3.0,3.0,3.0,21.0,15,0,0,-1.0,-1.0,-1.0,-1.0,-1.0,-1.0,-1.0,1,0.0,0,88.0,2.0,1.6091604978651257,379.5
0,1.0,1,1,0,0,0,1,0,0,0,0,0,1.0,1.0,1.0,4.0,30.0,73,1,8,5.0,5.0,5.0,5.0,5.0,5.0,5.0,1,0.51,1,135.0,2.0,2.303146508125386,372.5
0,1.0,1,1,0,0,0,0,0,1,0,0,0,2.0,3.0,2.0,3.0,30.0,19,2,16,4.5,5.0,4.5,5.0,5.0,4.5,5.0,1,1.76,1,153.0,121.0,2.844181174624266,504.33
0,1.0,1,1,0,0,0,1,0,0,0,0,0,1.0,1.0,1.0,3.0,14.0,15,2,16,5.0,5.0,5.0,5.0,5.0,5.0,5.0,1,0.98,1,58.0,2.0,2.2163930410910866,407.33
0,1.0,1,1,0,0,0,0,0,1,0,0,0,1.0,2.0,2.0,3.0,7.0,78,8,62,4.88,5.0,4.88,4.88,5.0,4.88,4.88,1,3.0,1,3.0,3.0,4.171003822543556,424.67
0,1.0,1,1,0,0,0,0,0,1,0,0,0,1.0,2.0,2.0,1.0,365.0,249,17,133,4.71,4.76,4.76,4.94,4.94,4.82,4.71,1,5.6,1,3.0,3.0,1.7219992336001841,292.0
0,1.0,1,1,0,0,0,0,0,1,0,0,0,1.0,2.0,2.0,3.0,7.0,166,2,16,5.0,5.0,5.0,5.0,5.0,5.0,4.5,1,1.02,1,70.0,3.0,2.887008269288703,426.67
0,2.0,1,1,0,1,0,1,0,0,0,0,0,1.0,1.0,2.0,1.0,1125.0,135,14,109,5.0,4.93,4.93,4.86,5.0,4.64,4.71,2,4.83,1,3.0,3.0,6.18979091788345,98.0
0,1.0,1,1,0,0,0,1,0,0,0,0,0,1.0,1.0,1.0,3.0,365.0,96,0,0,-1.0,-1.0,-1.0,-1.0,-1.0,-1.0,-1.0,1,0.0,0,66.0,2.0,3.775021551064138,285.33
0,1.0,0,1,0,0,0,1,0,0,0,0,0,1.0,1.0,1.0,2.0,7.0,353,1,8,5.0,5.0,5.0,5.0,5.0,5.0,5.0,1,1.0,1,38.0,2.0,1.2379384350459288,399.5
0,2.0,1,1,0,1,0,0,0,0,0,0,0,1.0,1.0,1.0,1.0,1125.0,116,13,101,5.0,5.0,4.92,4.92,5.0,4.69,4.69,2,5.27,1,3.0,3.0,6.261684221083833,86.0
0,1.0,1,1,0,0,0,0,0,0,0,1,0,1.0,3.0,4.0,1.0,365.0,33,18,140,4.22,4.5,4.28,4.56,4.78,4.5,4.0,1,6.43,1,4.0,4.0,3.007118218947114,302.41
0,2.0,1,1,0,0,0,1,0,0,0,0,0,1.0,2.0,2.0,2.0,30.0,31,0,0,-1.0,-1.0,-1.0,-1.0,-1.0,-1.0,-1.0,1,0.0,0,110.0,84.0,1.6111482894201012,358.0
0,1.0,1,1,0,1,0,0,0,1,0,0,0,1.5,2.0,2.0,2.0,14.0,25,1,8,5.0,5.0,5.0,5.0,5.0,5.0,5.0,1,1.0,1,3.0,1.0,7.000558405018242,285.5
0,1.0,1,1,0,0,0,1,0,0,0,0,0,1.0,1.0,1.0,3.0,18.0,330,0,0,-1.0,-1.0,-1.0,-1.0,-1.0,-1.0,-1.0,1,0.0,0,79.0,3.0,2.5727660620969965,258.67
0,1.0,1,1,0,0,0,1,0,0,0,0,0,1.0,1.0,2.0,2.0,365.0,169,2,16,5.0,5.0,5.0,5.0,5.0,5.0,5.0,1,2.0,1,146.0,133.0,1.338319260844122,371.5
0,1.0,1,1,0,0,0,1,0,0,0,0,0,1.0,1.0,1.0,2.0,1125.0,274,1,8,5.0,5.0,5.0,5.0,5.0,5.0,5.0,1,1.0,1,98.0,98.0,3.3687214002834636,408.0
0,1.0,1,1,0,1,0,1,0,0,0,0,0,1.0,1.0,1.0,1.0,365.0,344,8,62,4.63,4.5,4.88,4.88,4.88,4.5,4.63,1,3.29,1,11.0,2.0,3.0237101218287394,118.0
0,1.0,1,1,0,0,0,1,0,0,0,0,0,1.0,1.0,1.0,2.0,365.0,5,2,16,5.0,4.5,5.0,5.0,5.0,4.5,4.0,1,1.02,1,136.0,2.0,2.5565887979011075,268.5
0,1.0,1,1,0,0,0,1,0,0,0,0,0,1.0,1.0,1.0,2.0,30.0,3,2,16,5.0,5.0,5.0,4.5,5.0,5.0,5.0,1,0.92,1,136.0,2.0,2.21369920689253,211.12
0,9.0,1,1,0,1,0,0,0,0,0,0,0,1.0,1.0,1.0,1.0,1000.0,200,0,0,-1.0,-1.0,-1.0,-1.0,-1.0,-1.0,-1.0,5,0.0,0,33.0,32.0,6.528722627826495,80.0
0,1.0,1,1,0,0,0,1,0,0,0,0,0,1.0,1.0,1.0,1.0,30.0,31,6,47,4.83,5.0,4.5,4.33,5.0,5.0,4.33,1,3.91,1,60.0,1.0,2.7937247480756047,343.0
0,1.0,0,1,0,0,0,1,0,0,0,0,0,1.0,1.0,1.0,3.0,30.0,257,0,0,-1.0,-1.0,-1.0,-1.0,-1.0,-1.0,-1.0,1,0.0,0,3.0,2.0,0.6411283272572351,437.83
0,1.0,1,1,0,0,0,1,0,0,0,0,0,1.0,1.0,1.0,1.0,30.0,58,0,0,-1.0,-1.0,-1.0,-1.0,-1.0,-1.0,-1.0,1,0.0,0,72.0,1.0,1.374936254078093,299.0
1,5.0,1,1,0,1,0,0,0,0,0,0,0,1.5,1.0,1.0,1.0,60.0,135,21,164,5.0,4.95,5.0,5.0,5.0,4.81,4.76,5,7.16,1,104.0,103.0,3.4263618976143944,110.0
0,1.0,1,1,0,0,0,0,1,0,0,0,0,1.0,2.0,2.0,3.0,40.0,135,0,0,-1.0,-1.0,-1.0,-1.0,-1.0,-1.0,-1.0,1,0.0,0,112.0,2.0,4.882374659125602,429.84
0,1.0,1,1,0,1,0,1,0,0,0,0,0,1.0,1.0,1.0,2.0,14.0,28,1,8,5.0,5.0,5.0,5.0,5.0,5.0,5.0,1,1.0,1,49.0,2.0,6.8810768792526,120.0
0,1.0,1,1,0,0,0,1,0,0,0,0,0,1.0,1.0,1.0,3.0,7.0,227,1,8,5.0,5.0,5.0,5.0,5.0,5.0,5.0,1,1.0,1,138.0,2.0,1.4940063834772235,314.0
0,1.0,1,1,0,0,0,1,0,0,0,0,0,1.0,1.0,1.0,4.0,365.0,350,0,0,-1.0,-1.0,-1.0,-1.0,-1.0,-1.0,-1.0,1,0.0,0,118.0,34.0,2.3466371198176836,340.25
0,1.0,1,1,0,0,0,1,0,0,0,0,0,1.0,1.0,1.0,2.0,365.0,166,0,0,-1.0,-1.0,-1.0,-1.0,-1.0,-1.0,-1.0,1,0.0,0,52.0,2.0,2.7012591316321846,228.5
0,1.0,1,1,0,0,0,0,0,0,0,1,0,1.5,3.0,3.0,2.0,365.0,11,8,62,5.0,5.0,4.75,5.0,5.0,5.0,4.75,1,3.0,1,142.0,126.0,6.159052673625929,542.33
0,4.0,1,1,0,1,0,1,0,0,0,0,0,1.0,1.0,1.0,1.0,365.0,354,3,23,4.0,5.0,4.67,5.0,4.67,4.67,3.67,1,1.96,1,33.0,33.0,0.6308435123994091,169.0
1,4.0,1,1,0,0,0,0,0,1,0,0,0,1.0,2.0,3.0,2.0,365.0,347,4,31,5.0,5.0,5.0,5.0,5.0,5.0,5.0,2,1.6,1,169.0,137.0,1.508529987144854,759.0
0,1.0,1,1,0,0,0,1,0,0,0,0,0,1.0,1.0,1.0,1.0,365.0,230,2,16,5.0,5.0,5.0,4.5,5.0,4.5,4.5,1,2.0,1,89.0,2.0,2.727939244810218,287.33
0,1.0,1,1,0,1,0,1,0,0,0,0,0,1.0,1.0,2.0,1.0,365.0,234,8,62,5.0,5.0,5.0,4.88,5.0,5.0,4.75,1,3.33,1,132.0,2.0,3.17284040822695,165.47
0,1.0,1,1,0,0,0,1,0,0,0,0,0,1.0,1.0,1.0,2.0,365.0,365,2,16,5.0,5.0,5.0,5.0,5.0,5.0,5.0,1,1.71,1,109.0,20.0,0.8007145689633436,375.0
0,1.0,1,1,0,0,0,0,0,1,0,0,0,1.0,3.0,3.0,1.0,365.0,23,0,0,-1.0,-1.0,-1.0,-1.0,-1.0,-1.0,-1.0,1,0.0,0,127.0,2.0,2.1260893764819584,607.2
0,1.0,1,1,0,0,0,0,0,1,0,0,0,1.0,2.0,2.0,2.0,10.0,345,3,23,4.67,5.0,5.0,5.0,5.0,4.67,4.0,1,1.53,1,119.0,2.0,1.8686721327766458,565.0
0,1.0,1,1,0,0,0,1,0,0,0,0,0,1.0,1.0,1.0,3.0,80.0,352,2,16,5.0,5.0,5.0,5.0,5.0,5.0,5.0,1,2.0,1,49.0,24.0,0.9420100632494178,249.92
0,1.0,1,1,0,0,0,1,0,0,0,0,0,1.0,1.0,1.0,2.0,365.0,11,5,39,5.0,5.0,5.0,5.0,5.0,4.4,4.6,1,2.05,1,46.0,2.0,2.4691990287586587,342.67
0,4.0,1,1,0,1,0,1,0,0,0,0,0,1.0,1.0,1.0,3.0,365.0,6,3,23,4.67,5.0,4.33,5.0,5.0,4.67,4.33,3,1.32,1,40.0,40.0,2.2475890523769086,104.67
0,1.0,1,1,0,0,0,0,0,1,0,0,0,2.0,5.0,8.0,7.0,13.0,47,0,0,-1.0,-1.0,-1.0,-1.0,-1.0,-1.0,-1.0,1,0.0,0,153.0,2.0,4.063729906657134,449.14
0,1.0,1,1,0,0,0,0,0,1,0,0,0,2.0,3.0,3.0,4.0,14.0,7,0,0,-1.0,-1.0,-1.0,-1.0,-1.0,-1.0,-1.0,1,0.0,0,152.0,108.0,2.313710095052841,509.25
0,1.0,1,1,0,0,0,0,0,1,0,0,0,1.0,2.0,2.0,1.0,365.0,14,0,0,-1.0,-1.0,-1.0,-1.0,-1.0,-1.0,-1.0,1,0.0,0,118.0,0.0,1.4007654018231086,456.47
0,6.0,1,1,0,0,0,0,0,0,0,0,1,2.0,2.0,3.0,1.0,365.0,335,4,31,4.5,4.0,4.75,4.75,4.5,4.5,4.25,6,2.14,1,2.0,2.0,0.7071688215538241,591.0
0,1.0,1,1,0,0,0,0,0,1,0,0,0,1.0,2.0,2.0,2.0,30.0,239,0,0,-1.0,-1.0,-1.0,-1.0,-1.0,-1.0,-1.0,1,0.0,0,2.0,2.0,3.7972876817532817,377.0
0,3.0,1,1,0,1,0,0,0,1,0,0,0,1.5,2.0,3.0,1.0,42.0,123,6,47,5.0,5.0,5.0,5.0,4.83,4.83,4.17,3,2.5,1,174.0,172.0,1.748624552713276,255.0
0,1.0,1,1,0,0,0,1,0,0,0,0,0,1.0,1.0,1.0,3.0,30.0,16,0,0,-1.0,-1.0,-1.0,-1.0,-1.0,-1.0,-1.0,1,0.0,0,39.0,24.0,1.0626923355848015,228.33
1,2.0,1,1,0,0,0,1,0,0,0,0,0,1.0,1.0,1.0,1.0,1125.0,124,14,109,5.0,5.0,5.0,5.0,5.0,4.71,5.0,2,5.6,1,49.0,49.0,6.172545432979219,132.0
0,1.0,1,1,0,0,0,1,0,0,0,0,0,1.0,1.0,1.0,2.0,365.0,330,1,8,5.0,5.0,4.0,5.0,5.0,5.0,5.0,1,0.68,1,137.0,2.0,1.7052160522896387,293.0
0,1.0,1,1,0,0,0,1,0,0,0,0,0,1.0,1.0,1.0,2.0,4.0,74,0,0,-1.0,-1.0,-1.0,-1.0,-1.0,-1.0,-1.0,1,0.0,0,9.0,2.0,2.3255734183668966,462.5
1,1.0,1,1,0,0,0,1,0,0,0,0,0,1.0,1.0,1.0,2.0,365.0,28,1,8,5.0,5.0,5.0,5.0,5.0,5.0,5.0,1,0.56,1,142.0,84.0,0.899984670751543,340.67
1,2.0,1,1,0,0,0,1,0,0,0,0,0,1.0,1.0,1.0,1.0,1125.0,123,11,86,5.0,5.0,4.91,5.0,5.0,4.91,4.82,2,7.86,1,49.0,49.0,6.169246112274023,135.0
0,1.0,1,1,0,0,0,0,0,1,0,0,0,1.0,3.0,2.0,4.0,30.0,7,2,16,5.0,5.0,5.0,5.0,5.0,4.5,5.0,1,2.0,1,123.0,2.0,4.949856211777023,251.06
0,1.0,1,1,0,0,0,1,0,0,0,0,0,1.0,3.0,2.0,2.0,365.0,112,0,0,-1.0,-1.0,-1.0,-1.0,-1.0,-1.0,-1.0,1,0.0,0,161.0,109.0,2.8218226806630864,293.0
0,1.0,1,1,0,0,0,0,0,1,0,0,0,2.0,2.0,3.0,3.0,25.0,185,0,0,-1.0,-1.0,-1.0,-1.0,-1.0,-1.0,-1.0,1,0.0,0,112.0,80.0,3.6105537925212254,639.06
0,1.0,1,1,0,0,0,1,0,0,0,0,0,1.0,1.0,1.0,1.0,30.0,41,1,8,5.0,5.0,5.0,5.0,5.0,5.0,5.0,1,1.0,1,95.0,83.0,5.026495599130554,137.0
0,1.0,1,1,0,0,0,1,0,0,0,0,0,1.0,1.0,1.0,2.0,365.0,327,1,8,5.0,5.0,5.0,5.0,5.0,5.0,5.0,1,0.5,1,23.0,2.0,1.6309549685022118,236.8
0,1.0,1,1,0,0,0,0,0,1,0,0,0,1.5,2.0,2.0,3.0,30.0,18,0,0,-1.0,-1.0,-1.0,-1.0,-1.0,-1.0,-1.0,1,0.0,0,10.0,1.0,3.807333367025398,228.33
0,1.0,1,1,0,0,0,1,0,0,0,0,0,1.0,1.0,1.0,2.0,30.0,174,2,16,5.0,5.0,5.0,5.0,4.5,5.0,5.0,1,2.0,1,134.0,2.0,2.021059375487768,308.33
0,1.0,1,1,0,0,0,1,0,0,0,0,0,1.0,1.0,1.0,1.0,30.0,8,1,8,5.0,5.0,5.0,5.0,5.0,5.0,5.0,1,0.57,1,40.0,2.0,3.029431379376833,492.61
0,1.0,1,1,0,0,0,0,0,1,0,0,0,1.0,3.0,3.0,5.0,17.0,95,0,0,-1.0,-1.0,-1.0,-1.0,-1.0,-1.0,-1.0,1,0.0,0,146.0,2.0,5.878400611358445,521.0
0,1.0,1,1,0,0,0,1,0,0,0,0,0,1.0,1.0,2.0,4.0,31.0,13,0,0,-1.0,-1.0,-1.0,-1.0,-1.0,-1.0,-1.0,1,0.0,0,137.0,2.0,1.7301529063615362,411.0
0,1.0,1,1,0,0,0,0,0,1,0,0,0,2.0,4.0,3.0,1.0,365.0,3,1,8,5.0,5.0,5.0,5.0,5.0,5.0,5.0,1,1.0,1,143.0,143.0,6.54668980135721,400.0
0,1.0,1,1,0,0,0,1,0,0,0,0,0,1.0,1.0,1.0,1.0,25.0,352,0,0,-1.0,-1.0,-1.0,-1.0,-1.0,-1.0,-1.0,1,0.0,0,145.0,94.0,4.833345210212868,205.87
0,1.0,1,1,0,0,0,1,0,0,0,0,0,1.0,1.0,1.0,1.0,20.0,55,0,0,-1.0,-1.0,-1.0,-1.0,-1.0,-1.0,-1.0,1,0.0,0,137.0,2.0,1.2155264706103386,404.0
0,1.0,1,1,0,0,0,0,1,0,0,0,0,1.5,2.0,2.0,1.0,14.0,189,0,0,-1.0,-1.0,-1.0,-1.0,-1.0,-1.0,-1.0,1,0.0,0,126.0,1.0,5.491587471231967,218.0
0,1.0,1,1,0,0,0,1,0,0,0,0,0,1.0,1.0,1.0,2.0,365.0,254,0,0,-1.0,-1.0,-1.0,-1.0,-1.0,-1.0,-1.0,1,0.0,0,2.0,2.0,2.129087582253475,228.5
0,1.0,1,1,0,0,0,0,0,0,0,1,0,1.5,3.0,3.0,1.0,365.0,235,10,78,4.9,5.0,4.9,5.0,5.0,4.9,4.8,1,5.08,1,2.0,2.0,0.49901344673838305,624.0
1,9.0,1,1,0,0,0,1,0,0,0,0,0,1.0,1.0,1.0,1.0,365.0,21,3,23,4.33,4.33,4.33,5.0,5.0,4.33,4.0,3,1.48,1,136.0,3.0,3.021686042710692,174.0
0,1.0,1,1,0,0,0,0,0,1,0,0,0,1.0,2.0,2.0,1.0,30.0,305,1,8,5.0,5.0,5.0,5.0,5.0,5.0,5.0,1,1.0,1,149.0,135.0,3.4267838310979593,650.0
0,2.0,1,1,0,0,0,1,0,0,0,0,0,1.0,1.0,1.0,2.0,1125.0,254,1,8,5.0,5.0,5.0,5.0,5.0,5.0,5.0,2,1.0,1,176.0,89.0,2.9271004212305742,163.68
0,1.0,1,1,0,0,0,0,1,0,0,0,0,1.0,1.0,2.0,1.0,30.0,111,1,8,5.0,5.0,5.0,5.0,5.0,5.0,5.0,1,1.0,1,130.0,2.0,2.915698965173077,252.0
0,1.0,1,1,0,0,0,1,0,0,0,0,0,1.0,1.0,1.0,4.0,365.0,54,0,0,-1.0,-1.0,-1.0,-1.0,-1.0,-1.0,-1.0,1,0.0,0,140.0,140.0,2.9676239407194673,286.75
0,1.0,1,1,0,0,0,1,0,0,0,0,0,1.0,1.0,1.0,3.0,7.0,14,1,8,5.0,5.0,5.0,5.0,5.0,5.0,4.0,1,1.0,1,124.0,1.0,1.155365732299088,258.67
0,1.0,1,1,0,0,0,0,0,1,0,0,0,1.0,2.0,2.0,2.0,14.0,11,1,8,5.0,5.0,5.0,5.0,5.0,5.0,5.0,1,0.59,1,156.0,2.0,2.435248575269311,277.6
0,1.0,1,1,0,0,0,1,0,0,0,0,0,1.0,1.0,1.0,2.0,30.0,39,1,8,5.0,5.0,5.0,5.0,5.0,5.0,5.0,1,1.0,1,98.0,1.0,2.7837963681348565,285.5
0,9.0,1,1,0,1,0,1,0,0,0,0,0,1.0,1.0,2.0,1.0,1000.0,201,5,39,4.2,4.6,4.4,4.6,4.8,4.6,4.2,5,3.06,1,33.0,32.0,6.587635603369336,73.0
0,1.0,1,1,0,0,0,0,0,1,0,0,0,1.0,3.0,3.0,5.0,365.0,31,0,0,-1.0,-1.0,-1.0,-1.0,-1.0,-1.0,-1.0,1,0.0,0,128.0,122.0,2.2541449137330636,564.07
1,8.0,1,1,0,1,0,1,0,0,0,0,0,1.0,1.0,1.0,1.0,365.0,8,7,55,4.71,4.86,4.71,4.71,5.0,5.0,4.57,3,3.04,1,91.0,88.0,0.9019931741806363,198.5
0,1.0,1,1,0,0,0,0,0,1,0,0,0,1.0,3.0,3.0,2.0,7.0,350,0,0,-1.0,-1.0,-1.0,-1.0,-1.0,-1.0,-1.0,1,0.0,0,2.0,2.0,1.4598638692224413,713.24
0,1.0,1,1,0,0,0,1,0,0,0,0,0,1.0,1.0,1.0,1.0,14.0,38,2,16,5.0,5.0,5.0,5.0,5.0,5.0,4.5,1,1.15,1,118.0,2.0,2.2987499274640606,262.47
0,1.0,1,1,0,0,0,0,1,0,0,0,0,1.5,2.0,2.0,3.0,365.0,124,5,39,5.0,4.8,5.0,5.0,5.0,5.0,4.6,1,2.24,1,47.0,47.0,3.036266436661295,258.67
0,1.0,0,1,0,0,0,0,0,1,0,0,0,1.0,2.0,4.0,1.0,365.0,112,14,109,4.93,4.86,4.93,4.93,4.93,4.93,4.93,1,6.36,1,2.0,2.0,1.6261359436250018,306.98
0,1.0,1,1,0,0,0,0,0,0,0,1,0,1.5,3.0,3.0,1.0,365.0,289,5,39,4.6,4.8,4.8,4.8,4.8,4.8,4.6,1,2.94,1,2.0,2.0,0.36980341781160825,400.0
0,1.0,1,1,0,0,0,0,0,0,0,1,0,2.0,4.0,4.0,7.0,30.0,18,0,0,-1.0,-1.0,-1.0,-1.0,-1.0,-1.0,-1.0,1,0.0,0,2.0,2.0,3.829852202451142,419.88
0,1.0,1,1,0,0,0,0,0,1,0,0,0,1.0,1.0,1.0,2.0,30.0,65,4,31,5.0,5.0,5.0,5.0,5.0,5.0,5.0,1,4.0,1,181.0,125.0,2.3600638511221077,285.5
0,1.0,1,1,0,0,0,0,0,1,0,0,0,1.0,2.0,2.0,3.0,5.0,32,0,0,-1.0,-1.0,-1.0,-1.0,-1.0,-1.0,-1.0,1,0.0,0,144.0,52.0,4.574811233731691,215.33
0,1.0,1,1,0,0,0,1,0,0,0,0,0,1.0,1.0,1.0,1.0,4.0,364,0,0,-1.0,-1.0,-1.0,-1.0,-1.0,-1.0,-1.0,1,0.0,0,81.0,2.0,1.6102436105152962,366.0
0,1.0,0,1,0,0,0,0,0,1,0,0,0,2.5,4.0,4.0,1.0,15.0,212,0,0,-1.0,-1.0,-1.0,-1.0,-1.0,-1.0,-1.0,1,0.0,0,2.0,1.0,5.529186947662164,253.91
1,12.0,1,1,0,0,0,1,0,0,0,0,0,1.0,1.0,1.0,2.0,14.0,11,1,8,5.0,5.0,5.0,5.0,5.0,5.0,5.0,5,1.0,1,94.0,77.0,2.294441096658558,281.5
0,1.0,1,1,0,0,0,0,1,0,0,0,0,1.0,1.0,1.0,2.0,365.0,3,2,16,5.0,5.0,4.5,5.0,5.0,5.0,5.0,1,1.2,1,132.0,107.0,3.5983486581353232,226.0
0,1.0,1,1,0,0,0,0,0,1,0,0,0,1.0,2.0,2.0,3.0,21.0,17,1,8,5.0,5.0,5.0,5.0,5.0,5.0,5.0,1,1.0,1,125.0,2.0,4.544759016361495,319.67
0,2.0,1,1,0,1,0,1,0,0,0,0,0,1.0,1.0,1.0,2.0,1125.0,297,0,0,-1.0,-1.0,-1.0,-1.0,-1.0,-1.0,-1.0,2,0.0,0,2.0,2.0,0.9023770357562583,207.5
0,1.0,1,1,0,0,0,0,0,1,0,0,0,1.0,2.0,2.0,1.0,365.0,15,0,0,-1.0,-1.0,-1.0,-1.0,-1.0,-1.0,-1.0,1,0.0,0,133.0,93.0,2.350143561361966,279.0
0,2.0,1,1,0,1,0,1,0,0,0,0,0,1.0,1.0,1.0,2.0,1125.0,270,0,0,-1.0,-1.0,-1.0,-1.0,-1.0,-1.0,-1.0,2,0.0,0,2.0,2.0,0.8700274468584565,254.0
0,1.0,1,1,0,0,0,0,0,1,0,0,0,1.0,2.0,2.0,1.0,1125.0,179,3,23,5.0,4.67,5.0,5.0,5.0,5.0,5.0,1,3.0,1,90.0,2.0,1.8124224197768588,388.0
0,1.0,1,1,0,0,0,1,0,0,0,0,0,1.0,1.0,1.0,3.0,365.0,242,0,0,-1.0,-1.0,-1.0,-1.0,-1.0,-1.0,-1.0,1,0.0,0,146.0,48.0,1.8267925112182741,399.67
0,1.0,1,1,0,0,0,0,0,1,0,0,0,1.0,1.0,1.0,3.0,30.0,67,0,0,-1.0,-1.0,-1.0,-1.0,-1.0,-1.0,-1.0,1,0.0,0,61.0,2.0,1.814548579941526,254.0
0,1.0,1,1,0,0,0,0,0,1,0,0,0,2.0,4.0,4.0,1.0,365.0,81,0,0,-1.0,-1.0,-1.0,-1.0,-1.0,-1.0,-1.0,1,0.0,0,150.0,149.0,4.2197232631353385,274.33
0,1.0,1,1,0,0,0,1,0,0,0,0,0,1.0,1.0,1.0,1.0,365.0,166,3,23,5.0,5.0,5.0,5.0,5.0,5.0,5.0,1,2.0,1,71.0,70.0,2.1402916649401806,366.0
0,1.0,1,1,0,0,0,0,0,1,0,0,0,1.0,2.0,3.0,4.0,365.0,196,0,0,-1.0,-1.0,-1.0,-1.0,-1.0,-1.0,-1.0,1,0.0,0,138.0,2.0,1.3036516190805283,613.5
0,1.0,1,1,0,0,0,1,0,0,0,0,0,1.0,1.0,1.0,4.0,365.0,60,1,8,4.0,4.0,4.0,5.0,5.0,5.0,3.0,1,0.65,1,7.0,2.0,7.527684752552096,271.25
0,2.0,1,0,0,0,0,0,0,1,0,0,0,2.0,3.0,3.0,7.0,1125.0,263,0,0,-1.0,-1.0,-1.0,-1.0,-1.0,-1.0,-1.0,1,0.0,0,207.0,137.0,7.475839291457688,266.86
0,1.0,1,1,0,0,0,1,0,0,0,0,0,1.0,1.0,1.0,1.0,14.0,168,1,8,5.0,5.0,4.0,4.0,5.0,4.0,4.0,1,1.0,1,94.0,1.0,2.0059593024557514,194.0
0,1.0,1,1,0,0,0,1,0,0,0,0,0,1.0,1.0,1.0,2.0,365.0,14,2,16,5.0,5.0,5.0,5.0,5.0,5.0,5.0,1,2.0,1,108.0,2.0,2.809972205890093,239.8
0,1.0,1,1,0,0,0,0,0,0,1,0,0,1.0,2.0,3.0,5.0,365.0,183,0,0,-1.0,-1.0,-1.0,-1.0,-1.0,-1.0,-1.0,1,0.0,0,160.0,1.0,4.44719145321286,286.0
0,1.0,1,1,0,0,0,0,0,1,0,0,0,1.0,2.0,3.0,1.0,365.0,41,0,0,-1.0,-1.0,-1.0,-1.0,-1.0,-1.0,-1.0,1,0.0,0,48.0,2.0,4.509385802368981,281.67
0,1.0,1,1,0,0,0,1,0,0,0,0,0,1.5,1.0,1.0,2.0,13.0,63,0,0,-1.0,-1.0,-1.0,-1.0,-1.0,-1.0,-1.0,1,0.0,0,114.0,1.0,2.705808455720093,200.85
0,1.0,1,1,0,0,0,0,0,0,0,1,0,1.5,3.0,5.0,1.0,365.0,191,6,47,4.0,3.83,3.67,4.33,5.0,4.0,3.67,1,3.75,1,84.0,81.0,2.8857220311087715,318.0
0,1.0,1,1,0,0,0,1,0,0,0,0,0,1.5,1.0,1.0,1.0,365.0,365,0,0,-1.0,-1.0,-1.0,-1.0,-1.0,-1.0,-1.0,1,0.0,0,147.0,106.0,1.1596566084887132,742.0
0,1.0,1,1,0,0,0,0,0,1,0,0,0,1.5,2.0,2.0,5.0,365.0,333,0,0,-1.0,-1.0,-1.0,-1.0,-1.0,-1.0,-1.0,1,0.0,0,131.0,1.0,1.2134099238521638,341.4
0,1.0,1,1,0,0,0,0,0,1,0,0,0,2.0,3.0,3.0,1.0,30.0,19,0,0,-1.0,-1.0,-1.0,-1.0,-1.0,-1.0,-1.0,1,0.0,0,168.0,168.0,2.629974797417188,559.25
0,1.0,1,1,0,0,0,0,0,1,0,0,0,2.0,2.0,3.0,3.0,30.0,25,0,0,-1.0,-1.0,-1.0,-1.0,-1.0,-1.0,-1.0,1,0.0,0,150.0,1.0,3.403597316973886,351.0
0,1.0,1,1,0,0,0,0,0,1,0,0,0,1.0,2.0,2.0,1.0,365.0,11,2,16,5.0,5.0,5.0,5.0,5.0,5.0,5.0,1,2.0,1,142.0,1.0,1.0698621435168787,303.0
0,1.0,1,1,0,1,0,1,0,0,0,0,0,1.0,1.0,1.0,2.0,365.0,66,3,23,5.0,5.0,4.67,5.0,5.0,4.33,4.33,1,2.37,1,145.0,108.0,3.782758312892423,99.01
0,1.0,1,1,0,0,0,0,0,1,0,0,0,1.0,3.0,3.0,2.0,365.0,49,1,8,5.0,5.0,5.0,4.0,5.0,5.0,5.0,1,0.68,1,140.0,1.0,1.8396500683914518,436.5
0,1.0,1,1,0,1,0,0,0,1,0,0,0,1.5,2.0,3.0,2.0,365.0,191,0,0,-1.0,-1.0,-1.0,-1.0,-1.0,-1.0,-1.0,1,0.0,0,85.0,1.0,6.808489762462895,188.5
0,1.0,1,1,0,0,0,0,0,1,0,0,0,1.0,2.0,4.0,1.0,365.0,8,4,31,4.75,4.75,4.75,4.75,5.0,4.75,4.5,1,2.22,1,118.0,31.0,2.222245670352142,312.0
0,1.0,1,1,0,0,0,1,0,0,0,0,0,1.0,1.0,1.0,3.0,25.0,167,0,0,-1.0,-1.0,-1.0,-1.0,-1.0,-1.0,-1.0,1,0.0,0,125.0,1.0,1.8865160120566427,243.67
0,1.0,1,1,0,0,0,1,0,0,0,0,0,1.0,1.0,1.0,1.0,365.0,333,3,23,4.33,4.67,4.33,5.0,5.0,4.0,3.67,1,1.7,1,2.0,1.0,2.251041238685089,44.0
0,2.0,1,1,0,1,0,1,0,0,0,0,0,1.0,1.0,1.0,2.0,365.0,320,5,39,4.8,5.0,4.4,5.0,5.0,5.0,4.8,2,3.95,1,121.0,121.0,0.38802360031062144,171.5
0,1.0,1,1,0,0,0,1,0,0,0,0,0,1.0,1.0,1.0,7.0,30.0,90,0,0,-1.0,-1.0,-1.0,-1.0,-1.0,-1.0,-1.0,1,0.0,0,178.0,172.0,1.722013281166391,231.86
0,1.0,1,1,0,0,0,1,0,0,0,0,0,1.0,1.0,1.0,3.0,30.0,37,2,16,4.5,5.0,4.5,5.0,5.0,5.0,4.5,1,1.58,1,118.0,1.0,1.9672755305783114,213.33
0,1.0,1,1,0,0,0,0,0,1,0,0,0,2.0,3.0,4.0,6.0,30.0,51,0,0,-1.0,-1.0,-1.0,-1.0,-1.0,-1.0,-1.0,1,0.0,0,135.0,1.0,3.096041176952746,387.33
0,1.0,1,1,0,0,0,1,0,0,0,0,0,1.5,1.0,1.0,1.0,30.0,12,1,8,5.0,5.0,5.0,5.0,5.0,5.0,5.0,1,1.0,1,112.0,1.0,2.2291746548456355,203.67
0,1.0,1,1,0,0,0,0,0,1,0,0,0,1.0,1.0,1.0,4.0,365.0,362,0,0,-1.0,-1.0,-1.0,-1.0,-1.0,-1.0,-1.0,1,0.0,0,95.0,1.0,2.3341765433575508,390.0
0,1.0,1,1,0,0,0,0,0,0,1,0,0,1.0,2.0,2.0,6.0,365.0,53,0,0,-1.0,-1.0,-1.0,-1.0,-1.0,-1.0,-1.0,1,0.0,0,115.0,1.0,2.0429563170109066,341.83
0,1.0,1,1,0,0,0,1,0,0,0,0,0,1.0,1.0,1.0,2.0,14.0,193,2,16,5.0,5.0,5.0,5.0,5.0,5.0,4.5,1,2.0,1,22.0,1.0,2.060819591225403,371.0
0,1.0,1,1,0,0,0,1,0,0,0,0,0,1.0,1.0,1.0,1.0,9.0,17,2,16,4.5,4.5,4.5,4.5,5.0,4.5,4.0,1,2.0,1,140.0,1.0,2.0964251317528144,303.0
0,1.0,1,1,0,0,0,1,0,0,0,0,0,1.0,1.0,1.0,1.0,28.0,52,2,16,5.0,5.0,5.0,5.0,5.0,5.0,4.5,1,2.0,1,139.0,1.0,1.4324145481579922,242.5
0,1.0,1,1,0,0,0,0,1,0,0,0,0,1.0,2.0,2.0,1.0,365.0,167,0,0,-1.0,-1.0,-1.0,-1.0,-1.0,-1.0,-1.0,1,0.0,0,136.0,54.0,2.3123776781267837,283.0
0,1.0,1,1,0,0,0,0,1,0,0,0,0,1.0,2.0,2.0,3.0,30.0,168,0,0,-1.0,-1.0,-1.0,-1.0,-1.0,-1.0,-1.0,1,0.0,0,143.0,1.0,2.2994600216983616,412.0
0,1.0,1,1,0,0,0,0,0,1,0,0,0,1.5,2.0,2.0,3.0,7.0,51,0,0,-1.0,-1.0,-1.0,-1.0,-1.0,-1.0,-1.0,1,0.0,0,111.0,1.0,1.9405985728830857,390.0
0,1.0,1,1,0,0,0,1,0,0,0,0,0,1.0,1.0,1.0,1.0,365.0,203,0,0,-1.0,-1.0,-1.0,-1.0,-1.0,-1.0,-1.0,1,0.0,0,106.0,1.0,2.7098089285571567,200.0
0,2.0,1,1,0,0,0,1,0,0,0,0,0,1.0,1.0,1.0,2.0,14.0,100,1,8,5.0,5.0,5.0,5.0,5.0,5.0,5.0,1,0.68,1,145.0,106.0,2.526494141626631,239.75
0,1.0,1,1,0,0,0,1,0,0,0,0,0,1.0,1.0,1.0,2.0,25.0,331,1,8,5.0,5.0,5.0,5.0,5.0,5.0,5.0,1,0.63,1,105.0,1.0,1.6152493497826712,498.5
0,1.0,1,1,0,0,0,1,0,0,0,0,0,1.0,1.0,1.0,1.0,365.0,148,1,8,5.0,5.0,5.0,5.0,5.0,5.0,5.0,1,0.79,1,124.0,20.0,0.9675986059261817,254.75
0,1.0,1,1,0,0,0,0,0,1,0,0,0,1.0,1.0,3.0,1.0,1125.0,137,0,0,-1.0,-1.0,-1.0,-1.0,-1.0,-1.0,-1.0,1,0.0,0,4.0,4.0,0.9803842578061893,617.0
0,1.0,1,1,0,0,0,1,0,0,0,0,0,1.0,1.0,1.0,2.0,365.0,53,1,8,5.0,5.0,5.0,5.0,5.0,5.0,5.0,1,1.0,1,101.0,1.0,2.16326451760523,313.83
0,1.0,1,1,0,0,0,1,0,0,0,0,0,1.0,1.0,1.0,4.0,365.0,365,0,0,-1.0,-1.0,-1.0,-1.0,-1.0,-1.0,-1.0,1,0.0,0,1.0,1.0,2.2978592787003094,266.0
0,1.0,1,1,0,0,0,0,0,1,0,0,0,2.0,3.0,3.0,3.0,30.0,18,0,0,-1.0,-1.0,-1.0,-1.0,-1.0,-1.0,-1.0,1,0.0,0,156.0,96.0,7.278431994211429,361.67
0,1.0,1,1,0,0,0,0,0,0,0,1,0,1.0,3.0,3.0,3.0,30.0,230,0,0,-1.0,-1.0,-1.0,-1.0,-1.0,-1.0,-1.0,1,0.0,0,59.0,1.0,2.6818136492217937,451.86
0,1.0,1,1,0,0,0,1,0,0,0,0,0,1.0,1.0,1.0,2.0,10.0,292,0,0,-1.0,-1.0,-1.0,-1.0,-1.0,-1.0,-1.0,1,0.0,0,95.0,1.0,2.659704529803358,217.0
0,3.0,1,1,0,1,0,0,0,1,0,0,0,2.0,2.0,2.0,1.0,365.0,126,0,0,-1.0,-1.0,-1.0,-1.0,-1.0,-1.0,-1.0,3,0.0,0,22.0,22.0,1.9810857581985473,286.0
0,2.0,1,1,0,1,0,1,0,0,0,0,0,1.0,1.0,1.0,1.0,365.0,362,0,0,-1.0,-1.0,-1.0,-1.0,-1.0,-1.0,-1.0,2,0.0,0,165.0,138.0,5.499416700142325,159.76
0,1.0,1,1,0,1,0,1,0,0,0,0,0,1.0,1.0,1.0,1.0,5.0,25,0,0,-1.0,-1.0,-1.0,-1.0,-1.0,-1.0,-1.0,1,0.0,0,138.0,70.0,1.9273614827304024,200.0
0,1.0,1,1,0,0,0,1,0,0,0,0,0,1.0,1.0,1.0,3.0,17.0,21,1,8,5.0,5.0,5.0,5.0,5.0,5.0,5.0,1,1.0,1,124.0,1.0,1.2405759053156222,235.84
0,1.0,1,1,0,0,0,0,0,1,0,0,0,1.5,2.0,2.0,3.0,30.0,10,0,0,-1.0,-1.0,-1.0,-1.0,-1.0,-1.0,-1.0,1,0.0,0,107.0,0.0,1.3754645649632233,443.33
0,1.0,1,1,0,0,0,0,0,0,0,1,0,2.0,3.0,3.0,1.0,365.0,33,0,0,-1.0,-1.0,-1.0,-1.0,-1.0,-1.0,-1.0,1,0.0,0,132.0,48.0,2.319717605976797,613.0
0,1.0,1,1,0,0,0,0,0,1,0,0,0,1.0,1.0,2.0,1.0,365.0,17,0,0,-1.0,-1.0,-1.0,-1.0,-1.0,-1.0,-1.0,1,0.0,0,134.0,1.0,2.7205534234235196,240.0
0,1.0,1,1,0,0,0,1,0,0,0,0,0,1.0,1.0,1.0,1.0,1125.0,269,0,0,-1.0,-1.0,-1.0,-1.0,-1.0,-1.0,-1.0,1,0.0,0,106.0,85.0,2.0233651470005327,335.51
0,1.0,1,1,0,0,0,0,0,1,0,0,0,1.0,2.0,2.0,1.0,365.0,313,0,0,-1.0,-1.0,-1.0,-1.0,-1.0,-1.0,-1.0,1,0.0,0,124.0,0.0,3.20123534625999,400.0
0,1.0,1,1,0,0,0,0,0,0,0,0,0,1.0,1.0,1.0,4.0,365.0,169,0,0,-1.0,-1.0,-1.0,-1.0,-1.0,-1.0,-1.0,1,0.0,0,58.0,46.0,4.274676246711409,85.25
0,1.0,0,1,0,0,0,1,0,0,0,0,0,1.0,1.0,2.0,1.0,365.0,365,0,0,-1.0,-1.0,-1.0,-1.0,-1.0,-1.0,-1.0,1,0.0,0,1.0,1.0,4.264614080614457,252.2
0,1.0,1,1,0,0,0,1,0,0,0,0,0,1.0,1.0,1.0,2.0,7.0,49,0,0,-1.0,-1.0,-1.0,-1.0,-1.0,-1.0,-1.0,1,0.0,0,127.0,1.0,4.404360017820267,314.0
0,4.0,1,1,0,1,0,1,0,0,0,0,0,1.0,1.0,1.0,2.0,365.0,295,1,8,3.0,2.0,1.0,1.0,3.0,5.0,2.0,3,1.0,1,40.0,40.0,2.3412223413989017,111.0
0,2.0,1,1,0,0,0,0,0,1,0,0,0,1.0,1.0,3.0,1.0,365.0,33,1,8,5.0,5.0,4.0,5.0,5.0,5.0,5.0,1,0.94,1,21.0,12.0,7.063288458670246,206.0
0,2.0,1,1,0,0,0,0,1,0,0,0,0,1.0,1.0,1.0,2.0,15.0,52,1,8,5.0,5.0,5.0,5.0,5.0,5.0,5.0,1,1.0,1,167.0,140.0,1.9986431373687892,426.8
0,1.0,1,1,0,0,0,1,0,0,0,0,0,1.5,1.0,1.0,5.0,15.0,362,0,0,-1.0,-1.0,-1.0,-1.0,-1.0,-1.0,-1.0,1,0.0,0,126.0,1.0,1.9700000565951976,356.2
0,2.0,1,1,0,0,0,0,0,1,0,0,0,2.0,2.0,2.0,3.0,365.0,59,0,0,-1.0,-1.0,-1.0,-1.0,-1.0,-1.0,-1.0,2,0.0,0,115.0,30.0,2.8572170737816442,444.3
0,3.0,1,1,0,0,0,0,1,0,0,0,0,1.0,2.0,2.0,2.0,365.0,42,1,8,5.0,5.0,5.0,5.0,5.0,5.0,5.0,3,1.0,1,3.0,1.0,1.950660682053518,413.5
0,1.0,1,1,0,0,0,1,0,0,0,0,0,1.0,1.0,1.0,2.0,365.0,5,2,16,5.0,5.0,5.0,5.0,5.0,5.0,5.0,1,2.0,1,28.0,1.0,1.5614719750108659,256.0
0,1.0,1,1,0,0,0,0,0,1,0,0,0,1.0,2.0,2.0,3.0,30.0,245,0,0,-1.0,-1.0,-1.0,-1.0,-1.0,-1.0,-1.0,1,0.0,0,91.0,89.0,2.1394207281373028,608.67
0,1.0,1,1,0,0,0,1,0,0,0,0,0,1.0,1.0,1.0,4.0,365.0,176,3,24,5.0,5.0,5.0,5.0,5.0,5.0,5.0,1,3.0,1,60.0,1.0,1.60519887940773,260.67
0,1.0,1,1,0,0,0,1,0,0,0,0,0,1.0,1.0,1.0,2.0,30.0,109,2,16,5.0,5.0,5.0,5.0,5.0,5.0,5.0,1,2.0,1,121.0,1.0,3.345810696778223,275.67
0,1.0,1,1,0,0,0,0,0,1,0,0,0,1.0,2.0,2.0,1.0,30.0,28,0,0,-1.0,-1.0,-1.0,-1.0,-1.0,-1.0,-1.0,1,0.0,0,109.0,1.0,2.218937195324197,462.5
0,1.0,1,1,0,0,0,0,0,1,0,0,0,2.0,2.0,2.0,2.0,365.0,15,0,0,-1.0,-1.0,-1.0,-1.0,-1.0,-1.0,-1.0,1,0.0,0,80.0,1.0,2.1088597913974985,411.0
0,1.0,1,1,0,0,0,1,0,0,0,0,0,1.0,1.0,1.0,1.0,7.0,17,1,8,5.0,5.0,5.0,5.0,5.0,5.0,5.0,1,1.0,1,81.0,79.0,1.728040985331342,274.0
0,1.0,1,1,0,0,0,0,1,0,0,0,0,1.0,1.0,2.0,2.0,17.0,40,0,0,-1.0,-1.0,-1.0,-1.0,-1.0,-1.0,-1.0,1,0.0,0,118.0,15.0,0.5539892271144383,277.5
0,1.0,1,1,0,0,0,0,0,1,0,0,0,1.5,2.0,2.0,1.0,31.0,68,1,8,5.0,5.0,5.0,5.0,5.0,5.0,5.0,1,1.0,1,131.0,1.0,2.691959466694897,499.5
0,1.0,1,1,0,0,0,1,0,0,0,0,0,1.0,1.0,1.0,2.0,7.0,17,1,8,5.0,5.0,4.0,5.0,5.0,4.0,4.0,1,1.0,1,128.0,1.0,1.3464757297220984,287.67
0,1.0,1,1,0,0,0,1,0,0,0,0,0,1.0,1.0,1.0,1.0,1125.0,45,0,0,-1.0,-1.0,-1.0,-1.0,-1.0,-1.0,-1.0,1,0.0,0,17.0,14.0,1.8251868657258061,347.0
0,3.0,1,1,0,1,0,1,0,0,0,0,0,1.5,1.0,1.0,1.0,365.0,55,2,16,5.0,5.0,4.5,5.0,5.0,5.0,5.0,3,2.0,1,174.0,172.0,1.748624552713276,67.5
0,1.0,1,1,0,0,0,0,0,1,0,0,0,0.5,2.0,2.0,2.0,30.0,21,1,8,5.0,5.0,5.0,5.0,5.0,5.0,5.0,1,1.0,1,162.0,142.0,2.3138457606585696,673.33
0,1.0,1,1,0,0,0,0,0,0,0,1,0,3.0,3.0,3.0,3.0,365.0,30,0,0,-1.0,-1.0,-1.0,-1.0,-1.0,-1.0,-1.0,1,0.0,0,162.0,129.0,2.4632966726231795,450.2
0,6.0,1,1,0,0,0,0,0,0,0,1,0,1.5,2.0,3.0,1.0,365.0,311,1,8,4.0,4.0,4.0,4.0,5.0,4.0,4.0,6,0.79,1,2.0,2.0,0.703772064766924,444.5
0,3.0,1,1,0,0,0,0,1,0,0,0,0,1.0,2.0,2.0,2.0,365.0,39,1,8,5.0,5.0,5.0,5.0,5.0,5.0,4.0,3,1.0,1,3.0,1.0,1.9278485207566545,463.47
0,3.0,1,1,0,0,0,1,0,0,0,0,0,1.0,1.0,1.0,2.0,365.0,46,0,0,-1.0,-1.0,-1.0,-1.0,-1.0,-1.0,-1.0,3,0.0,0,3.0,1.0,1.8866472623802866,386.0
0,1.0,1,1,0,0,0,0,0,1,0,0,0,1.0,3.0,3.0,1.0,14.0,172,0,0,-1.0,-1.0,-1.0,-1.0,-1.0,-1.0,-1.0,1,0.0,0,157.0,135.0,5.122061538479208,253.2
0,1.0,1,1,0,0,0,1,0,0,0,0,0,1.0,1.0,1.0,2.0,10.0,318,1,8,5.0,5.0,5.0,5.0,5.0,5.0,5.0,1,1.0,1,118.0,29.0,1.4320836694880272,302.67
0,1.0,1,1,0,0,0,1,0,0,0,0,0,1.0,1.0,1.0,1.0,15.0,26,0,0,-1.0,-1.0,-1.0,-1.0,-1.0,-1.0,-1.0,1,0.0,0,128.0,0.0,0.7665829133987869,219.0
0,1.0,1,1,0,0,0,1,0,0,0,0,0,1.0,1.0,1.0,1.0,365.0,265,3,23,5.0,5.0,5.0,4.67,5.0,4.67,4.67,1,2.37,1,153.0,153.0,4.0438479368775955,149.5
0,1.0,1,1,0,0,0,1,0,0,0,0,0,1.0,1.0,1.0,2.0,12.0,194,1,8,5.0,5.0,5.0,5.0,5.0,5.0,5.0,1,1.0,1,116.0,1.0,2.3815449616885975,547.77
0,1.0,1,1,0,1,0,1,0,0,0,0,0,1.0,1.0,1.0,2.0,14.0,361,4,31,5.0,5.0,5.0,5.0,5.0,5.0,4.5,1,4.0,1,12.0,12.0,3.6106379825006587,183.0
0,1.0,1,1,0,0,0,1,0,0,0,0,0,1.0,1.0,1.0,1.0,15.0,14,0,0,-1.0,-1.0,-1.0,-1.0,-1.0,-1.0,-1.0,1,0.0,0,119.0,0.0,1.3763653384984738,297.0
0,1.0,1,1,0,0,0,0,1,0,0,0,0,1.0,1.0,1.0,2.0,18.0,35,1,8,5.0,5.0,5.0,4.0,5.0,5.0,4.0,1,1.0,1,103.0,1.0,2.8873907363997358,327.0
0,1.0,1,1,0,0,0,1,0,0,0,0,0,1.0,1.0,1.0,2.0,365.0,227,2,16,5.0,5.0,4.5,5.0,5.0,4.5,4.5,1,2.0,1,142.0,1.0,2.5011248103626755,184.0
1,9.0,1,1,0,0,0,1,0,0,0,0,0,1.0,1.0,1.0,1.0,365.0,10,3,23,5.0,5.0,4.33,5.0,5.0,4.33,4.33,3,3.0,1,136.0,3.0,1.085324519402771,210.0
0,1.0,1,1,0,0,0,1,0,0,0,0,0,1.0,1.0,1.0,1.0,30.0,257,0,0,-1.0,-1.0,-1.0,-1.0,-1.0,-1.0,-1.0,1,0.0,0,1.0,1.0,1.3261869554969377,463.0
0,1.0,1,1,0,0,0,0,0,1,0,0,0,1.0,3.0,3.0,5.0,30.0,203,0,0,-1.0,-1.0,-1.0,-1.0,-1.0,-1.0,-1.0,1,0.0,0,134.0,25.0,3.377294744556482,536.4
0,1.0,1,1,0,0,0,0,0,1,0,0,0,2.0,4.0,6.0,3.0,14.0,101,0,0,-1.0,-1.0,-1.0,-1.0,-1.0,-1.0,-1.0,1,0.0,0,125.0,1.0,4.619056787181296,294.67
0,1.0,1,1,0,0,0,1,0,0,0,0,0,1.0,1.0,1.0,1.0,365.0,177,1,8,5.0,5.0,4.0,5.0,5.0,4.0,5.0,1,1.0,1,81.0,1.0,3.324949373370874,229.0
0,1.0,1,1,0,0,0,1,0,0,0,0,0,1.0,1.0,1.0,1.0,365.0,342,0,0,-1.0,-1.0,-1.0,-1.0,-1.0,-1.0,-1.0,1,0.0,0,128.0,3.0,1.3446284655182432,400.0
0,1.0,1,1,0,0,0,0,1,0,0,0,0,1.0,2.0,2.0,3.0,10.0,16,2,16,5.0,5.0,4.5,5.0,5.0,5.0,5.0,1,2.0,1,117.0,109.0,1.4940356443423262,287.75
0,1.0,1,1,0,0,0,1,0,0,0,0,0,1.0,1.0,1.0,4.0,14.0,47,1,8,5.0,5.0,5.0,5.0,5.0,5.0,4.0,1,1.0,1,84.0,1.0,2.684888524970366,404.5
0,1.0,1,1,0,1,0,0,0,1,0,0,0,1.0,2.0,2.0,2.0,1125.0,166,2,16,5.0,5.0,5.0,5.0,5.0,4.5,5.0,1,2.0,1,162.0,149.0,1.8931043742490916,226.0
0,1.0,0,1,0,0,0,1,0,0,0,0,0,1.0,1.0,1.0,3.0,365.0,36,0,0,-1.0,-1.0,-1.0,-1.0,-1.0,-1.0,-1.0,1,0.0,0,1.0,1.0,4.139301709220498,251.33
0,1.0,1,1,0,0,0,1,0,0,0,0,0,1.5,1.0,1.0,2.0,365.0,6,1,8,5.0,5.0,5.0,5.0,5.0,5.0,5.0,1,1.0,1,147.0,48.0,2.250523153695333,231.0
0,1.0,1,1,0,0,0,1,0,0,0,0,0,1.0,1.0,1.0,1.0,365.0,180,0,0,-1.0,-1.0,-1.0,-1.0,-1.0,-1.0,-1.0,1,0.0,0,99.0,1.0,2.9566574158754837,314.0
0,1.0,1,1,0,0,0,0,0,1,0,0,0,1.0,2.0,2.0,2.0,365.0,191,0,0,-1.0,-1.0,-1.0,-1.0,-1.0,-1.0,-1.0,1,0.0,0,124.0,1.0,2.181929385837068,345.0
0,1.0,1,1,0,0,0,1,0,0,0,0,0,1.0,1.0,1.0,1.0,365.0,65,2,16,5.0,4.5,5.0,5.0,5.0,5.0,5.0,1,2.0,1,146.0,104.0,2.402562966777898,278.0
0,1.0,1,1,0,0,0,1,0,0,0,0,0,1.0,1.0,1.0,3.0,30.0,17,2,16,5.0,5.0,5.0,5.0,5.0,5.0,5.0,1,2.0,1,107.0,1.0,4.801430274086517,160.0
0,1.0,1,1,0,0,0,0,0,1,0,0,0,1.0,2.0,2.0,2.0,14.0,83,0,0,-1.0,-1.0,-1.0,-1.0,-1.0,-1.0,-1.0,1,0.0,0,153.0,132.0,3.4475748457247035,473.82
0,1.0,0,1,0,0,0,1,0,0,0,0,0,1.0,1.0,1.0,3.0,365.0,52,0,0,-1.0,-1.0,-1.0,-1.0,-1.0,-1.0,-1.0,1,0.0,0,27.0,1.0,1.9723442983035748,456.67
0,1.0,1,1,0,0,0,0,1,0,0,0,0,1.0,2.0,1.0,4.0,365.0,8,0,0,-1.0,-1.0,-1.0,-1.0,-1.0,-1.0,-1.0,1,0.0,0,129.0,30.0,4.231347059536588,189.75
0,1.0,1,1,0,0,0,1,0,0,0,0,0,1.0,1.0,1.0,1.0,14.0,7,1,8,5.0,5.0,5.0,5.0,5.0,5.0,5.0,1,1.0,1,125.0,55.0,1.0599515980112713,247.75
0,1.0,1,1,0,0,0,0,0,1,0,0,0,2.0,2.0,2.0,3.0,30.0,159,2,16,5.0,5.0,5.0,5.0,5.0,5.0,5.0,1,2.0,1,7.0,1.0,0.6216741044212784,513.67
0,2.0,1,1,0,0,0,0,0,0,1,0,0,1.0,2.0,3.0,1.0,365.0,336,0,0,-1.0,-1.0,-1.0,-1.0,-1.0,-1.0,-1.0,2,0.0,0,1.0,0.0,1.164024766933119,548.0
0,2.0,1,1,0,0,0,0,1,0,0,0,0,1.0,1.0,2.0,1.0,365.0,364,0,0,-1.0,-1.0,-1.0,-1.0,-1.0,-1.0,-1.0,2,0.0,0,1.0,0.0,1.218162061754872,269.0
1,23.0,1,1,0,0,0,0,0,0,1,0,0,2.5,3.0,3.0,3.0,30.0,14,0,0,-1.0,-1.0,-1.0,-1.0,-1.0,-1.0,-1.0,21,0.0,0,69.0,69.0,4.640559691548792,361.67
0,1.0,1,1,0,0,0,1,0,0,0,0,0,1.5,1.0,1.0,1.0,30.0,27,0,0,-1.0,-1.0,-1.0,-1.0,-1.0,-1.0,-1.0,1,0.0,0,25.0,1.0,1.6931365291405176,282.5
0,1.0,1,1,0,0,0,0,0,1,0,0,0,2.0,6.0,6.0,5.0,365.0,26,0,0,-1.0,-1.0,-1.0,-1.0,-1.0,-1.0,-1.0,1,0.0,0,174.0,174.0,5.181953541372242,365.2
0,1.0,1,1,0,0,0,0,1,0,0,0,0,1.0,2.0,2.0,1.0,365.0,364,1,8,5.0,5.0,5.0,5.0,5.0,5.0,5.0,1,1.0,1,82.0,0.0,2.371913144512565,371.0
0,1.0,1,1,0,0,0,1,0,0,0,0,0,2.0,1.0,1.0,1.0,365.0,203,1,8,5.0,5.0,5.0,5.0,5.0,5.0,5.0,1,1.0,1,116.0,1.0,1.4680258679645026,280.0
0,1.0,1,1,0,0,0,1,0,0,0,0,0,1.0,1.0,1.0,2.0,30.0,32,0,0,-1.0,-1.0,-1.0,-1.0,-1.0,-1.0,-1.0,1,0.0,0,107.0,1.0,1.4110567649245414,305.0
0,1.0,1,1,0,0,0,1,0,0,0,0,0,1.0,1.0,1.0,5.0,14.0,16,0,0,-1.0,-1.0,-1.0,-1.0,-1.0,-1.0,-1.0,1,0.0,0,106.0,0.0,2.045336458904374,216.6
0,1.0,1,1,0,0,0,0,1,0,0,0,0,1.0,1.0,1.0,3.0,30.0,14,1,8,5.0,5.0,5.0,5.0,5.0,5.0,5.0,1,1.0,1,44.0,19.0,1.1487953446558747,221.25
0,4.0,1,1,0,0,0,1,0,0,0,0,0,1.0,1.0,1.0,2.0,365.0,221,0,0,-1.0,-1.0,-1.0,-1.0,-1.0,-1.0,-1.0,2,0.0,0,143.0,74.0,1.2401709201516242,251.33
1,2.0,1,1,0,0,0,0,1,0,0,0,0,1.0,1.0,1.0,2.0,14.0,100,2,16,5.0,5.0,5.0,5.0,5.0,5.0,5.0,1,2.0,1,96.0,52.0,2.561787324863191,363.33
0,1.0,1,1,0,0,0,0,0,0,0,1,0,2.0,3.0,4.0,3.0,15.0,167,0,0,-1.0,-1.0,-1.0,-1.0,-1.0,-1.0,-1.0,1,0.0,0,147.0,146.0,0.8333711427897332,408.57
0,1.0,1,1,0,0,0,0,0,1,0,0,0,1.0,2.0,2.0,4.0,14.0,150,0,0,-1.0,-1.0,-1.0,-1.0,-1.0,-1.0,-1.0,1,0.0,0,148.0,125.0,1.0018990104071652,479.5
0,1.0,1,1,0,0,0,1,0,0,0,0,0,1.5,1.0,1.0,3.0,30.0,8,0,0,-1.0,-1.0,-1.0,-1.0,-1.0,-1.0,-1.0,1,0.0,0,108.0,108.0,2.6127617611571883,213.67
0,1.0,1,1,0,0,0,0,0,1,0,0,0,1.0,3.0,3.0,4.0,21.0,49,0,0,-1.0,-1.0,-1.0,-1.0,-1.0,-1.0,-1.0,1,0.0,0,149.0,1.0,4.6575363823523075,257.0
0,2.0,1,1,0,0,0,0,0,1,0,0,0,1.0,2.0,2.0,1.0,365.0,76,0,0,-1.0,-1.0,-1.0,-1.0,-1.0,-1.0,-1.0,1,0.0,0,106.0,38.0,3.3845581432829728,310.4
0,3.0,1,1,0,0,0,1,0,0,0,0,0,1.5,1.0,1.0,2.0,30.0,284,1,8,5.0,5.0,5.0,5.0,5.0,5.0,5.0,2,1.0,1,138.0,23.0,1.723695338002422,354.0
0,1.0,1,1,0,0,0,1,0,0,0,0,0,1.0,1.0,1.0,2.0,30.0,270,3,23,5.0,5.0,4.67,5.0,5.0,5.0,5.0,1,3.0,1,109.0,1.0,1.7526471594820134,291.0
0,1.0,1,1,0,0,0,0,1,0,0,0,0,1.0,2.0,3.0,5.0,18.0,18,0,0,-1.0,-1.0,-1.0,-1.0,-1.0,-1.0,-1.0,1,0.0,0,146.0,142.0,2.650157238068631,396.6
0,1.0,1,1,0,0,0,1,0,0,0,0,0,1.0,2.0,2.0,2.0,30.0,43,0,0,-1.0,-1.0,-1.0,-1.0,-1.0,-1.0,-1.0,1,0.0,0,120.0,0.0,1.9213994479190732,283.77
0,1.0,1,1,0,0,0,0,0,1,0,0,0,1.0,4.0,4.0,1.0,7.0,29,0,0,-1.0,-1.0,-1.0,-1.0,-1.0,-1.0,-1.0,1,0.0,0,166.0,0.0,4.101250636876148,454.2
0,1.0,1,1,0,0,0,0,0,1,0,0,0,1.0,2.0,2.0,1.0,30.0,31,0,0,-1.0,-1.0,-1.0,-1.0,-1.0,-1.0,-1.0,1,0.0,0,176.0,0.0,3.163213263701189,628.0
0,1.0,1,1,0,0,0,0,0,1,0,0,0,1.5,3.0,2.0,3.0,30.0,12,0,0,-1.0,-1.0,-1.0,-1.0,-1.0,-1.0,-1.0,1,0.0,0,153.0,149.0,5.023303912769619,209.33
0,1.0,1,1,0,0,0,0,0,1,0,0,0,1.5,3.0,3.0,6.0,365.0,28,0,0,-1.0,-1.0,-1.0,-1.0,-1.0,-1.0,-1.0,1,0.0,0,158.0,0.0,2.6406291369829207,399.5
0,1.0,1,1,0,0,0,1,0,0,0,0,0,1.0,1.0,1.0,3.0,9.0,236,2,16,5.0,5.0,4.5,5.0,5.0,5.0,5.0,1,2.0,1,58.0,0.0,2.183487569062274,181.0
1,2.0,1,1,0,0,0,0,0,0,1,0,0,3.5,4.0,4.0,1.0,365.0,25,1,8,5.0,5.0,5.0,5.0,5.0,5.0,5.0,2,1.0,1,92.0,92.0,0.9320727873298573,714.0
0,1.0,0,1,0,0,0,1,0,0,0,0,0,1.0,1.0,1.0,1.0,365.0,307,0,0,-1.0,-1.0,-1.0,-1.0,-1.0,-1.0,-1.0,1,0.0,0,16.0,0.0,0.9993603233088706,320.0
1,48.0,1,1,0,0,0,0,0,1,0,0,0,1.0,2.0,3.0,4.0,1125.0,55,0,0,-1.0,-1.0,-1.0,-1.0,-1.0,-1.0,-1.0,14,0.0,0,95.0,95.0,1.1480271014834613,599.0
0,1.0,1,1,0,0,0,1,0,0,0,0,0,1.0,1.0,1.0,1.0,365.0,285,0,0,-1.0,-1.0,-1.0,-1.0,-1.0,-1.0,-1.0,1,0.0,0,95.0,0.0,2.016375483299773,287.58
0,1.0,1,1,0,0,0,1,0,0,0,0,0,1.0,1.0,2.0,1.0,30.0,122,0,0,-1.0,-1.0,-1.0,-1.0,-1.0,-1.0,-1.0,1,0.0,0,92.0,0.0,1.81554378180527,228.24
0,1.0,1,1,0,0,0,1,0,0,0,0,0,1.0,1.0,1.0,2.0,365.0,21,0,0,-1.0,-1.0,-1.0,-1.0,-1.0,-1.0,-1.0,1,0.0,0,97.0,0.0,2.19842713452782,149.0
0,1.0,1,1,0,0,0,1,0,0,0,0,0,1.0,1.0,1.0,1.0,365.0,364,0,0,-1.0,-1.0,-1.0,-1.0,-1.0,-1.0,-1.0,1,0.0,0,131.0,107.0,1.4269725596995326,485.0
0,1.0,1,1,0,0,0,0,1,0,0,0,0,0.5,2.0,3.0,1.0,365.0,363,1,8,5.0,5.0,5.0,5.0,5.0,5.0,5.0,1,1.0,1,140.0,0.0,1.9972003729593761,188.29
0,1.0,1,1,0,0,0,1,0,0,0,0,0,2.0,1.0,1.0,1.0,365.0,15,1,8,5.0,5.0,5.0,5.0,5.0,5.0,5.0,1,1.0,1,131.0,1.0,2.9130566030059515,252.0
0,1.0,1,1,0,0,0,0,0,1,0,0,0,2.0,2.0,3.0,2.0,30.0,53,1,8,5.0,5.0,5.0,5.0,5.0,5.0,5.0,1,1.0,1,115.0,0.0,1.630970694758646,466.0
0,1.0,1,1,0,0,0,0,1,0,0,0,0,1.5,1.0,1.0,1.0,9.0,3,0,0,-1.0,-1.0,-1.0,-1.0,-1.0,-1.0,-1.0,1,0.0,0,2.0,0.0,1.5922485551595322,263.0
0,2.0,1,1,0,0,0,1,0,0,0,0,0,1.0,1.0,1.0,3.0,14.0,8,0,0,-1.0,-1.0,-1.0,-1.0,-1.0,-1.0,-1.0,1,0.0,0,107.0,107.0,1.646585334826645,226.33
0,1.0,1,1,0,0,0,1,0,0,0,0,0,1.0,1.0,1.0,3.0,14.0,58,0,0,-1.0,-1.0,-1.0,-1.0,-1.0,-1.0,-1.0,1,0.0,0,132.0,118.0,1.3905274209187337,222.67
0,1.0,1,1,0,0,0,1,0,0,0,0,0,1.0,1.0,1.0,1.0,365.0,63,1,8,5.0,5.0,5.0,5.0,5.0,5.0,5.0,1,1.0,1,64.0,0.0,1.8809966867127232,326.0
0,1.0,1,1,0,0,0,0,0,1,0,0,0,1.5,4.0,3.0,3.0,30.0,94,0,0,-1.0,-1.0,-1.0,-1.0,-1.0,-1.0,-1.0,1,0.0,0,125.0,0.0,4.436792296272083,399.5
0,1.0,1,1,0,0,0,0,0,1,0,0,0,1.0,1.0,2.0,2.0,21.0,17,0,0,-1.0,-1.0,-1.0,-1.0,-1.0,-1.0,-1.0,1,0.0,0,147.0,0.0,1.743206044106888,364.5
0,1.0,1,1,0,0,0,1,0,0,0,0,0,1.0,1.0,2.0,1.0,365.0,238,1,8,5.0,5.0,5.0,5.0,5.0,5.0,5.0,1,1.0,1,0.0,0.0,1.0787758250839725,299.0
0,1.0,1,1,0,0,0,1,0,0,0,0,0,1.0,1.0,1.0,1.0,365.0,43,0,0,-1.0,-1.0,-1.0,-1.0,-1.0,-1.0,-1.0,1,0.0,0,131.0,95.0,0.9413296453007766,282.75
0,1.0,1,1,0,0,0,1,0,0,0,0,0,1.0,1.0,1.0,2.0,365.0,188,0,0,-1.0,-1.0,-1.0,-1.0,-1.0,-1.0,-1.0,1,0.0,0,123.0,0.0,1.9611105419166353,264.0
0,1.0,0,1,0,0,0,0,0,1,0,0,0,0.5,1.0,2.0,1.0,365.0,332,3,23,4.0,4.33,4.0,3.67,4.0,4.67,3.67,1,3.0,1,1.0,0.0,5.648359544644528,95.0
1,2.0,1,1,0,0,0,0,0,0,1,0,0,1.5,3.0,3.0,1.0,365.0,25,0,0,-1.0,-1.0,-1.0,-1.0,-1.0,-1.0,-1.0,2,0.0,0,92.0,92.0,0.4681328347908188,488.0
0,1.0,1,1,0,0,0,0,1,0,0,0,0,1.0,1.0,2.0,1.0,365.0,168,3,23,4.33,4.33,4.0,5.0,4.67,5.0,4.33,1,3.0,1,3.0,0.0,1.3571191587563207,224.0
1,2.0,1,1,0,0,0,0,0,0,1,0,0,2.5,3.0,3.0,1.0,365.0,26,0,0,-1.0,-1.0,-1.0,-1.0,-1.0,-1.0,-1.0,1,0.0,0,155.0,143.0,0.523539315844973,568.0
0,1.0,1,1,0,0,0,1,0,0,0,0,0,1.0,1.0,1.0,1.0,7.0,14,0,0,-1.0,-1.0,-1.0,-1.0,-1.0,-1.0,-1.0,1,0.0,0,111.0,0.0,7.670204061462841,200.0
1,6.0,1,1,0,0,0,0,0,0,0,1,0,0.5,3.0,3.0,1.0,365.0,9,0,0,-1.0,-1.0,-1.0,-1.0,-1.0,-1.0,-1.0,2,0.0,0,4.0,4.0,5.478886677426706,124.0
0,1.0,1,1,0,1,0,0,1,0,0,0,0,1.0,1.0,2.0,2.0,365.0,58,0,0,-1.0,-1.0,-1.0,-1.0,-1.0,-1.0,-1.0,1,0.0,0,123.0,97.0,4.4300068678493085,128.5
0,1.0,1,1,0,1,0,0,0,1,0,0,0,1.0,2.0,2.0,2.0,365.0,310,0,0,-1.0,-1.0,-1.0,-1.0,-1.0,-1.0,-1.0,1,0.0,0,121.0,121.0,1.2066642582043268,386.5
0,1.0,1,1,0,0,0,0,0,1,0,0,0,1.0,2.0,2.0,1.0,1125.0,250,0,0,-1.0,-1.0,-1.0,-1.0,-1.0,-1.0,-1.0,1,0.0,0,0.0,0.0,0.5236444146625434,646.67
0,1.0,1,1,0,0,0,0,0,1,0,0,0,1.0,3.0,3.0,3.0,14.0,36,0,0,-1.0,-1.0,-1.0,-1.0,-1.0,-1.0,-1.0,1,0.0,0,1.0,0.0,5.745786923568894,217.0
0,6.0,1,1,0,0,0,0,0,0,0,1,0,1.0,2.0,3.0,1.0,365.0,287,0,0,-1.0,-1.0,-1.0,-1.0,-1.0,-1.0,-1.0,6,0.0,0,2.0,2.0,1.0881588661087183,381.0
0,1.0,1,1,0,0,0,1,0,0,0,0,0,1.0,1.0,1.0,7.0,14.0,266,0,0,-1.0,-1.0,-1.0,-1.0,-1.0,-1.0,-1.0,1,0.0,0,158.0,158.0,3.480356668578968,132.34
0,1.0,1,1,0,0,0,1,0,0,0,0,0,1.5,1.0,1.0,3.0,30.0,26,0,0,-1.0,-1.0,-1.0,-1.0,-1.0,-1.0,-1.0,1,0.0,0,167.0,0.0,2.7194560779708556,249.92
0,1.0,1,1,0,0,0,0,0,1,0,0,0,1.0,3.0,3.0,6.0,14.0,303,0,0,-1.0,-1.0,-1.0,-1.0,-1.0,-1.0,-1.0,1,0.0,0,86.0,86.0,5.1099788444798575,285.33
1,3.0,1,1,0,1,0,1,0,0,0,0,0,1.0,1.0,1.0,1.0,10.0,27,1,8,5.0,5.0,5.0,5.0,5.0,5.0,5.0,3,1.0,1,167.0,167.0,0.8064362088799161,200.0
0,1.0,1,1,0,0,0,1,0,0,0,0,0,1.0,1.0,1.0,1.0,10.0,144,0,0,-1.0,-1.0,-1.0,-1.0,-1.0,-1.0,-1.0,1,0.0,0,87.0,0.0,1.6257353017015683,286.0
0,1.0,1,1,0,0,0,0,0,1,0,0,0,2.0,2.0,2.0,1.0,365.0,281,0,0,-1.0,-1.0,-1.0,-1.0,-1.0,-1.0,-1.0,1,0.0,0,124.0,35.0,2.502375799353486,600.0
1,12.0,1,1,0,0,0,0,0,1,0,0,0,2.0,3.0,3.0,3.0,16.0,14,0,0,-1.0,-1.0,-1.0,-1.0,-1.0,-1.0,-1.0,5,0.0,0,94.0,77.0,1.6736935501159456,473.21
0,1.0,1,1,0,0,0,0,1,0,0,0,0,1.0,2.0,2.0,5.0,365.0,30,0,0,-1.0,-1.0,-1.0,-1.0,-1.0,-1.0,-1.0,1,0.0,0,115.0,0.0,2.7422245967053422,246.6
0,1.0,1,1,0,0,0,0,0,1,0,0,0,1.0,2.0,4.0,3.0,30.0,20,0,0,-1.0,-1.0,-1.0,-1.0,-1.0,-1.0,-1.0,1,0.0,0,76.0,23.0,2.258269877328821,460.0
0,1.0,1,1,0,0,0,1,0,0,0,0,0,1.0,1.0,1.0,2.0,30.0,30,0,0,-1.0,-1.0,-1.0,-1.0,-1.0,-1.0,-1.0,1,0.0,0,113.0,113.0,2.0308099975746887,314.0
0,1.0,1,1,0,0,0,0,0,1,0,0,0,3.0,2.0,2.0,3.0,30.0,42,0,0,-1.0,-1.0,-1.0,-1.0,-1.0,-1.0,-1.0,1,0.0,0,119.0,24.0,4.685037769357191,390.67
0,1.0,1,1,0,1,0,0,0,0,0,0,0,1.0,1.0,1.0,2.0,365.0,352,0,0,-1.0,-1.0,-1.0,-1.0,-1.0,-1.0,-1.0,1,0.0,0,9.0,0.0,3.716366206587154,208.5
0,1.0,1,1,0,0,0,1,0,0,0,0,0,1.0,2.0,2.0,7.0,30.0,14,0,0,-1.0,-1.0,-1.0,-1.0,-1.0,-1.0,-1.0,1,0.0,0,158.0,151.0,2.5174971033591573,198.96
0,1.0,1,1,0,0,0,1,0,0,0,0,0,1.5,1.0,1.0,1.0,30.0,24,0,0,-1.0,-1.0,-1.0,-1.0,-1.0,-1.0,-1.0,1,0.0,0,112.0,0.0,0.9382728659579379,442.78
0,2.0,1,1,0,0,0,0,0,1,0,0,0,1.0,2.0,3.0,2.0,14.0,15,0,0,-1.0,-1.0,-1.0,-1.0,-1.0,-1.0,-1.0,1,0.0,0,152.0,0.0,3.569646029112264,328.5
0,1.0,1,1,0,0,0,0,1,0,0,0,0,1.0,1.0,2.0,3.0,365.0,364,0,0,-1.0,-1.0,-1.0,-1.0,-1.0,-1.0,-1.0,1,0.0,0,100.0,0.0,1.2721356540527098,362.0
0,1.0,1,1,0,0,0,0,0,1,0,0,0,1.5,3.0,3.0,4.0,7.0,12,0,0,-1.0,-1.0,-1.0,-1.0,-1.0,-1.0,-1.0,1,0.0,0,141.0,140.0,1.3699693398945203,580.75
0,1.0,1,1,0,0,0,1,0,0,0,0,0,1.0,1.0,1.0,4.0,30.0,81,0,0,-1.0,-1.0,-1.0,-1.0,-1.0,-1.0,-1.0,1,0.0,0,104.0,99.0,1.4846858953826125,369.5
0,1.0,1,1,0,0,0,1,0,0,0,0,0,1.0,1.0,1.0,3.0,365.0,121,0,0,-1.0,-1.0,-1.0,-1.0,-1.0,-1.0,-1.0,1,0.0,0,147.0,0.0,2.4465527810256478,285.33
0,1.0,0,1,0,1,0,1,0,0,0,0,0,2.0,1.0,1.0,1.0,365.0,11,0,0,-1.0,-1.0,-1.0,-1.0,-1.0,-1.0,-1.0,1,0.0,0,11.0,0.0,4.743137677367638,77.0
0,1.0,1,1,0,0,0,1,0,0,0,0,0,1.0,1.0,1.0,3.0,365.0,8,0,0,-1.0,-1.0,-1.0,-1.0,-1.0,-1.0,-1.0,1,0.0,0,158.0,114.0,6.664528829607919,163.67
0,1.0,1,1,0,0,0,0,0,1,0,0,0,1.5,3.0,2.0,3.0,30.0,40,0,0,-1.0,-1.0,-1.0,-1.0,-1.0,-1.0,-1.0,1,0.0,0,31.0,0.0,3.8163943720182565,295.67
0,1.0,1,1,0,0,0,1,0,0,0,0,0,1.0,1.0,1.0,1.0,4.0,16,0,0,-1.0,-1.0,-1.0,-1.0,-1.0,-1.0,-1.0,1,0.0,0,167.0,0.0,3.5352656313565043,227.1
0,2.0,1,1,0,0,0,1,0,0,0,0,0,1.0,1.0,1.0,3.0,365.0,73,0,0,-1.0,-1.0,-1.0,-1.0,-1.0,-1.0,-1.0,2,0.0,0,8.0,8.0,1.452481132143082,211.33
0,3.0,1,1,0,1,0,1,0,0,0,0,0,1.5,1.0,1.0,2.0,365.0,121,0,0,-1.0,-1.0,-1.0,-1.0,-1.0,-1.0,-1.0,3,0.0,0,0.0,0.0,4.91823098150102,99.28
0,3.0,1,1,0,1,0,1,0,0,0,0,0,1.5,1.0,1.0,2.0,365.0,165,0,0,-1.0,-1.0,-1.0,-1.0,-1.0,-1.0,-1.0,3,0.0,0,0.0,0.0,4.999660573931491,103.85
1,8.0,1,1,0,1,0,1,0,0,0,0,0,1.0,1.0,1.0,1.0,365.0,13,2,16,5.0,4.5,4.5,5.0,4.5,5.0,5.0,3,2.0,1,91.0,88.0,1.0142808102526149,134.0
0,1.0,1,1,0,0,0,1,0,0,0,0,0,1.0,1.0,1.0,3.0,365.0,10,0,0,-1.0,-1.0,-1.0,-1.0,-1.0,-1.0,-1.0,1,0.0,0,125.0,93.0,1.3009785677677173,204.33
0,1.0,1,1,0,0,0,1,0,0,0,0,0,1.0,1.0,1.0,5.0,1125.0,17,0,0,-1.0,-1.0,-1.0,-1.0,-1.0,-1.0,-1.0,1,0.0,0,46.0,46.0,10.888093917317553,269.4
1,2.0,1,1,0,1,0,1,0,0,0,0,0,1.0,1.0,1.0,2.0,45.0,66,0,0,-1.0,-1.0,-1.0,-1.0,-1.0,-1.0,-1.0,2,0.0,0,167.0,145.0,1.5163706673062662,251.5
0,1.0,1,1,0,0,0,1,0,0,0,0,0,1.0,1.0,1.0,5.0,25.0,14,0,0,-1.0,-1.0,-1.0,-1.0,-1.0,-1.0,-1.0,1,0.0,0,90.0,0.0,1.740957403190408,182.6
0,1.0,1,1,0,0,0,1,0,0,0,0,0,1.0,1.0,1.0,1.0,365.0,155,0,0,-1.0,-1.0,-1.0,-1.0,-1.0,-1.0,-1.0,1,0.0,0,63.0,0.0,2.365910272846789,420.0
0,2.0,1,1,0,0,0,0,0,1,0,0,0,1.0,2.0,2.0,5.0,30.0,80,0,0,-1.0,-1.0,-1.0,-1.0,-1.0,-1.0,-1.0,1,0.0,0,82.0,52.0,2.112554740359078,328.48
0,1.0,1,1,0,0,0,0,0,0,1,0,0,2.0,2.0,2.0,6.0,14.0,315,0,0,-1.0,-1.0,-1.0,-1.0,-1.0,-1.0,-1.0,1,0.0,0,152.0,152.0,9.069383461765275,217.83
0,1.0,0,1,0,0,0,0,0,1,0,0,0,1.0,3.0,2.0,2.0,14.0,264,0,0,-1.0,-1.0,-1.0,-1.0,-1.0,-1.0,-1.0,1,0.0,0,1.0,0.0,1.7255197083178373,532.0
0,1.0,1,1,0,0,0,0,0,1,0,0,0,1.0,2.0,2.0,3.0,14.0,207,0,0,-1.0,-1.0,-1.0,-1.0,-1.0,-1.0,-1.0,1,0.0,0,130.0,0.0,1.3931052627020586,493.0
0,1.0,1,1,0,0,0,0,0,1,0,0,0,1.5,2.0,2.0,2.0,30.0,25,0,0,-1.0,-1.0,-1.0,-1.0,-1.0,-1.0,-1.0,1,0.0,0,150.0,0.0,2.652400939123217,242.5
0,1.0,1,1,0,1,0,1,0,0,0,0,0,1.0,1.0,1.0,2.0,365.0,77,0,0,-1.0,-1.0,-1.0,-1.0,-1.0,-1.0,-1.0,1,0.0,0,130.0,0.0,2.3111885352419597,255.63
0,1.0,1,1,0,0,0,0,0,1,0,0,0,3.0,3.0,3.0,1.0,30.0,54,0,0,-1.0,-1.0,-1.0,-1.0,-1.0,-1.0,-1.0,1,0.0,0,32.0,0.0,3.714914202697217,457.0
0,1.0,1,1,0,0,0,1,0,0,0,0,0,1.0,1.0,1.0,2.0,5.0,25,0,0,-1.0,-1.0,-1.0,-1.0,-1.0,-1.0,-1.0,1,0.0,0,110.0,0.0,1.717702882976189,205.5
0,1.0,1,1,0,0,0,1,0,0,0,0,0,1.0,1.0,1.0,1.0,365.0,219,0,0,-1.0,-1.0,-1.0,-1.0,-1.0,-1.0,-1.0,1,0.0,0,78.0,78.0,4.202697442431579,201.99
0,1.0,1,1,0,0,0,1,0,0,0,0,0,1.0,1.0,1.0,3.0,365.0,365,0,0,-1.0,-1.0,-1.0,-1.0,-1.0,-1.0,-1.0,1,0.0,0,144.0,0.0,0.9933779214485051,331.0
0,1.0,1,1,0,0,0,0,1,0,0,0,0,1.0,2.0,2.0,7.0,20.0,19,0,0,-1.0,-1.0,-1.0,-1.0,-1.0,-1.0,-1.0,1,0.0,0,81.0,0.0,3.197177833727688,261.9
0,3.0,1,1,0,0,0,0,0,1,0,0,0,0.5,2.0,2.0,1.0,365.0,316,0,0,-1.0,-1.0,-1.0,-1.0,-1.0,-1.0,-1.0,3,0.0,0,0.0,0.0,5.481764231198288,296.71
0,3.0,1,1,0,0,0,0,0,0,0,1,0,0.5,3.0,3.0,1.0,365.0,326,0,0,-1.0,-1.0,-1.0,-1.0,-1.0,-1.0,-1.0,3,0.0,0,0.0,0.0,5.528089898669224,288.5
0,1.0,1,1,0,0,0,0,0,1,0,0,0,2.0,2.0,2.0,1.0,365.0,35,0,0,-1.0,-1.0,-1.0,-1.0,-1.0,-1.0,-1.0,1,0.0,0,121.0,0.0,0.9402342252138032,742.0
0,1.0,1,1,0,0,0,1,0,0,0,0,0,1.0,1.0,1.0,1.0,365.0,10,1,8,5.0,5.0,5.0,5.0,5.0,5.0,5.0,1,1.0,1,136.0,0.0,1.8356550118653976,263.0
0,1.0,1,1,0,0,0,1,0,0,0,0,0,1.0,1.0,1.0,2.0,14.0,351,0,0,-1.0,-1.0,-1.0,-1.0,-1.0,-1.0,-1.0,1,0.0,0,96.0,0.0,2.6404251613816982,292.5
0,7.0,0,1,0,1,0,1,0,0,0,0,0,1.0,1.0,1.0,1.0,365.0,19,0,0,-1.0,-1.0,-1.0,-1.0,-1.0,-1.0,-1.0,7,0.0,0,0.0,0.0,2.1651576721429477,119.14
0,1.0,1,1,0,0,0,0,0,1,0,0,0,2.0,4.0,4.0,4.0,365.0,22,0,0,-1.0,-1.0,-1.0,-1.0,-1.0,-1.0,-1.0,1,0.0,0,156.0,156.0,3.1591082039263467,650.5
0,7.0,0,1,0,1,0,1,0,0,0,0,0,1.5,1.0,1.0,1.0,365.0,14,0,0,-1.0,-1.0,-1.0,-1.0,-1.0,-1.0,-1.0,7,0.0,0,0.0,0.0,2.113005678032931,102.71
0,7.0,0,1,0,1,0,0,0,0,0,0,0,1.5,1.0,1.0,1.0,365.0,6,0,0,-1.0,-1.0,-1.0,-1.0,-1.0,-1.0,-1.0,7,0.0,0,0.0,0.0,2.2712379045093884,109.0
0,7.0,0,1,0,1,0,0,0,0,0,0,0,1.5,1.0,1.0,1.0,365.0,11,0,0,-1.0,-1.0,-1.0,-1.0,-1.0,-1.0,-1.0,7,0.0,0,0.0,0.0,1.8156645226144443,77.6
1,8.0,1,1,0,0,0,0,0,0,0,1,0,3.0,3.0,3.0,1.0,365.0,31,0,0,-1.0,-1.0,-1.0,-1.0,-1.0,-1.0,-1.0,3,0.0,0,91.0,88.0,1.0142808102526149,770.0
0,1.0,1,1,0,0,0,0,1,0,0,0,0,1.0,2.0,2.0,1.0,30.0,252,0,0,-1.0,-1.0,-1.0,-1.0,-1.0,-1.0,-1.0,1,0.0,0,120.0,0.0,1.1523005396447104,514.0
0,1.0,1,1,0,0,0,0,0,0,1,0,0,1.0,3.0,3.0,5.0,18.0,13,0,0,-1.0,-1.0,-1.0,-1.0,-1.0,-1.0,-1.0,1,0.0,0,21.0,0.0,4.468869124140704,207.24
0,1.0,1,1,0,0,0,1,0,0,0,0,0,1.0,1.0,1.0,6.0,365.0,23,0,0,-1.0,-1.0,-1.0,-1.0,-1.0,-1.0,-1.0,1,0.0,0,158.0,0.0,3.2952947234351395,195.67
0,1.0,1,1,0,1,0,0,0,0,0,0,0,1.0,1.0,1.0,2.0,365.0,344,0,0,-1.0,-1.0,-1.0,-1.0,-1.0,-1.0,-1.0,1,0.0,0,119.0,115.0,4.819909842285032,112.5
1,2.0,1,1,0,0,0,0,0,0,1,0,0,2.0,3.0,3.0,1.0,365.0,37,0,0,-1.0,-1.0,-1.0,-1.0,-1.0,-1.0,-1.0,2,0.0,0,44.0,43.0,0.5258548403695887,554.0
0,7.0,0,1,0,1,0,1,0,0,0,0,0,1.5,1.0,1.0,2.0,365.0,34,0,0,-1.0,-1.0,-1.0,-1.0,-1.0,-1.0,-1.0,7,0.0,0,0.0,0.0,1.9834497837892286,126.0
1,2.0,1,1,0,0,0,0,0,0,1,0,0,1.5,3.0,3.0,1.0,365.0,43,0,0,-1.0,-1.0,-1.0,-1.0,-1.0,-1.0,-1.0,2,0.0,0,44.0,43.0,0.6313187080282842,588.0
0,7.0,0,1,0,0,0,0,0,1,0,0,0,2.0,2.0,2.0,3.0,365.0,19,0,0,-1.0,-1.0,-1.0,-1.0,-1.0,-1.0,-1.0,7,0.0,0,0.0,0.0,1.7408947547616602,259.28
0,7.0,0,1,0,0,0,1,0,0,0,0,0,1.0,1.0,1.0,1.0,365.0,35,0,0,-1.0,-1.0,-1.0,-1.0,-1.0,-1.0,-1.0,7,0.0,0,0.0,0.0,1.6837860940128908,162.05
